"","Site","Quadrat","Bagged_Slice_Number","Slice_Number","Analysis","Rhizome_Removed","Slice_Height_cm","Shell_gDW","Rhizome_gDW","Frac_Shell","Shell_Density_g_per_ml","Frac_Rhizome","Rhizome_Density_g_per_ml","Frac_OLOI","Frac_ILOI","OLOI","ILOI","Sample_Weight_gDW","Sediment_Weight_gDW","Sample_Density_g_per_ml","Sediment_Densit_g_per_ml","Organic_Content_gDW","Inorganic_Content_gDW","Organic_Density_g_per_ml","Inorganic_Density_g_per_ml","Percent_Carbon","Factor"
"1","SJB02",2,15,NA,"LOI alysis ","Y",2,1.9218,0,0.0502799434880435,0.047413986709225,0,0,0.026,NA,2.565,NA,38.222,36.3,0.943,0.895,0.931,NA,0.023,NA,0.816021107,"Seagrass"
"2","SMAR01",10,1,14,"LOI alysis ","N",2,0,0,0,0,0,0,0.009,0.027,0.888,2.712,47.15,47.15,1.163,1.163,0.419,1.279,0.01,0.032,0.145257167,"Seagrass"
"3","SMAR01",10,5,10,"LOI alysis ","N",2,0,0,0,0,0,0,0.025,0.01,2.527,0.988,35,35.027,0.863,0.864,0.885,0.346,0.022,0.009,0.800942109,"Seagrass"
"4","SMAR01",10,8,7,"LOI alysis ","N",2,0,0,0,0,0,0,0.034,0.012,3.362,1.154,36.158,36.192,0.892,0.893,1.217,0.418,0.03,0.01,1.134885913,"Seagrass"
"5","SMAR01",10,9,6,"LOI alysis ","Y",2,0.2338,0,0.00640267280096396,0.00576880819366853,0,0,0.032,0.01,3.184,0.973,36.516,36.298,0.901,0.895,1.156,0.353,0.029,0.009,1.063783703,"Seagrass"
"6","SMAR01",10,10,5,"LOI alysis ","Y",2,0.1101,0.0227,0.00259559620915649,0.00271499363477769,0.000535150172096751,0.000559767080013202,0.014,0.006,1.41,0.598,42.418,42.319,1.046,1.044,0.597,0.253,0.015,0.006,0.353838506,"Seagrass"
"7","SMAR01",10,12,3,"LOI alysis ","Y",2,0.8854,0.0135,0.0258186801971248,0.0218426034467676,0.000393666345901496,0.000333041728632666,0.026,0.012,2.613,1.201,34.293,33.412,0.846,0.824,0.873,0.401,0.022,0.01,0.835234342,"Seagrass"
"8","SMAR01",10,13,2,"LOI alysis ","Y",2,0.3165,0.2328,0.00856192176594709,0.00780847265054374,0.00629767894822269,0.00574348320077909,0.022,0.007,2.199,0.697,36.966,36.452,0.912,0.899,0.801,0.254,0.02,0.006,0.669509419,"Seagrass"
"9","SMAR01",10,14,1,"LOI alysis ","Y",2,0.2812,0.0246,0.00696160225781695,0.00693375584878568,0.000609016413735053,0.000606580348080113,0.031,0.015,3.116,1.484,40.393,40.157,0.996,0.991,1.251,0.596,0.031,0.015,1.036342635,"Seagrass"
"10","SMAR23",3,1,16,"LOI alysis ","N",2,0.057,0.0114,0.00143518984792023,0.00140648605096183,0.000287037969584047,0.000281297210192366,0.015,0.054,1.537,5.366,39.716,45.816,0.98,1.13,0.704,2.459,0.017,0.061,0.404676734,"Seagrass"
"11","SMAR23",3,2,15,"LOI alysis ","N",2,0,0,0,0,0,0,0.051,0.052,5.113,5.204,37.074,37.089,0.915,0.915,1.896,1.93,0.047,0.048,1.835350743,"Seagrass"
"12","SMAR23",3,7,10,"LOI alysis ","N",2,0,0,0,0,0,0,0.042,0.044,4.16,4.39,45.184,45.197,1.115,1.115,1.88,1.984,0.046,0.049,1.453974464,"Seagrass"
"13","SMAR23",3,10,7,"LOI alysis ","N",2,0,0,0,0,0,0,0.06,0.039,6.026,3.925,40.537,40.537,1,1,2.443,1.591,0.06,0.039,2.200243782,"Seagrass"
"14","SMAR23",3,11,6,"LOI alysis ","Y",2,2.4524,0,0.0652424911543271,0.0604797893000612,0,0,0.046,0.043,4.617,4.327,37.589,35.141,0.927,0.867,1.622,1.521,0.04,0.038,1.63662756,"Seagrass"
"15","SMAR23",3,12,5,"LOI alysis ","Y",2,0.2783,0,0.00622748327328873,0.00686268656716418,0,0,0.064,0.036,6.371,3.585,44.689,44.399,1.102,1.095,2.829,1.592,0.07,0.039,2.338545478,"Seagrass"
"16","SMAR23",3,14,3,"LOI alysis ","Y",2,0,0.5206,0,0,0.0227019012733298,0.0128492761207047,0.056,0.044,5.637,4.371,22.932,22.198,0.566,0.548,1.251,0.97,0.031,0.024,2.044883908,"Seagrass"
"17","SMAR23",3,15,2,"LOI alysis ","Y",2,0.8304,0.3387,0.0436478318002628,0.0204708331143233,0.0178028909329829,0.00834955584756899,0.019,0.045,1.908,4.46,19.025,17.877,0.469,0.441,0.341,0.797,0.008,0.02,0.553193159,"Seagrass"
"18","SMAR23",3,16,1,"LOI alysis ","Y",2.6,0.1761,0.0506,0.00560453200089112,0.00334030107253111,0.00161038795709876,0.000959791222430858,0.084,0.05,8.382,5.02,31.421,31.196,0.596,0.592,2.615,1.566,0.05,0.03,3.142687739,"Seagrass"
"19","SMAR12",2,1,10,"LOI alysis ","N",2,0,0,0,0,0,0,0.018,0.008,1.849,0.802,49.098,49.098,1.211,1.211,0.908,0.394,0.022,0.01,0.529795918,"Seagrass"
"20","SMAR12",2,4,7,"LOI alysis ","N",2,0,0,0,0,0,0,0.015,0.01,1.53,0.953,51.149,51.149,1.262,1.262,0.782,0.487,0.019,0.012,0.401845033,"Seagrass"
"21","SMAR12",2,5,6,"LOI alysis ","Y",2,0,0,0,0,0,0,0.017,0.01,1.657,0.965,51.591,51.591,1.273,1.273,0.855,0.498,0.021,0.012,0.452684222,"Seagrass"
"22","SMAR12",2,6,5,"LOI alysis ","Y",2,0.7059,0.3375,0.0178971654581411,0.0174139419907713,0.00855686831296587,0.0083258328685158,0.029,0.014,2.932,1.422,39.442,38.391,0.973,0.947,1.126,0.546,0.028,0.013,0.962860454,"Seagrass"
"23","SMAR12",2,8,3,"LOI alysis ","Y",2,0.0503,0.1285,0.00134939371177165,0.00124144221482992,0.00344725828951604,0.00317147762635476,0.039,0.014,3.866,1.394,37.276,36.92,0.92,0.911,1.427,0.515,0.035,0.013,1.336396745,"Seagrass"
"24","SMAR12",2,9,2,"LOI alysis ","Y",2,0.0573,0.2537,0.00134264357850833,0.00141380368816927,0.00594465402910233,0.00625972069264475,0.024,0.015,2.417,1.481,42.677,42.376,1.053,1.045,1.024,0.628,0.025,0.015,0.756945115,"Seagrass"
"25","SMAR12",2,10,1,"LOI alysis ","Y",2,0.0736,0.3403,0.00234186076110475,0.00181494208985618,0.0108279241440753,0.00839164121165839,0.037,0.027,3.731,2.736,31.428,31.02,0.775,0.765,1.157,0.849,0.029,0.021,1.282498153,"Seagrass"
"26","SMARA",1,1,12,"LOI alysis ","N",2,9.5505,0,0.181696250214029,0.235660036527595,0,0,0.021,0.058,2.15,5.755,52.563,43.016,1.297,1.061,0.925,2.475,0.023,0.061,0.649972944,"Control"
"27","SMARA",1,3,10,"LOI alysis ","N",2,0.2953,0,0.00607138451416588,0.00728566141699905,0,0,0.042,0.013,4.239,1.259,48.638,48.35,1.2,1.193,2.049,0.609,0.051,0.015,1.485415538,"Control"
"28","SMARA",1,6,7,"LOI alysis ","N",2,0,0,0,0,0,0,0.006,0.004,0.589,0.45,62.258,62.258,1.536,1.536,0.367,0.28,0.009,0.007,0.025653562,"Control"
"29","SMARA",1,7,6,"LOI alysis ","Y",2,0,0,0,0,0,0,0.008,0.004,0.794,0.438,55.341,55.341,1.365,1.365,0.439,0.243,0.011,0.006,0.107554436,"Control"
"30","SMARA",1,8,5,"LOI alysis ","Y",2,0,0,0,0,0,0,0.004,0.004,0.438,0.44,63.706,63.706,1.572,1.572,0.279,0.28,0.007,0.007,0.01,"Control"
"31","SMARA",1,10,3,"LOI alysis ","Y",2,0,0,0,0,0,0,0.01,0.006,1.026,0.602,53.133,53.133,1.311,1.311,0.545,0.32,0.013,0.008,0.200340895,"Control"
"32","SMARA",1,11,2,"LOI alysis ","Y",2,0,0,0,0,0,0,0.016,0.007,1.556,0.714,53.739,53.739,1.326,1.326,0.836,0.384,0.021,0.009,0.412386556,"Control"
"33","SMARA",1,12,1,"LOI alysis ","Y",2.7,0,0,0,0,0,0,0.017,0.01,1.675,0.984,59.374,59.374,1.085,1.085,0.995,0.584,0.018,0.011,0.460003064,"Control"
"34","SMAR14",3,1,12,"LOI alysis ","N",2,0.0236,0,0.000497638326585695,0.000582236842105263,0,0,0.025,0.007,2.545,0.688,47.424,47.407,1.17,1.169,1.206,0.326,0.03,0.008,0.807965333,"Seagrass"
"35","SMAR14",3,3,10,"LOI alysis ","N",2,0,0,0,0,0,0,0.019,0.006,1.858,0.596,49.897,49.897,1.231,1.231,0.927,0.297,0.023,0.007,0.533369901,"Seagrass"
"36","SMAR14",3,6,7,"LOI alysis ","N",2,0,0,0,0,0,0,0.019,0.006,1.882,0.644,47.077,47.077,1.161,1.161,0.886,0.303,0.022,0.007,0.542750971,"Seagrass"
"37","SMAR14",3,7,6,"LOI alysis ","Y",2,0,0,0,0,0,0,0.024,0.008,2.371,0.752,44.384,44.384,1.095,1.095,1.052,0.334,0.026,0.008,0.738503893,"Seagrass"
"38","SMAR14",3,8,5,"LOI alysis ","Y",2,0,0.02,0,0,0.000394135267223711,0.000493457354564086,0.019,0.006,1.935,0.628,50.744,48.23,1.252,1.19,0.933,0.303,0.023,0.007,0.564149844,"Seagrass"
"39","SMAR14",3,10,3,"LOI alysis ","Y",2,0,0.1865,0,0,0.00544557346414389,0.00460150957720159,0.042,0.013,4.192,1.285,34.248,34.066,0.845,0.84,1.428,0.438,0.035,0.011,1.466667986,"Seagrass"
"40","SMAR14",3,11,2,"LOI alysis ","Y",2,0,0.0645,0,0,0.00181027224249228,0.00159122930115072,0.043,0.015,4.302,1.499,35.63,35.569,0.879,0.877,1.53,0.533,0.038,0.013,1.510669523,"Seagrass"
"41","SMAR14",3,12,1,"LOI alysis ","Y",3.2,0,0.2666,0,0,0.00434527496169769,0.00411063011376601,0.023,0.009,2.287,0.932,61.354,61.1,0.946,0.942,1.398,0.57,0.022,0.009,0.704929863,"Seagrass"
"42","SMAR03",1,1,22,"LOI alysis ","N",2,0,0,0,0,0,0,0.066,0.019,6.556,1.885,32.596,32.596,0.804,0.804,2.137,0.614,0.053,0.015,2.412300389,"Seagrass"
"43","SMAR03",1,3,20,"LOI alysis ","N",2,0,0,0,0,0,0,0.026,0.01,2.595,0.953,44.442,44.442,1.096,1.096,1.153,0.424,0.028,0.01,0.827817921,"Seagrass"
"44","SMAR03",1,8,15,"LOI alysis ","N",2,0,0,0,0,0,0,NA,0.008,NA,0.833,52.592,32.61,1.297,0.804,0,0.272,0,0.007,0.01,"Seagrass"
"45","SMAR03",1,9,14,"LOI alysis ","N",2,0,0,0,0,0,0,0.028,0.009,2.756,0.892,44.873,44.873,1.107,1.107,1.237,0.4,0.031,0.01,0.892460813,"Seagrass"
"46","SMAR03",1,13,10,"LOI alysis ","N",2,0,0,0,0,0,0,0.044,0.008,4.413,0.759,47.462,47.462,1.171,1.171,2.094,0.36,0.052,0.009,1.555150165,"Seagrass"
"47","SMAR03",1,16,7,"LOI alysis ","N",2,0,0,0,0,0,0,0.049,0.012,4.894,1.241,38.152,38.152,0.941,0.941,1.867,0.473,0.046,0.012,1.747746092,"Seagrass"
"48","SMAR03",1,17,6,"LOI alysis ","Y",2,0,0,0,0,0,0,0.05,0.015,4.999,1.483,30.854,30.854,0.761,0.761,1.542,0.457,0.038,0.011,1.789606729,"Seagrass"
"49","SMAR03",1,18,5,"LOI alysis ","Y",2,0.176,0,0.00526016916225829,0.00433963955886309,0,0,0.038,0.015,3.793,1.511,33.459,33.291,0.825,0.821,1.263,0.503,0.031,0.012,1.307104522,"Seagrass"
"50","SMAR03",1,20,3,"LOI alysis ","Y",2,0.271,0,0.00716097664094705,0.00668835218264454,0,0,0.041,0.018,4.127,1.783,37.844,37.573,0.934,0.927,1.55,0.67,0.038,0.017,1.440643062,"Seagrass"
"51","SMAR03",1,21,2,"LOI alysis ","Y",2,1.4507,0.0541,0.0351378191154386,0.0357702998595165,0.00131037155452211,0.00133395824250351,0.037,0.028,3.729,2.822,41.286,39.782,1.018,0.981,1.484,1.122,0.037,0.028,1.281682184,"Seagrass"
"52","SMAR03",1,22,1,"LOI alysis ","Y",2.2,0.1572,0,0.00386849099320799,0.00352419529481248,0,0,0.025,0.031,2.546,3.102,40.636,40.483,0.911,0.908,1.031,1.256,0.023,0.028,0.808503205,"Seagrass"
"53","SMARB",1,1,22,"LOI alysis ","N",2,0,0,0,0,0,0,0.028,0.012,2.763,1.182,40.047,40.047,0.988,0.988,1.107,0.473,0.027,0.012,0.895382702,"Control"
"54","SMARB",1,3,20,"LOI alysis ","N",2,0,0,0,0,0,0,0.025,0.011,2.54,1.063,46.712,46.712,1.152,1.152,1.187,0.496,0.029,0.012,0.806180638,"Control"
"55","SMARB",1,8,15,"LOI alysis ","N",2,0.0661,0,0.00175020520560277,0.00163119125162179,0,0,0.029,0.015,2.874,1.457,37.767,37.701,0.932,0.93,1.083,0.549,0.027,0.014,0.939487168,"Control"
"56","SMARB",1,13,10,"LOI alysis ","N",2,0,0,0,0,0,0,0.032,0.012,3.189,1.179,42.134,42.134,1.039,1.039,1.344,0.497,0.033,0.012,1.065524695,"Control"
"57","SMARB",1,16,5,"LOI alysis ","N",2,0.0444,0,0.00117987829183386,0.00109492705482182,0,0,0.042,0.01,4.211,0.973,37.631,37.586,0.928,0.927,1.583,0.366,0.039,0.009,1.474420618,"Control"
"58","SMARB",1,17,6,"LOI alysis ","Y",2,0,0,0,0,0,0,0.025,0.011,2.49,1.083,41.121,41.121,1.014,1.014,1.024,0.445,0.025,0.011,0.786057461,"Control"
"59","SMARB",1,18,5,"LOI alysis ","Y",2,0.1533,0,0.00467677476433082,0.00378351078434363,0,0,0.046,0.013,4.629,1.317,32.779,32.625,0.809,0.805,1.51,0.43,0.037,0.011,1.641629674,"Control"
"60","SMARB",1,20,3,"LOI alysis ","Y",2,0,0,0,0,0,0,0.045,0.019,4.465,1.939,27.413,27.413,0.676,0.676,1.224,0.532,0.03,0.013,1.575928823,"Control"
"61","SMARB",1,21,2,"LOI alysis ","Y",2,0.0251,0,0.00104478854478854,0.000619559607059607,0,0,0.049,0.021,4.927,2.076,24.024,23.999,0.593,0.592,1.182,0.498,0.029,0.012,1.76091125,"Control"
"62","SMARB",1,22,1,"LOI alysis ","Y",2.2,0.0874,0,0.00199534267841651,0.00195942651020501,0,0,0.029,0.016,2.868,1.607,43.802,43.714,0.982,0.98,1.254,0.703,0.028,0.016,0.937266481,"Control"
"63","SMARA",3,1,14,"LOI alysis ","N",2,7.3045,0,0.153863167207313,0.180173768799764,0,0,0.022,0.031,2.202,3.056,47.474,39.947,1.171,0.985,0.879,1.221,0.022,0.03,0.670626834,"Control"
"64","SMARA",3,5,10,"LOI alysis ","N",2,0,0,0,0,0,0,0.023,0.012,2.301,1.222,40.056,40.056,0.988,0.988,0.922,0.489,0.023,0.012,0.710459633,"Control"
"65","SMARA",3,8,7,"LOI alysis ","N",2,0,0,0,0,0,0,0.02,0.009,2.039,0.888,42.355,42.355,1.045,1.045,0.864,0.376,0.021,0.009,0.605535279,"Control"
"66","SMARA",3,9,6,"LOI alysis ","Y",2,0,0,0,0,0,0,0.012,0.007,1.191,0.698,53.443,53.443,1.318,1.318,0.637,0.373,0.016,0.009,0.266586681,"Control"
"67","SMARA",3,10,5,"LOI alysis ","Y",2,0,0,0,0,0,0,0.007,0.006,0.707,0.577,52.785,52.785,1.302,1.302,0.373,0.305,0.009,0.008,0.072829583,"Control"
"68","SMARA",3,12,3,"LOI alysis ","Y",2,0,0,0,0,0,0,0.039,0.015,3.887,1.529,29.17,29.17,0.72,0.72,1.134,0.446,0.028,0.011,1.344928481,"Control"
"69","SMARA",3,13,2,"LOI alysis ","Y",2,0,0,0,0,0,0,0.032,0.013,3.223,1.34,34.525,34.525,0.852,0.852,1.113,0.463,0.027,0.011,1.079300012,"Control"
"70","SMARA",3,14,1,"LOI alysis ","Y",2.5,0,0,0,0,0,0,0.025,0.013,2.498,1.268,47.969,47.969,0.947,0.947,1.198,0.608,0.024,0.012,0.789364474,"Control"
"71","SMARA",2,1,13,"LOI alysis ","N",2,9.9653,0,0.21691989551589,0.245770241619504,0,0,0.061,0.061,6.133,6.135,45.94,35.764,1.133,0.882,2.193,2.194,0.054,0.054,2.243167007,"Control"
"72","SMARA",2,4,10,"LOI alysis ","N",2,0,0,0,0,0,0,0.024,0.01,2.374,0.964,47.96,47.96,1.183,1.183,1.139,0.462,0.028,0.011,0.739671069,"Control"
"73","SMARA",2,7,7,"LOI alysis ","N",2,0,0,0,0,0,0,0.025,0.009,2.473,0.89,41.892,41.892,1.033,1.033,1.036,0.373,0.026,0.009,0.779186443,"Control"
"74","SMARA",2,8,6,"LOI alysis ","Y",2,0,0,0,0,0,0,0.021,0.008,2.088,0.756,50.183,50.183,1.238,1.238,1.048,0.379,0.026,0.009,0.62514465,"Control"
"75","SMARA",2,9,5,"LOI alysis ","Y",2,0.3617,0,0.00611920350538835,0.00892179871085621,0,0,0.025,0.005,2.452,0.512,59.109,58.736,1.458,1.449,1.44,0.301,0.036,0.007,0.770632877,"Control"
"76","SMARA",2,11,3,"LOI alysis ","Y",2,0.133,0,0.00394940016629053,0.00328195153818743,0,0,0.05,0.016,4.993,1.61,33.676,33.526,0.831,0.827,1.674,0.54,0.041,0.013,1.787234877,"Control"
"77","SMARA",2,12,2,"LOI alysis ","Y",2,0,0,0,0,0,0,0.034,0.012,3.354,1.164,31.454,31.454,0.776,0.776,1.055,0.366,0.026,0.009,1.131761423,"Control"
"78","SMARA",2,13,1,"LOI alysis ","Y",2.8,0,0,0,0,0,0,NA,0.008,NA,0.802,63.289,63.289,1.115,1.115,0,0.508,0,0.009,0.01,"Control"
"79","SMAR25",1,1,19,"LOI alysis ","N",2,0,0,0,0,0,0,0.022,0.023,2.19,2.293,41.225,41.225,1.017,1.017,0.903,0.945,0.022,0.023,0.666005925,"Seagrass"
"80","SMAR25",1,5,15,"LOI alysis ","N",2,0.1688,0,0.00410785554365813,0.00416536552126935,0,0,0.034,0.038,3.361,3.821,41.092,40.929,1.014,1.01,1.376,1.564,0.034,0.039,1.134349121,"Seagrass"
"81","SMAR25",1,10,10,"LOI alysis ","N",2,0.408,0,0.00902734755288079,0.0100654925214621,0,0,0.024,0.036,2.358,3.559,45.196,44.789,1.115,1.105,1.056,1.594,0.026,0.039,0.733133834,"Seagrass"
"82","SMAR25",1,13,7,"LOI alysis ","N",2,2.3608,0,0.0575033491657533,0.058250892704908,0,0,0.029,0.044,2.917,4.446,41.055,38.606,1.013,0.952,1.126,1.716,0.028,0.042,0.956683222,"Seagrass"
"83","SMAR25",1,14,6,"LOI alysis ","Y",2,0.1331,0,0.00342159383033419,0.00328473007712082,0,0,0.034,0.04,3.415,4.008,38.9,38.677,0.96,0.954,1.321,1.55,0.033,0.038,1.155970626,"Seagrass"
"84","SMAR25",1,15,5,"LOI alysis ","Y",2,0.2382,0.08,0.00580989780238542,0.00587380667821166,0.00195126710407571,0.00197273104222054,0.033,0.04,3.305,3.998,40.999,40.673,1.011,1.003,1.344,1.626,0.033,0.04,1.111981915,"Seagrass"
"85","SMAR25",1,17,3,"LOI alysis ","Y",2,0.2917,0.1186,0.00807585825027686,0.00719558970099668,0.00328349944629014,0.00292559800664452,0.038,0.037,3.811,3.701,36.12,35.689,0.891,0.88,1.36,1.321,0.034,0.033,1.314295272,"Seagrass"
"86","SMAR25",1,18,2,"LOI alysis ","Y",2,0.7,0.1266,0.0218197687104517,0.0172594370499673,0.00394626102677597,0.00312149247217979,0.052,0.046,5.231,4.597,32.081,31.229,0.791,0.77,1.634,1.436,0.04,0.035,1.882319228,"Seagrass"
"87","SMAR25",1,19,1,"LOI alysis ","Y",2.5,0.5754,0.0718,0.0107507193303688,0.0113527596128695,0.00134150442808565,0.00141662867605844,0.085,0.033,8.524,3.315,53.522,52.758,1.056,1.041,4.497,1.749,0.089,0.035,3.199721863,"Seagrass"
"88","SMAR01",8,1,18,"LOI alysis ","N",2,0,0,0,0,0,0,0.12,0.06,12.007,6.046,36.593,36.593,0.903,0.903,4.394,2.212,0.108,0.055,4.592675216,"Seagrass"
"89","SMAR01",8,4,15,"LOI alysis ","N",2,0,0,0,0,0,0,0.033,0.019,3.258,1.861,35.054,35.054,0.865,0.865,1.142,0.653,0.028,0.016,1.093205843,"Seagrass"
"90","SMAR01",8,9,10,"LOI alysis ","N",2,0,0,0,0,0,0,0.024,0.012,2.446,1.195,37.293,37.293,0.92,0.92,0.912,0.446,0.023,0.011,0.768365361,"Seagrass"
"91","SMAR01",8,12,7,"LOI alysis ","N",2,0.9602,0,0.0229476853954066,0.0236820113280596,0,0,0.024,0.028,2.427,2.783,41.843,40.834,1.032,1.007,0.991,1.136,0.024,0.028,0.760858077,"Seagrass"
"92","SMAR01",8,13,6,"LOI alysis ","Y",2,0,0,0,0,0,0,0.024,0.011,2.367,1.126,39.807,39.807,0.982,0.982,0.942,0.448,0.023,0.011,0.736718182,"Seagrass"
"93","SMAR01",8,14,5,"LOI alysis ","Y",2,0,0.0319,0,0,0.000819630010277492,0.000786844809866392,0.046,0.025,4.573,2.491,38.92,36.326,0.96,0.896,1.661,0.905,0.041,0.022,1.619214706,"Seagrass"
"94","SMAR01",8,16,3,"LOI alysis ","Y",2,0,0.0604,0,0,0.00219692285308988,0.00148951369439494,0.066,0.039,6.593,3.937,27.493,27.433,0.678,0.677,1.809,1.08,0.045,0.027,2.427157495,"Seagrass"
"95","SMAR01",8,17,2,"LOI alysis ","Y",2,0,0.0257,0,0,0.000746008708272859,0.00063410740203193,0.074,0.023,7.423,2.27,34.45,31.894,0.85,0.787,2.368,0.724,0.058,0.018,2.759372598,"Seagrass"
"96","SMAR01",8,18,1,"LOI alysis ","Y",2,0,0,0,0,0,0,0.07,0.023,6.985,2.257,20.034,20.034,0.494,0.494,1.399,0.452,0.035,0.011,2.584095784,"Seagrass"
"97","SMARB",3,1,19,"LOI alysis ","N",2,0,0,0,0,0,0,0.024,0.01,2.355,0.952,47.481,47.481,1.171,1.171,1.118,0.452,0.028,0.011,0.732182058,"Control"
"98","SMARB",3,5,15,"LOI alysis ","N",2,0,0,0,0,0,0,0.028,0.012,2.754,1.217,42.377,42.377,1.045,1.045,1.167,0.516,0.029,0.013,0.891547263,"Control"
"99","SMARB",3,10,10,"LOI alysis ","N",2,0,0,0,0,0,0,0.062,0.015,6.212,1.467,41.287,41.287,1.018,1.018,2.565,0.606,0.063,0.015,2.274611545,"Control"
"100","SMARB",3,13,7,"LOI alysis ","N",2,0.6011,0,0.0120068713421089,0.0148284861075045,0,0,0.05,0.015,4.993,1.468,50.063,49.444,1.235,1.22,2.469,0.726,0.061,0.018,1.78734097,"Control"
"101","SMARB",3,14,6,"LOI alysis ","Y",2,0.0872,0,0.00200907771352211,0.00215172223118218,0,0,0.051,0.012,5.075,1.153,43.403,43.316,1.071,1.069,2.198,0.499,0.054,0.012,1.819831146,"Control"
"102","SMARB",3,15,5,"LOI alysis ","Y",2,1.6415,0,0.0361611666740098,0.040500506674891,0,0,0.034,0.013,3.383,1.269,45.394,43.732,1.12,1.079,1.479,0.555,0.036,0.014,1.143049495,"Control"
"103","SMARB",3,17,3,"LOI alysis ","Y",2,0,0,0,0,0,0,0.035,0.014,3.452,1.439,35.624,35.624,0.879,0.879,1.23,0.513,0.03,0.013,1.170737364,"Control"
"104","SMARB",3,18,2,"LOI alysis ","Y",2,0,0,0,0,0,0,0.035,0.01,3.483,0.997,39.056,39.056,0.963,0.963,1.36,0.389,0.034,0.01,1.183036769,"Control"
"105","SMARB",3,19,1,"LOI alysis ","Y",3.1,0.0299,0.0026,0.000419808208022689,0.00047606250789773,3.65050615671904e-05,4.13967398171939e-05,0.023,0.009,2.315,0.914,71.223,71.191,1.134,1.133,1.648,0.651,0.026,0.01,0.715802187,"Control"
"106","SMAR12",1,1,19,"LOI alysis ","N",2,0,0,0,0,0,0,0.027,0.007,2.66,0.708,42.634,42.634,1.052,1.052,1.134,0.302,0.028,0.007,0.854013738,"Seagrass"
"107","SMAR12",1,5,15,"LOI alysis ","N",2,0,0,0,0,0,0,0.03,0.005,3.05,0.54,52.636,52.636,1.298,1.298,1.605,0.284,0.04,0.007,1.009962216,"Seagrass"
"108","SMAR12",1,10,10,"LOI alysis ","N",2,0,0,0,0,0,0,0.038,0.007,3.759,0.686,51.669,51.669,1.275,1.275,1.942,0.354,0.048,0.009,1.293679202,"Seagrass"
"109","SMAR12",1,13,7,"LOI alysis ","N",2,0,0,0,0,0,0,0.041,0.012,4.081,1.163,50.141,50.141,1.237,1.237,2.046,0.583,0.05,0.014,1.422292321,"Seagrass"
"110","SMAR12",1,14,6,"LOI alysis ","Y",2,0.1732,0,0.00357164951642505,0.00427169282164436,0,0,0.083,0.013,8.275,1.32,48.493,48.301,1.196,1.192,3.997,0.638,0.099,0.016,3.100092395,"Seagrass"
"111","SMAR12",1,15,5,"LOI alysis ","Y",2,0.3859,0.0306,0.00863214405547478,0.00952125489318868,0.000684487193826194,0.000754989374790292,0.037,0.015,3.653,1.46,44.705,44.277,1.103,1.092,1.617,0.647,0.04,0.016,1.251117298,"Seagrass"
"112","SMAR12",1,17,3,"LOI alysis ","Y",2,0.1282,0.2079,0.00253635374418835,0.00316283311900287,0.00411316648531012,0.00512911860718172,0.042,0.011,4.194,1.077,50.545,50.209,1.247,1.239,2.106,0.541,0.052,0.013,1.467674808,"Seagrass"
"113","SMAR12",1,18,2,"LOI alysis ","Y",2,0.2962,0.1179,0.00607477593880104,0.00730795545437765,0.00241801513566726,0.00290887220820772,0.033,0.011,3.329,1.14,48.759,48.327,1.203,1.192,1.609,0.551,0.04,0.014,1.121746177,"Seagrass"
"114","SMAR12",1,19,1,"LOI alysis ","Y",1.9,0.5068,0.0872,0.0118165496980578,0.0131636363636364,0.00203315535451981,0.00226493506493506,0.03,0.015,2.967,1.505,42.889,42.259,1.114,1.097,1.254,0.636,0.033,0.017,0.976886189,"Seagrass"
"115","SMAR12",3,1,20,"LOI alysis ","N",2,0,0,0,0,0,0,0.024,0.007,2.419,0.665,51.827,51.827,1.279,1.279,1.254,0.345,0.031,0.009,0.757516618,"Seagrass"
"116","SMAR12",3,6,15,"LOI alysis ","N",2,0,0,0,0,0,0,0.026,0.008,2.605,0.775,52.747,52.747,1.301,1.301,1.374,0.409,0.034,0.01,0.832011162,"Seagrass"
"117","SMAR12",3,11,10,"LOI alysis ","N",2,0,0,0,0,0,0,0.039,0.012,3.851,1.185,43.458,43.458,1.072,1.072,1.674,0.515,0.041,0.013,1.330487163,"Seagrass"
"118","SMAR12",3,14,7,"LOI alysis ","N",2,0,0,0,0,0,0,0.035,0.012,3.498,1.229,46.353,46.353,1.143,1.143,1.621,0.57,0.04,0.014,1.189062081,"Seagrass"
"119","SMAR12",3,15,6,"LOI alysis ","N",2,0,0.0569,0,0,0.00130531531738203,0.00140321396618568,0.029,0.013,2.896,1.307,43.591,43.51,1.075,1.073,1.26,0.569,0.031,0.014,0.94848288,"Seagrass"
"120","SMAR12",3,16,5,"LOI alysis ","N",2,0.08,0.1926,0.00183041230037066,0.00197318445979957,0.00440671761314236,0.00475044158696746,0.041,0.015,4.101,1.456,43.706,43.409,1.078,1.071,1.78,0.632,0.044,0.016,1.430406337,"Seagrass"
"121","SMAR12",3,18,3,"LOI alysis ","N",2,0.1673,0.0702,0.00442604301701103,0.00412507209185428,0.00185719198920606,0.00173090293394005,0.049,0.015,4.934,1.452,37.799,37.553,0.932,0.926,1.853,0.545,0.046,0.013,1.763444889,"Seagrass"
"122","SMAR12",3,19,2,"LOI alysis ","N",2,0.1793,0.2365,0.00486778519845795,0.00442481674539827,0.00642069826790465,0.00583641472552533,0.034,0.016,3.397,1.557,36.834,36.427,0.909,0.899,1.237,0.567,0.031,0.014,1.148788066,"Seagrass"
"123","SMAR12",3,20,1,"LOI alysis ","N",3.6,0.2592,0.0995,0.00321608040201005,0.00355376884422111,0.00123456790123457,0.0013641975308642,0.038,0.018,3.824,1.771,80.595,80.171,1.105,1.099,3.066,1.42,0.042,0.019,1.319589666,"Seagrass"
"124","SMAR04",1,1,15,"LOI alysis ","N",2,0.0532,0,0.00118156579677957,0.0013127196002221,0,0,0.023,0.009,2.33,0.935,45.025,44.975,1.111,1.109,1.048,0.42,0.026,0.01,0.722125776,"Seagrass"
"125","SMAR04",1,6,10,"LOI alysis ","N",2,0,0,0,0,0,0,0.026,0.009,2.615,0.879,47.4,47.4,1.169,1.169,1.24,0.417,0.031,0.01,0.836161263,"Seagrass"
"126","SMAR04",1,9,7,"LOI alysis ","N",2,0.5369,0,0.0120286770471603,0.0132435734289235,0,0,0.03,0.018,2.965,1.833,44.635,44.107,1.101,1.088,1.308,0.808,0.032,0.02,0.975814447,"Seagrass"
"127","SMAR04",1,10,6,"LOI alysis ","N",2,0.5031,0,0.0129725130215048,0.0124146949615801,0,0,0.031,0.02,3.116,2.027,38.782,35.803,0.957,0.883,1.116,0.726,0.028,0.018,1.03630268,"Seagrass"
"128","SMAR04",1,11,5,"LOI alysis ","N",2,0.3445,0.0506,0.0117208764289603,0.00849763541099619,0.00172155688622754,0.00124812874251497,0.048,0.024,4.759,2.421,29.392,29.053,0.725,0.717,1.383,0.704,0.034,0.017,1.693475582,"Seagrass"
"129","SMAR04",1,13,3,"LOI alysis ","N",2,1.7788,0.0327,0.0581155253528489,0.0438772216414009,0.00106834814427601,0.000806602848928385,0.041,0.028,4.117,2.774,30.608,28.852,0.755,0.712,1.188,0.8,0.029,0.02,1.436774379,"Seagrass"
"130","SMAR04",1,14,2,"LOI alysis ","N",2,0.4403,0.0295,0.0161134492223239,0.0108604647758463,0.00107959743824337,0.000727648673376029,0.047,0.033,4.701,3.293,27.325,26.9,0.674,0.664,1.265,0.886,0.031,0.022,1.670358163,"Seagrass"
"131","SMAR04",1,15,1,"LOI alysis ","N",2.7,0.2947,0.0447,0.0111367243594588,0.00539017458997808,0.00168921472299902,0.000817579925931524,0.053,0.045,5.26,4.519,26.462,26.123,0.484,0.477,1.374,1.181,0.025,0.022,1.893954903,"Seagrass"
"132","STCH06",3,1,11,"LOI alysis ","N",2,0,0,0,0,0,0,0.035,0.045,3.499,4.471,50.076,50.076,1.235,1.235,1.752,2.239,0.043,0.055,1.189655822,"Seagrass"
"133","STCH06",3,2,10,"LOI alysis ","N",2,0,0,0,0,0,0,0.027,0.048,2.669,4.776,41.626,41.626,1.027,1.027,1.111,1.988,0.027,0.049,0.857733015,"Seagrass"
"134","STCH06",3,5,7,"LOI alysis ","N",2,0.4939,0,0.0137419659998331,0.0121891238418519,0,0,0.045,0.092,4.515,9.247,35.941,35.46,0.887,0.875,1.601,3.279,0.039,0.081,1.595804655,"Seagrass"
"135","STCH06",3,6,6,"LOI alysis ","N",2,0.3083,0,0.00932152143677814,0.00760636149241096,0,0,0.049,0.102,4.878,10.233,33.074,32.783,0.816,0.809,1.599,3.355,0.039,0.083,1.741267986,"Seagrass"
"136","STCH06",3,7,5,"LOI alysis ","N",2,0.5013,0,0.0150211248614149,0.0123623857609445,0,0,0.052,0.105,5.17,10.544,33.373,32.788,0.823,0.809,1.695,3.457,0.042,0.085,1.858063633,"Seagrass"
"137","STCH06",3,9,3,"LOI alysis ","N",2,0.4495,0.0497,0.0171238095238095,0.0110962285714286,0.00189333333333333,0.00122688,0.06,0.115,5.962,11.457,26.25,25.725,0.648,0.635,1.534,2.947,0.038,0.073,2.174616034,"Seagrass"
"138","STCH06",3,10,2,"LOI alysis ","N",2,1.1386,0.1481,0.045118085275004,0.0281085671263275,0.00586860041210968,0.00365613805674433,0.058,0.119,5.775,11.857,25.236,23.961,0.623,0.591,1.384,2.841,0.034,0.07,2.100055515,"Seagrass"
"139","STCH06",3,11,1,"LOI alysis ","N",2.7,0.9482,0.0547,0.0271418348361242,0.0173164906254473,0.00156576499212824,0.000998958064977816,0.028,0.124,2.787,12.372,34.935,33.962,0.638,0.621,0.947,4.202,0.017,0.077,0.904961478,"Seagrass"
"140","STCH20",2,1,12,"LOI alysis ","N",2,2.0103,0,0.072438022484866,0.0496200454021332,0,0,0.094,0.148,9.413,14.842,27.752,25.733,0.685,0.635,2.422,3.819,0.06,0.094,3.555121683,"Seagrass"
"141","STCH20",2,3,10,"LOI alysis ","N",2,0,0,0,0,0,0,0.063,0.098,6.295,9.781,33.886,33.886,0.836,0.836,2.133,3.314,0.053,0.082,2.307829744,"Seagrass"
"142","STCH20",2,6,7,"LOI alysis ","N",2,1.3786,0,0.0378081891232208,0.0339895620217755,0,0,0.056,0.127,5.619,12.714,36.463,35.062,0.899,0.865,1.97,4.458,0.049,0.11,2.037789514,"Seagrass"
"143","STCH20",2,7,6,"LOI alysis ","N",2,0.3247,0,0.00987440318705714,0.00800814098470334,0,0,0.074,0.143,7.359,14.257,32.883,32.575,0.811,0.804,2.397,4.644,0.059,0.115,2.7335861,"Seagrass"
"144","STCH20",2,8,5,"LOI alysis ","N",2,0.7744,0.114,0.0230304832713755,0.0190922706319703,0.00339033457249071,0.0028105873605948,0.042,0.156,4.156,15.558,33.625,32.748,0.829,0.808,1.361,5.095,0.034,0.126,1.452269129,"Seagrass"
"145","STCH20",2,10,3,"LOI alysis ","N",2,2.0377,0.2124,0.068303556464318,0.0502714175577381,0.00711963262159354,0.00524004960949284,0.066,0.181,6.631,18.122,29.833,27.601,0.736,0.681,1.83,5.002,0.045,0.123,2.442549907,"Seagrass"
"146","STCH20",2,11,2,"LOI alysis ","N",2,2.9906,0.0363,0.0720192655027092,0.0737477278747742,0.000874172185430464,0.000895152317880795,0.046,0.183,4.641,18.273,41.525,38.525,1.024,0.95,1.788,7.04,0.044,0.174,1.646416668,"Seagrass"
"147","STCH20",2,12,1,"LOI alysis ","N",2.5,4.6152,0.0633,0.0831762394795177,0.0910779822300719,0.00114080775677186,0.00124918449366518,0.03,0.18,3.002,18.047,55.487,50.824,1.095,1.003,1.526,9.172,0.03,0.181,0.990976308,"Seagrass"
"148","STCH05",3,1,23,"LOI alysis ","N",2,0,0,0,0,0,0,0.029,0.029,2.94,2.923,39.594,39.594,0.977,0.977,1.164,1.157,0.029,0.029,0.965895765,"Seagrass"
"149","STCH05",3,4,20,"LOI alysis ","N",2,0,0,0,0,0,0,0.038,0.027,3.815,2.693,46.024,46.024,1.135,1.135,1.756,1.239,0.043,0.031,1.316045297,"Seagrass"
"150","STCH05",3,9,15,"LOI alysis ","N",2,0,0,0,0,0,0,0.041,0.039,4.11,3.863,47.753,47.753,1.178,1.178,1.962,1.845,0.048,0.046,1.433818268,"Seagrass"
"151","STCH05",3,14,10,"LOI alysis ","N",2,0,0,0,0,0,0,0.058,0.035,5.76,3.505,48.25,48.25,1.19,1.19,2.779,1.691,0.069,0.042,2.094115722,"Seagrass"
"152","STCH05",3,17,7,"LOI alysis ","N",2,0,0,0,0,0,0,0.035,0.026,3.546,2.601,41.114,41.114,1.014,1.014,1.458,1.069,0.036,0.026,1.208368504,"Seagrass"
"153","STCH05",3,18,6,"LOI alysis ","N",2,0,0,0,0,0,0,0.051,0.035,5.141,3.491,38.996,38.996,0.962,0.962,2.005,1.361,0.049,0.034,1.846329558,"Seagrass"
"154","STCH05",3,19,5,"LOI alysis ","N",2,0,0.01,0,0,0.000259598660470912,0.000246618727447366,0.05,0.039,4.992,3.853,38.521,38.513,0.95,0.95,1.923,1.484,0.047,0.037,1.786925936,"Seagrass"
"155","STCH05",3,21,3,"LOI alysis ","N",2,0,0,0,0,0,0,0.041,0.034,4.061,3.38,39.398,39.398,0.972,0.972,1.6,1.332,0.039,0.033,1.414378148,"Seagrass"
"156","STCH05",3,22,2,"LOI alysis ","N",2,0,0.3197,0,0,0.01033190059141,0.00788324015124584,0.041,0.035,4.057,3.533,30.943,30.614,0.763,0.755,1.242,1.082,0.031,0.027,1.412652661,"Seagrass"
"157","STCH05",3,23,1,"LOI alysis ","N",3,0.7081,0.0707,0.0127495993806154,0.0116403842345019,0.00127297934784566,0.00116223014458309,0.043,0.045,4.321,4.47,55.539,54.751,0.913,0.9,2.366,2.447,0.039,0.04,1.518244944,"Seagrass"
"158","SJB02",3,1,18,"LOI alysis ","N",2,0,0,0,0,0,0,0.045,0.008,4.538,0.789,45.691,45.691,1.127,1.127,2.073,0.36,0.051,0.009,1.605006806,"Seagrass"
"159","SJB02",3,4,15,"LOI alysis ","N",2,0,0,0,0,0,0,0.03,0.009,3.013,0.862,46.247,46.247,1.141,1.141,1.393,0.399,0.034,0.01,0.995001608,"Seagrass"
"160","SJB02",3,9,10,"LOI alysis ","N",2,0.3371,0,0.00715954464361567,0.0083193908758814,0,0,0.014,0.007,1.435,0.714,47.084,46.747,1.162,1.153,0.671,0.334,0.017,0.008,0.364060433,"Seagrass"
"161","SJB02",3,12,7,"LOI alysis ","N",2,0.3143,0,0.00757367647413191,0.00775544470951107,0,0,0.054,0.011,5.409,1.072,41.499,41.19,1.024,1.016,2.228,0.442,0.055,0.011,1.953794469,"Seagrass"
"162","SJB02",3,13,6,"LOI alysis ","N",2,0,0.1344,0,0,0.00331679869697194,0.00331679869697194,0.059,0.014,5.892,1.379,40.521,40.394,1,0.996,2.38,0.557,0.059,0.014,2.146734825,"Seagrass"
"163","SJB02",3,14,5,"LOI alysis ","N",2,0.0586,0.0198,0.00136717838644954,0.00144510755447716,0.000461947645933461,0.000488278661751668,0.042,0.012,4.198,1.204,42.862,42.779,1.057,1.055,1.796,0.515,0.044,0.013,1.469167235,"Seagrass"
"164","SJB02",3,16,3,"LOI alysis ","N",2,0.1679,0.2772,0.00428218011170905,0.00414086816802265,0.00706980540182101,0.00683650182356092,0.031,0.007,3.102,0.714,39.209,38.802,0.967,0.957,1.204,0.277,0.03,0.007,1.030707918,"Seagrass"
"165","SJB02",3,17,2,"LOI alysis ","N",2,0.3878,0.1555,0.00870189610681028,0.00956338382138449,0.0034892853135869,0.003834724559632,0.027,0.008,2.67,0.807,44.565,44.027,1.099,1.086,1.175,0.356,0.029,0.009,0.857963808,"Seagrass"
"166","SJB02",3,18,1,"LOI alysis ","N",1.9,1.5097,0.7875,0.0285614287335881,0.0392148416512165,0.0148984070528586,0.0204555128835749,0.026,0.01,2.6,1.026,52.858,50.553,1.373,1.313,1.314,0.519,0.034,0.013,0.829821884,"Seagrass"
"167","SJB24",1,1,14,"LOI alysis ","N",2,0,0,0,0,0,0,0.032,0.005,3.212,0.497,52.076,52.076,1.285,1.285,1.673,0.259,0.041,0.006,1.07468753,"Seagrass"
"168","SJB24",1,5,10,"LOI alysis ","N",2,0.9163,0,0.0224980357493616,0.0226105259281084,0,0,0.024,0.008,2.39,0.805,40.728,39.816,1.005,0.982,0.952,0.32,0.023,0.008,0.745965716,"Seagrass"
"169","SJB24",1,8,7,"LOI alysis ","N",2,0,0,0,0,0,0,0.042,0.008,4.177,0.763,47.276,47.276,1.166,1.166,1.975,0.361,0.049,0.009,1.460924471,"Seagrass"
"170","SJB24",1,9,6,"LOI alysis ","Y",2,0,0.2347,0,0,0.00566238027455427,0.00578695264059447,0.03,0.007,3.014,0.667,41.449,41.449,1.022,1.022,1.249,0.277,0.031,0.007,0.995627597,"Seagrass"
"171","SJB24",1,10,5,"LOI alysis ","Y",2,0,0.431,0,0,0.00980102330869812,0.0106341102899375,0.043,0.005,4.336,0.505,43.975,43.548,1.085,1.074,1.888,0.22,0.047,0.005,1.524544389,"Seagrass"
"172","SJB24",1,12,3,"LOI alysis ","Y",2,0.0898,0.6748,0.00228370886526626,0.00221519759930828,0.0171608768628249,0.0166460505569401,0.028,0.01,2.811,1.023,39.322,38.524,0.97,0.95,1.083,0.394,0.027,0.01,0.914229473,"Seagrass"
"173","SJB24",1,13,2,"LOI alysis ","Y",2,1.0468,1.5469,0.0285776685776686,0.0258342123942124,0.0422304122304122,0.0381762926562927,0.035,0.016,3.507,1.636,36.63,34.034,0.904,0.84,1.194,0.557,0.029,0.014,1.192847346,"Seagrass"
"174","SJB24",1,14,1,"LOI alysis ","Y",2.6,1.172,0.3472,0.0164198551354078,0.0222324838533421,0.00486431203328803,0.006586278493072,0.036,0.006,3.615,0.602,71.377,69.859,1.354,1.326,2.525,0.421,0.048,0.008,1.235903453,"Seagrass"
"175","SJBA",1,18,1,"LOI alysis ","Y",1.9,0,0,0,0,0,0,0.016,0.009,1.642,0.87,44.781,44.781,1.163,1.163,0.735,0.39,0.019,0.01,0.446949434,"Control"
"176","SJBA",1,17,2,"LOI alysis ","Y",2,0,0,0,0,0,0,0.026,0.005,2.611,0.53,59.954,59.954,1.479,1.479,1.565,0.318,0.039,0.008,0.83423098,"Control"
"177","SJBA",1,16,3,"LOI alysis ","Y",2,0,0,0,0,0,0,0.012,0.006,1.159,0.642,54.287,54.287,1.339,1.339,0.629,0.349,0.016,0.009,0.253478431,"Control"
"178","SJBA",1,14,5,"LOI alysis ","Y",2,0,0,0,0,0,0,0.005,0.005,0.465,0.465,59.761,59.761,1.474,1.474,0.278,0.278,0.007,0.007,0.01,"Control"
"179","SJBA",1,13,6,"LOI alysis ","Y",2,0,0,0,0,0,0,0.004,0.006,0.368,0.557,54.637,54.637,1.348,1.348,0.201,0.305,0.005,0.008,0.01,"Control"
"180","SJBA",1,12,7,"LOI alysis ","N",2,0,0,0,0,0,0,0.033,0.005,3.279,0.491,64.007,64.007,1.579,1.579,2.099,0.314,0.052,0.008,1.101550048,"Control"
"181","SJBA",1,9,10,"LOI alysis ","N",2,0,0,0,0,0,0,0.003,0.004,0.267,0.394,58.08,68.08,1.433,1.679,0.182,0.269,0.004,0.007,0.01,"Control"
"182","SJBA",1,4,15,"LOI alysis ","N",2,0,0,0,0,0,0,0.013,0.005,1.341,0.466,51.825,51.825,1.278,1.278,0.695,0.242,0.017,0.006,0.326523823,"Control"
"183","SJBA",1,1,18,"LOI alysis ","N",2,0,0,0,0,0,0,0.016,0.006,1.637,0.553,47.86,47.86,1.181,1.181,0.784,0.265,0.019,0.007,0.444978137,"Control"
"184","SJB06",1,17,1,"LOI alysis ","Y",2.7,0.1012,0.3127,0.00141214556820719,0.00184991069435142,0.00436341817369949,0.00571607780754633,0.012,0.004,1.16,0.378,71.664,71.252,1.31,1.302,0.826,0.269,0.015,0.005,0.253869608,"Seagrass"
"185","SJB06",1,16,2,"LOI alysis ","Y",2,0,0.2574,0,0,0.00547846075259663,0.00634953601225949,0.009,0.005,0.906,0.472,46.984,46.741,1.159,1.153,0.423,0.221,0.01,0.005,0.152322704,"Seagrass"
"186","SJB06",1,15,3,"LOI alysis ","Y",2,0,0.2453,0,0,0.00518254035324939,0.00605320713259528,0.009,0.004,0.93,0.389,47.332,47.091,1.168,1.162,0.438,0.183,0.011,0.005,0.162183724,"Seagrass"
"187","SJB06",1,13,5,"LOI alysis ","Y",2,0,0.0602,0,0,0.00109906159856866,0.00148483221966626,0.009,0.004,0.946,0.419,54.774,54.638,1.351,1.348,0.517,0.229,0.013,0.006,0.168519594,"Seagrass"
"188","SJB06",1,12,6,"LOI alysis ","Y",2,0.0052,0.0311,9.97353178104262e-05,0.000128259618704208,0.000596493919981587,0.000767091181096321,0.024,0.005,2.385,0.501,52.138,52.108,1.286,1.285,1.243,0.261,0.031,0.006,0.744198699,"Seagrass"
"189","SJB06",1,11,7,"LOI alysis ","N",2,0.0118,0,0.000206041557534486,0.000291136720796228,0,0,0.023,0.005,2.3,0.479,57.27,57.203,1.413,1.411,1.316,0.274,0.032,0.007,0.710172468,"Seagrass"
"190","SJB06",1,8,10,"LOI alysis ","N",2,0.7386,0,0.011772956947256,0.0182245373543523,0,0,0.017,0.008,1.722,0.809,62.737,61.987,1.548,1.529,1.067,0.501,0.026,0.012,0.478715534,"Seagrass"
"191","SJB06",1,3,15,"LOI alysis ","N",2,0,0,0,0,0,0,0.024,0.006,2.394,0.567,48.437,48.437,1.195,1.195,1.159,0.275,0.029,0.007,0.747446039,"Seagrass"
"192","SJB06",1,1,17,"LOI alysis ","N",2,2.1442,0,0.0374284317832705,0.0528863741097612,0,0,0.004,0.007,0.437,0.679,57.288,55.146,1.413,1.36,0.241,0.375,0.006,0.009,0.01,"Seagrass"
"193","SJB07",2,14,1,"LOI alysis ","Y",1.5,0,0,0,0,0,0,0.016,0.008,1.586,0.847,40.725,40.725,1.34,1.34,0.646,0.345,0.021,0.011,0.424244025,"Seagrass"
"194","SJB07",2,13,2,"LOI alysis ","Y",2,0.5339,0.2347,0.0117425825323861,0.0131751776013372,0.00516198561594123,0.00579174786108606,0.006,0.014,0.579,1.418,45.467,44.701,1.122,1.103,0.259,0.634,0.006,0.016,0.021433829,"Seagrass"
"195","SJB07",2,12,3,"LOI alysis ","Y",2,0.2214,0.2138,0.00433047764346908,0.00546073230841451,0.00418182529437077,0.00527328169620154,0.006,0.007,0.584,0.725,51.126,50.688,1.261,1.25,0.296,0.367,0.007,0.009,0.023624864,"Seagrass"
"196","SJB07",2,10,5,"LOI alysis ","Y",2,1.6512,0.3113,0.0338374523546047,0.0407402926349441,0.00637935980982827,0.00768074921103324,0.018,0.009,1.788,0.918,48.798,46.835,1.204,1.155,0.837,0.43,0.021,0.011,0.50502963,"Seagrass"
"197","SJB07",2,9,6,"LOI alysis ","Y",2,0,0.3263,0,0,0.00710382513661202,0.00804863387978142,0.004,0.006,0.404,0.611,45.933,45.607,1.133,1.125,0.184,0.279,0.005,0.007,0.01,"Seagrass"
"198","SJB07",2,8,7,"LOI alysis ","N",2,3.1546,0,0.0697688820081831,0.0777923034391242,0,0,0.008,0.01,0.827,0.981,45.215,42.052,1.115,1.037,0.348,0.412,0.009,0.01,0.120881116,"Seagrass"
"199","SJB07",2,5,10,"LOI alysis ","N",2,2.6521,0,0.0531760035288928,0.0654064843405382,0,0,0.008,0.019,0.76,1.88,49.874,47.208,1.23,1.165,0.359,0.887,0.009,0.022,0.094167317,"Seagrass"
"200","SJB07",2,1,14,"LOI alysis ","N",2,0.25,0,0.00467377079828005,0.00616937745372967,0,0,0.012,0.006,1.185,0.596,53.49,53.246,1.32,1.314,0.631,0.317,0.016,0.008,0.263851997,"Seagrass"
"201","SJB13",1,1,19,"LOI alysis ","N",2,0.0417,0,0.000831837223219629,0.00102898264512268,0,0,0.007,0.005,0.72,0.511,50.13,50.089,1.237,1.236,0.36,0.256,0.009,0.006,0.077801662,"Seagrass"
"202","SJB13",1,5,15,"LOI alysis ","N",2,0.2563,0,0.00467495987158908,0.00632054574638844,0,0,0.004,0.005,0.406,0.466,54.824,54.568,1.352,1.346,0.222,0.254,0.005,0.006,0.01,"Seagrass"
"203","SJB13",1,10,10,"LOI alysis ","N",2,0,0,0,0,0,0,0.003,0.006,0.332,0.629,46.912,46.912,1.157,1.157,0.156,0.295,0.004,0.007,0.01,"Seagrass"
"204","SJB13",1,13,7,"LOI alysis ","N",2,0,0,0,0,0,0,0.01,0.004,0.965,0.366,56.49,56.49,1.394,1.394,0.545,0.207,0.013,0.005,0.175803202,"Seagrass"
"205","SJB13",1,14,6,"LOI alysis ","Y",2,0,0.126,0,0,0.00237574477713251,0.00310747416848933,0.008,0.005,0.844,0.503,53.036,52.91,1.308,1.305,0.446,0.266,0.011,0.007,0.127555044,"Seagrass"
"206","SJB13",1,15,5,"LOI alysis ","Y",2,0.1074,0.1081,0.00179652738282426,0.00264987788966579,0.0018082365929544,0.00266714897460774,0.007,0.007,0.728,0.677,59.782,59.565,1.475,1.469,0.434,0.403,0.011,0.01,0.081335133,"Seagrass"
"207","SJB13",1,17,3,"LOI alysis ","Y",2,0.0621,0.4828,0.00111408119696453,0.00153186164582623,0.00866148795321218,0.0119095459356667,0.006,0.005,0.593,0.471,55.741,55.197,1.375,1.362,0.327,0.26,0.008,0.006,0.02702083,"Seagrass"
"208","SJB13",1,18,2,"LOI alysis ","Y",2,0.1415,0.1635,0.00243654647518683,0.00349157109894273,0.0028153734889968,0.00403443020973241,0.006,0.009,0.618,0.907,58.074,57.771,1.433,1.425,0.357,0.524,0.009,0.013,0.037076884,"Seagrass"
"209","SJB13",1,19,1,"LOI alysis ","Y",2.5,0.8747,0.0173,0.0113876918670503,0.0172637408704482,0.000225228157425369,0.000341445886656859,0.007,0.013,0.672,1.303,76.811,75.919,1.516,1.498,0.51,0.989,0.01,0.02,0.058893744,"Seagrass"
"210","SJBC",1,14,1,"LOI alysis ","Y",4,0.0618,0,0.000635038071457197,0.000762045685748636,0,0,0.005,0.003,0.527,0.35,97.317,97.256,1.2,1.2,0.512,0.34,0.006,0.004,0.000636809,"Control"
"211","SJBC",1,13,2,"LOI alysis ","Y",2,0.0158,0,0.000316202369516491,0.000389877521613833,0,0,0.016,0.004,1.554,0.402,49.968,49.958,1.233,1.232,0.777,0.201,0.019,0.005,0.411734228,"Control"
"212","SJBC",1,12,3,"LOI alysis ","Y",2,0,0,0,0,0,0,0.003,0.004,0.341,0.429,52.966,52.966,1.307,1.307,0.181,0.227,0.004,0.006,0.01,"Control"
"213","SJBC",1,10,5,"LOI alysis ","Y",2,0.0981,0,0.0016466362293541,0.00242055525715053,0,0,0.003,0.005,0.31,0.461,59.576,59.478,1.47,1.467,0.184,0.274,0.005,0.007,0.01,"Control"
"214","SJBC",1,9,6,"LOI alysis ","Y",2,0,0,0,0,0,0,0.007,0.004,0.658,0.369,57.349,57.349,1.415,1.415,0.377,0.212,0.009,0.005,0.05316601,"Control"
"215","SJBC",1,8,7,"LOI alysis ","N",2,0,0,0,0,0,0,0.004,0.004,0.367,0.438,55.317,55.317,1.365,1.365,0.203,0.242,0.005,0.006,0.01,"Control"
"216","SJBC",1,5,10,"LOI alysis ","N",2,0,0,0,0,0,0,0.003,0.005,0.344,0.463,57.712,57.712,1.424,1.424,0.198,0.267,0.005,0.007,0.01,"Control"
"217","SJBC",1,1,14,"LOI alysis ","N",2,0.0443,0,0.000729074092360357,0.00109288206444817,0,0,0.006,0.005,0.637,0.504,60.762,60.732,1.499,1.498,0.387,0.306,0.01,0.008,0.044739471,"Control"
"218","SJB17",1,1,18,"LOI alysis ","N",2,0.7767,0,0.0255695285751909,0.019151576902818,0,0,0.051,0.02,5.1,1.975,30.376,29.602,0.749,0.73,1.51,0.585,0.037,0.014,1.82993738,"Seagrass"
"219","SJB17",1,4,15,"LOI alysis ","N",2,0.3801,0,0.0118021486679501,0.00937090604235236,0,0,0.04,0.043,3.957,4.276,32.206,31.833,0.794,0.785,1.26,1.361,0.031,0.034,1.372661866,"Seagrass"
"220","SJB17",1,9,10,"LOI alysis ","N",2,2.2434,0,0.0579405459851752,0.0553332214158423,0,0,0.042,0.024,4.202,2.368,38.719,36.475,0.955,0.9,1.533,0.864,0.038,0.021,1.470831361,"Seagrass"
"221","SJB17",1,12,7,"LOI alysis ","N",2,0.4442,0,0.0127015898433032,0.0109614720347707,0,0,0.026,0.011,2.646,1.095,34.972,34.529,0.863,0.852,0.914,0.378,0.023,0.009,0.848257301,"Seagrass"
"222","SJB17",1,13,6,"LOI alysis ","Y",2,0.8394,0.085,0.0194910137927832,0.0206994566479357,0.00197371476338643,0.00209608507871639,0.029,0.018,2.9,1.83,43.066,42.149,1.062,1.04,1.222,0.771,0.03,0.019,0.949955515,"Seagrass"
"223","SJB17",1,14,5,"LOI alysis ","Y",2,0.2842,0.1726,0.00949168392224968,0.00701435441854252,0.00576447799078218,0.00425994923518803,0.036,0.014,3.632,1.448,29.942,29.488,0.739,0.727,1.071,0.427,0.026,0.011,1.24291666,"Seagrass"
"224","SJB17",1,16,3,"LOI alysis ","Y",2,0.256,0.3039,0.00755206796861172,0.0063135288217594,0.00896513068617617,0.00749484925364328,0.034,0.018,3.369,1.836,33.898,33.338,0.836,0.822,1.123,0.612,0.028,0.015,1.137720245,"Seagrass"
"225","SJB17",1,17,2,"LOI alysis ","Y",2,0.5258,0.1229,0.0186341567140376,0.0129693730729702,0.00435553035404189,0.00303144912641315,0.042,0.022,4.214,2.178,28.217,27.566,0.696,0.68,1.162,0.6,0.029,0.015,1.475530119,"Seagrass"
"226","SJB17",1,18,1,"LOI alysis ","Y",2.1,1.9072,0.1512,0.0412269514277685,0.0448136962019844,0.00326841183718467,0.00355276366701974,0.024,0.019,2.372,1.893,46.261,44.203,1.087,1.039,1.048,0.837,0.025,0.02,0.738646727,"Seagrass"
"227","SJB02",1,1,21,"LOI alysis ","N",2,0.0833,0,0.00175560613724498,0.00205581478671388,0,0,0.02,0.008,2.032,0.822,47.448,47.366,1.171,1.168,0.962,0.389,0.024,0.01,0.602807165,"Seagrass"
"228","SJB02",1,2,20,"LOI alysis ","N",2,0.6771,0,0.010956487969061,0.016708644152818,0,0,0.021,0.009,2.079,0.905,61.799,61.137,1.525,1.508,1.271,0.554,0.031,0.014,0.621724463,"Seagrass"
"229","SJB02",1,7,15,"LOI alysis ","N",2,0.1998,0,0.00610542398777693,0.00492707715813598,0,0,0.038,0.012,3.77,1.156,32.725,32.525,0.807,0.802,1.226,0.376,0.03,0.009,1.297937616,"Seagrass"
"230","SJB02",1,12,10,"LOI alysis ","N",2,0.1828,0,0.00517759021129553,0.00450968107403841,0,0,0.041,0.01,4.079,1.031,35.306,35.121,0.871,0.866,1.433,0.362,0.035,0.009,1.421654459,"Seagrass"
"231","SJB02",1,15,7,"LOI alysis ","N",2,1.3511,0,0.0355066750762115,0.0333407678965626,0,0,0.027,0.011,2.727,1.107,38.052,36.711,0.939,0.906,1.001,0.406,0.025,0.01,0.880692397,"Seagrass"
"232","SJB02",1,16,6,"LOI alysis ","N",2,0.3176,0,0.00826222684703434,0.00783259105098855,0,0,0.03,0.014,2.972,1.405,38.44,38.124,0.948,0.94,1.133,0.536,0.028,0.013,0.978962138,"Seagrass"
"233","SJB02",1,17,5,"LOI alysis ","Y",2,0.9586,0.1344,0.0293185710790311,0.0236600868607781,0.00411059456814289,0.00331724981649131,0.035,0.014,3.511,1.402,32.696,31.608,0.807,0.78,1.11,0.443,0.027,0.011,1.194530322,"Seagrass"
"234","SJB02",1,19,3,"LOI alysis ","Y",2,0.2178,0.4586,0.00741396330462607,0.0053751233958539,0.015610852027096,0.0113178677196446,0.034,0.013,3.391,1.251,29.377,28.708,0.725,0.708,0.973,0.359,0.024,0.009,1.14632978,"Seagrass"
"235","SJB02",1,20,2,"LOI alysis ","Y",2,0.0515,0.2914,0.00129351484402471,0.00127023157683227,0.00731903350580198,0.00718729090269754,0.026,0.012,2.573,1.165,39.814,39.477,0.982,0.974,1.016,0.46,0.025,0.011,0.819345104,"Seagrass"
"236","SJB02",1,21,1,"LOI alysis ","Y",3.2,1.4335,0.2921,0.0171810391322586,0.0220948163240846,0.00350092886678253,0.00450219452268233,0.021,0.01,2.08,1,83.435,81.679,1.286,1.259,1.699,0.817,0.026,0.013,0.622049658,"Seagrass"
"237","SJB10",3,20,1,"LOI alysis ","Y",1.8,3.9167,0,0.0821627858191735,0.10738676106566,0,0,0.014,0.017,1.434,1.654,47.67,43.745,1.307,1.199,0.627,0.724,0.017,0.02,0.363631232,"Seagrass"
"238","SJB10",3,19,2,"LOI alysis ","Y",2,1.4163,0.0122,0.0321681657127283,0.0349346279640229,0.000277096393204325,0.000300926683019897,0.01,0.013,0.974,1.315,44.028,42.594,1.086,1.051,0.415,0.56,0.01,0.014,0.179680338,"Seagrass"
"239","SJB10",3,18,3,"LOI alysis ","Y",2,1.2683,0.0262,0.0271439272338149,0.0312969481005885,0.000560727661851257,0.0006465189941145,0.01,0.017,1.023,1.67,46.725,45.427,1.153,1.121,0.465,0.759,0.011,0.019,0.199144005,"Seagrass"
"240","SJB10",3,16,5,"LOI alysis ","Y",2,0.8849,0.034,0.020061210609839,0.0218265971435049,0.000770800272047155,0.000838630695987305,0.016,0.012,1.63,1.151,44.11,43.128,1.088,1.064,0.703,0.497,0.017,0.012,0.441956147,"Seagrass"
"241","SJB10",3,15,6,"LOI alysis ","Y",2,0.9098,0.0152,0.0210748204771832,0.0224446838082001,0.000352096363215196,0.000374982626824183,0.019,0.012,1.851,1.247,43.17,42.248,1.065,1.042,0.782,0.527,0.019,0.013,0.530463188,"Seagrass"
"242","SJB10",3,14,7,"LOI alysis ","N",2,0.2518,0,0.00631631757180484,0.00620894017308416,0,0,0.025,0.012,2.506,1.229,39.865,39.57,0.983,0.976,0.992,0.486,0.024,0.012,0.792473054,"Seagrass"
"243","SJB10",3,11,10,"LOI alysis ","N",2,5.0035,0,0.110794951284322,0.123425575730735,0,0,0.024,0.018,2.418,1.773,45.16,40.126,1.114,0.99,0.97,0.711,0.024,0.018,0.75721921,"Seagrass"
"244","SJB10",3,6,15,"LOI alysis ","N",2,0.9869,0,0.0207619808978836,0.0243538035932175,0,0,0.025,0.018,2.515,1.831,47.534,46.499,1.173,1.147,1.169,0.852,0.029,0.021,0.795970457,"Seagrass"
"245","SJB10",3,1,20,"LOI alysis ","N",2,0.9594,0,0.0236258865248227,0.0236731382978723,0,0,0.018,0.027,1.788,2.691,40.608,39.645,1.002,0.978,0.709,1.067,0.017,0.026,0.505253553,"Seagrass"
"246","STCH02",2,10,1,"LOI alysis ","Y",2,1.3645,0.0177,0.0228670543480082,0.0336603040002681,0.000296626501985889,0.000436634210923229,0.018,0.081,1.833,8.142,59.671,58.258,1.472,1.437,1.068,4.743,0.026,0.117,0.523061082,"Seagrass"
"247","STCH02",2,9,2,"LOI alysis ","Y",2,3.3591,0.3408,0.0769676695002635,0.0828941800517838,0.00780881240977935,0.00841009096533236,0.024,0.084,2.379,8.391,43.643,39.939,1.077,0.985,0.95,3.352,0.023,0.083,0.741620893,"Seagrass"
"248","STCH02",2,8,3,"LOI alysis ","Y",2,1.8224,0.3178,0.061956891276263,0.0449807030665669,0.0108043788672061,0.00784397905759162,0.037,0.094,3.73,9.371,29.414,27.068,0.726,0.668,1.01,2.537,0.025,0.063,1.281968622,"Seagrass"
"249","STCH02",2,6,5,"LOI alysis ","Y",2,0.5816,0.3678,0.0202337879209574,0.0143457556359588,0.0127957138881158,0.00907216114667409,0.051,0.103,5.066,10.322,28.744,27.841,0.709,0.687,1.41,2.874,0.035,0.071,1.816400614,"Seagrass"
"250","STCH02",2,5,6,"LOI alysis ","Y",2,1.6636,0.3472,0.0598632601655272,0.0410661964735516,0.0124937027707809,0.00857068010075567,0.057,0.109,5.729,10.939,27.79,23.316,0.686,0.575,1.336,2.55,0.033,0.063,2.081576421,"Seagrass"
"251","STCH02",2,4,7,"LOI alysis ","N",2,0.4505,0,0.0158097911914371,0.0111142832075803,0,0,0.061,0.103,6.101,10.328,28.495,28.036,0.703,0.692,1.71,2.895,0.042,0.071,2.230332529,"Seagrass"
"252","STCH02",2,1,10,"LOI alysis ","N",2,1.9808,0,0.0664140821458508,0.0488807644593462,0,0,0.073,0.144,7.294,14.366,29.825,27.829,0.736,0.687,2.03,3.998,0.05,0.099,2.707510632,"Seagrass"
"253","SJBB",3,16,1,"LOI alysis ","Y",3.1,0,0,0,0,0,0,0.004,0.006,0.394,0.581,81.486,81.486,1.297,1.297,0.321,0.474,0.005,0.008,0.01,"Control"
"254","SJBB",3,15,2,"LOI alysis ","Y",2,0.2152,0,0.0040967846332502,0.00530943288469226,0,0,0.004,0.014,0.407,1.406,52.529,52.318,1.296,1.291,0.213,0.736,0.005,0.018,0.01,"Control"
"255","SJBB",3,14,3,"LOI alysis ","Y",2,0.5344,0,0.00979993031486677,0.0131809062734958,0,0,0.01,0.008,0.963,0.751,54.531,54.007,1.345,1.332,0.52,0.406,0.013,0.01,0.175215696,"Control"
"256","SJBB",3,12,5,"LOI alysis ","Y",2,0.2003,0,0.00343291000394193,0.00493995749567244,0,0,0.012,0.008,1.194,0.76,58.347,58.119,1.439,1.434,0.694,0.442,0.017,0.011,0.267589665,"Control"
"257","SJBB",3,11,6,"LOI alysis ","Y",2,0.7464,0,0.0133150186417397,0.0184146707815259,0,0,0.015,0.007,1.506,0.724,56.057,55.31,1.383,1.364,0.833,0.401,0.021,0.01,0.392351294,"Control"
"258","SJBB",3,10,7,"LOI alysis ","N",2,0.5208,0,0.0096095652815706,0.0128479887814599,0,0,0.01,0.007,1.006,0.731,54.196,53.677,1.337,1.324,0.54,0.392,0.013,0.01,0.192325235,"Control"
"259","SJBB",3,7,10,"LOI alysis ","N",2,0.2515,0,0.0046493141568381,0.00620218508522202,0,0,0.004,0.015,0.366,1.499,54.094,53.84,1.334,1.328,0.197,0.807,0.005,0.02,0.01,"Control"
"260","SJBB",3,2,15,"LOI alysis ","N",2,0.424,0,0.0082046518828128,0.0104609311505863,0,0,0.005,0.03,0.495,2.996,51.678,51.248,1.275,1.264,0.254,1.535,0.006,0.038,0.01,"Control"
"261","SJBB",3,1,16,"LOI alysis ","N",2,0,0,0,0,0,0,0.005,0.018,0.485,1.812,53.74,53.74,1.326,1.326,0.261,0.974,0.006,0.024,0.01,"Control"
"262","SJBB",2,16,1,"LOI alysis ","Y",2.2,0.1897,0,0.00278479154433353,0.00425516147974163,0,0,0.004,0.006,0.387,0.612,68.12,67.935,1.528,1.524,0.263,0.415,0.006,0.009,0.01,"Control"
"263","SJBB",2,15,2,"LOI alysis ","Y",2,0,0,0,0,0,0,0.003,0.008,0.316,0.769,56.383,56.383,1.391,1.391,0.178,0.434,0.004,0.011,0.01,"Control"
"264","SJBB",2,14,3,"LOI alysis ","Y",2,0,0,0,0,0,0,0.007,0.009,0.736,0.894,55.377,55.377,1.366,1.366,0.408,0.495,0.01,0.012,0.08458308,"Control"
"265","SJBB",2,12,5,"LOI alysis ","Y",2,0.2335,0,0.00405170917924692,0.00576153045288912,0,0,0.003,0.007,0.321,0.679,57.63,57.394,1.422,1.416,0.184,0.389,0.005,0.01,0.01,"Control"
"266","SJBB",2,11,6,"LOI alysis ","Y",2,0.2319,0,0.00411082748351415,0.00572227185705169,0,0,0.003,0.007,0.294,0.65,56.412,53.697,1.392,1.325,0.158,0.349,0.004,0.009,0.01,"Control"
"267","SJBB",2,10,7,"LOI alysis ","N",2,0,0,0,0,0,0,0.003,0.006,0.271,0.565,55.392,55.392,1.366,1.366,0.15,0.313,0.004,0.008,0.01,"Control"
"268","SJBB",2,7,10,"LOI alysis ","N",2,0,0,0,0,0,0,0.004,0.008,0.385,0.769,50.653,50.653,1.25,1.25,0.195,0.39,0.005,0.01,0.01,"Control"
"269","SJBB",2,2,15,"LOI alysis ","N",2,0.7878,0,0.0145235329904319,0.0194324871411979,0,0,0.004,0.01,0.426,1.041,54.243,53.421,1.338,1.318,0.228,0.556,0.006,0.014,0.01,"Control"
"270","SJBB",2,1,16,"LOI alysis ","N",2,4.9008,0,0.0967906306163964,0.120891497639879,0,0,0.005,0.01,0.468,1.037,50.633,45.736,1.249,1.128,0.214,0.474,0.005,0.012,0.01,"Control"
