Prep Date,Site number,Quadrat,Bagged_Slice_Number,Slice_Number,Intended_Alysis,Rhizome_Slice_Y_N,Slice Height (cm; if bag says otherwise),Bella Container Weight (g),Initial Dry Sample Weight (in a tared container; includes bella container after April 1st 2020),Shell Weight (in a tared container),Belowground Biomass (in a tared container),Dried Sediment Weight (in a tared container; includes bella container after a April 1st 2020) ,LOI Crucible Number,LOI Crucible Weight (g),LOI Intial Sample Weigh (g),LOI Sample Weight Post LOI 450 (g),LOI Sample Weight Post LOI 950 (g),LOI_Notes_2,Corrected LOI Intial Sample Weigh (g),Corrected LOI Sample Weight Post LOI 450 (g),Corrected LOI Sample Weight Post LOI 950 (g),Fraction OLOI ,Fraction ILOI,% OLOI ,% ILOI,Corrected Sample Weight (g DW),Corrected Sediment Weight (g DW),Sample Bulk Density (g/cm^3),Sediment Bulk Density (g/cm^3),Organic Content (g DW),Inorganic Content (gDW),Organic Content Density (g/cm^3),Inorganic Content Density (g/cm^3),Estimated_Carbon,LOI_Notes_2
2/12/2020,SMAR01,10,1,14,LOI alysis ,N,2,,47.1502,0,0,47.1495,SC22,15.6696,30.3857,30.255,29.8595,,14.716,14.585,14.19,0.009,0.027,0.888,2.712,47.15,47.15,1.163,1.163,0.419,1.279,0.01,0.032,0.145257167,
2/12/2020,SMAR01,10,5,10,LOI alysis ,N,2,,34.9999,0,0,35.0274,SC7,15.4317,29.7708,29.4084,29.2703,,14.339,13.977,13.839,0.025,0.01,2.527,0.988,35,35.027,0.863,0.864,0.885,0.346,0.022,0.009,0.800942109,
2/12/2020,SMAR01,10,8,7,LOI alysis ,N,2,,36.1579,0,0,36.1916,SC5,14.7189,29.2034,28.7164,28.5549,,14.485,13.998,13.836,0.034,0.012,3.362,1.154,36.158,36.192,0.892,0.893,1.217,0.418,0.03,0.01,1.134885913,
2/12/2020,SMAR01,10,9,6,LOI alysis ,Y,2,,36.516,0.2338,0,36.298,SC6,13.754,27.5397,27.1007,26.9709,,13.786,13.347,13.217,0.032,0.01,3.184,0.973,36.516,36.298,0.901,0.895,1.156,0.353,0.029,0.009,1.063783703,
2/12/2020,SMAR01,10,10,5,LOI alysis ,Y,2,,42.4177,0.1101,0.0227,42.3186,SC2,15.623,31.6063,31.381,31.2867,,15.983,15.758,15.664,0.014,0.006,1.41,0.598,42.418,42.319,1.046,1.044,0.597,0.253,0.015,0.006,0.353838506,
2/12/2020,SMAR01,10,12,3,LOI alysis ,Y,2,,34.293,0.8854,0.0135,33.4116,SC3,16.2591,31.9264,31.517,31.3338,,15.667,15.258,15.075,0.026,0.012,2.613,1.201,34.293,33.412,0.846,0.824,0.873,0.401,0.022,0.01,0.835234342,
2/12/2020,SMAR01,10,13,2,LOI alysis ,Y,2,,36.9659,0.3165,0.2328,36.4516,SC8,14.1794,30.4703,30.1121,30.001,,16.291,15.933,15.822,0.022,0.007,2.199,0.697,36.966,36.452,0.912,0.899,0.801,0.254,0.02,0.006,0.669509419,
2/12/2020,SMAR01,10,14,1,LOI alysis ,Y,2,,40.3929,0.2812,0.0246,40.1572,SC21,17.4046,31.144,30.7159,30.5184,,13.739,13.311,13.114,0.031,0.015,3.116,1.484,40.393,40.157,0.996,0.991,1.251,0.596,0.031,0.015,1.036342635,
3/4/2020,SMAR23,3,1,16,LOI alysis ,N,2,,39.7158,0.057,0.0114,45.8163,SC3,16.5272,26.6984,26.5421,26.0047,,10.171,10.015,9.478,0.015,0.054,1.537,5.366,39.716,45.816,0.98,1.13,0.704,2.459,0.017,0.061,0.404676734,
3/4/2020,SMAR23,3,2,15,LOI alysis ,N,2,,37.074,0,0,37.0886,SC22,16.0635,30.9519,30.1906,29.4554,,14.888,14.127,13.392,0.051,0.052,5.113,5.204,37.074,37.089,0.915,0.915,1.896,1.93,0.047,0.048,1.835350743,
3/4/2020,SMAR23,3,7,10,LOI alysis ,N,2,,45.1838,0,0,45.1974,SC8,14.4521,29.9908,29.3444,28.6906,,15.539,14.892,14.239,0.042,0.044,4.16,4.39,45.184,45.197,1.115,1.115,1.88,1.984,0.046,0.049,1.453974464,
3/4/2020,SMAR23,3,10,7,LOI alysis ,N,2,,40.5368,0,0,40.5368,SC21,17.7715,29.9545,29.2204,28.771,,12.183,11.449,11,0.06,0.039,6.026,3.925,40.537,40.537,1,1,2.443,1.591,0.06,0.039,2.200243782,
3/4/2020,SMAR23,3,11,6,LOI alysis ,Y,2,,37.5888,2.4524,0,35.1407,SC7,15.6614,29.6913,29.0436,28.4645,,14.03,13.382,12.803,0.046,0.043,4.617,4.327,37.589,35.141,0.927,0.867,1.622,1.521,0.04,0.038,1.63662756,
3/4/2020,SMAR23,3,12,5,LOI alysis ,Y,2,,44.6887,0.2783,0,44.3985,SC2,15.9012,30.8305,29.8793,29.3782,,14.929,13.978,13.477,0.064,0.036,6.371,3.585,44.689,44.399,1.102,1.095,2.829,1.592,0.07,0.039,2.338545478,
3/4/2020,SMAR23,3,14,3,LOI alysis ,Y,2,,22.9315,0,0.5206,22.1975,SC5,14.9607,26.9081,26.2346,25.7418,,11.947,11.274,10.781,0.056,0.044,5.637,4.371,22.932,22.198,0.566,0.548,1.251,0.97,0.031,0.024,2.044883908,
3/4/2020,SMAR23,3,15,2,LOI alysis ,Y,2,,19.0253,0.8304,0.3387,17.8771,SC6,12.9675,23.9372,23.7279,23.248,,10.97,10.76,10.281,0.019,0.045,1.908,4.46,19.025,17.877,0.469,0.441,0.341,0.797,0.008,0.02,0.553193159,
3/4/2020,SMAR23,3,16,1,LOI alysis ,Y,2.6,,31.4206,0.1761,0.0506,31.196,SC12,16.0264,28.4439,27.4031,26.832,,12.418,11.377,10.806,0.084,0.05,8.382,5.02,31.421,31.196,0.596,0.592,2.615,1.566,0.05,0.03,3.142687739,
3/9/2020,SMAR12,2,1,10,LOI alysis ,N,2,,49.098,0,0,49.098,SC11,15.8036,32.8948,32.5787,32.4442,Coffee grinder blades eroded during processing,17.091,16.775,16.641,0.018,0.008,1.849,0.802,49.098,49.098,1.211,1.211,0.908,0.394,0.022,0.01,0.529795918,
3/9/2020,SMAR12,2,4,7,LOI alysis ,N,2,,51.1489,0,0,51.1489,SC13,16.7587,31.8148,31.5845,31.4432,,15.056,14.826,14.685,0.015,0.01,1.53,0.953,51.149,51.149,1.262,1.262,0.782,0.487,0.019,0.012,0.401845033,
3/9/2020,SMAR12,2,5,6,LOI alysis ,Y,2,,51.5905,0,0,51.5905,SC14,14.6021,33.9537,33.6331,33.4494,,19.352,19.031,18.847,0.017,0.01,1.657,0.965,51.591,51.591,1.273,1.273,0.855,0.498,0.021,0.012,0.452684222,
3/9/2020,SMAR12,2,6,5,LOI alysis ,Y,2,,39.4423,0.7059,0.3375,38.3911,SC10,16.1052,29.9551,29.549,29.3578,,13.85,13.444,13.253,0.029,0.014,2.932,1.422,39.442,38.391,0.973,0.947,1.126,0.546,0.028,0.013,0.962860454,
4/7/2020,SMAR12,2,8,3,LOI alysis ,Y,2,,37.2757,0.0503,0.1285,36.9195,SC12,16.0917,24.3509,24.0316,23.9209,,8.259,7.94,7.829,0.039,0.014,3.866,1.394,37.276,36.92,0.92,0.911,1.427,0.515,0.035,0.013,1.336396745,
4/7/2020,SMAR12,2,9,2,LOI alysis ,Y,2,66.8703,109.5474,0.0573,0.2537,109.2467,SC6,13.7657,27.9754,27.6319,27.4265,,14.21,13.866,13.661,0.024,0.015,2.417,1.481,42.677,42.376,1.053,1.045,1.024,0.628,0.025,0.015,0.756945115,
4/7/2020,SMAR12,2,10,1,LOI alysis ,Y,2,66.8692,98.2971,0.0736,0.3403,97.8887,SC7,15.5794,30.0625,29.5221,29.1406,,14.483,13.943,13.561,0.037,0.027,3.731,2.736,31.428,31.02,0.775,0.765,1.157,0.849,0.029,0.021,1.282498153,
4/7/2020,SMARA,1,1,12,LOI alysis ,N,2,66.8632,119.4265,9.5505,0,109.8796,SC21,17.462,28.4763,28.2395,27.6193,,11.014,10.778,10.157,0.021,0.058,2.15,5.755,52.563,43.016,1.297,1.061,0.925,2.475,0.023,0.061,0.649972944,
4/7/2020,SMARA,1,3,10,LOI alysis ,N,2,66.8628,115.5007,0.2953,0,115.2129,SC3,16.5647,29.371,28.8282,28.6738,,12.806,12.264,12.109,0.042,0.013,4.239,1.259,48.638,48.35,1.2,1.193,2.049,0.609,0.051,0.015,1.485415538,
4/7/2020,SMARA,1,6,7,LOI alysis ,N,2,66.8673,129.1252,0,0,129.1252,SC11,15.811,30.4087,30.3227,30.2574,,14.598,14.512,14.446,0.006,0.004,0.589,0.45,62.258,62.258,1.536,1.536,0.367,0.28,0.009,0.007,0.025653562,
4/7/2020,SMARA,1,7,6,LOI alysis ,Y,2,66.8634,122.2044,0,0,122.2044,SC10,16.113,31.2915,31.171,26.8445,new start weight before LOI950 because i tipped it over in the oven 26.9105 ,15.179,15.058,10.732,0.008,0.004,0.794,0.438,55.341,55.341,1.365,1.365,0.439,0.243,0.011,0.006,0.107554436,
4/7/2020,SMARA,1,8,5,LOI alysis ,Y,2,66.8651,130.5709,0,0,130.5709,SC14,14.61,30.1946,30.1263,30.0581,,15.585,15.516,15.448,0.004,0.004,0.438,0.44,63.706,63.706,1.572,1.572,0.279,0.28,0.007,0.007,-0.034698741,
4/7/2020,SMARA,1,10,3,LOI alysis ,Y,2,66.8672,120.0005,0,0,120.0005,SC5,14.7295,30.5115,30.3496,30.2555,,15.782,15.62,15.526,0.01,0.006,1.026,0.602,53.133,53.133,1.311,1.311,0.545,0.32,0.013,0.008,0.200340895,
4/7/2020,SMARA,1,11,2,LOI alysis ,Y,2,66.8678,120.6071,0,0,120.6071,SC8,14.2213,26.8244,26.6283,26.5397,,12.603,12.407,12.318,0.016,0.007,1.556,0.714,53.739,53.739,1.326,1.326,0.836,0.384,0.021,0.009,0.412386556,
4/7/2020,SMARA,1,12,1,LOI alysis ,Y,2.7,66.8697,126.2434,0,0,126.2434,SC2,15.6467,30.3332,30.0872,29.9451,,14.687,14.441,14.298,0.017,0.01,1.675,0.984,59.374,59.374,1.085,1.085,0.995,0.584,0.018,0.011,0.460003064,
4/23/2020,SMAR14,3,1,12,LOI alysis ,N,2,66.8726,114.2967,0.0236,0,114.2794,SC22,15.7027,29.9468,29.5843,29.4888,,14.244,13.882,13.786,0.025,0.007,2.545,0.688,47.424,47.407,1.17,1.169,1.206,0.326,0.03,0.008,0.807965333,
4/23/2020,SMAR14,3,3,10,LOI alysis ,N,2,66.8546,116.7517,0,0,116.7517,SC13,16.7662,32.2901,32.0016,31.9108,,15.524,15.235,15.145,0.019,0.006,1.858,0.596,49.897,49.897,1.231,1.231,0.927,0.297,0.023,0.007,0.533369901,
4/23/2020,SMAR14,3,6,7,LOI alysis ,N,2,67.86,114.9373,0,0,114.9373,SC25,12.6679,23.455,23.252,23.1838,,10.787,10.584,10.516,0.019,0.006,1.882,0.644,47.077,47.077,1.161,1.161,0.886,0.303,0.022,0.007,0.542750971,
4/23/2020,SMAR14,3,7,6,LOI alysis ,Y,2,66.8544,111.2388,0,0,111.2388,SC26,16.2591,26.9201,26.6673,26.589,,10.661,10.408,10.33,0.024,0.008,2.371,0.752,44.384,44.384,1.095,1.095,1.052,0.334,0.026,0.008,0.738503893,
4/23/2020,SMAR14,3,8,5,LOI alysis ,Y,2,66.8515,117.5951,0,0.02,115.0818,SC28,16.0709,30.8329,30.5472,30.4563,,14.762,14.476,14.385,0.019,0.006,1.935,0.628,50.744,48.23,1.252,1.19,0.933,0.303,0.023,0.007,0.564149844,
4/23/2020,SMAR14,3,10,3,LOI alysis ,Y,2,66.8738,101.1218,0,0.1865,100.9394,SC27,16.0642,28.4459,27.9269,27.7745,,12.382,11.863,11.71,0.042,0.013,4.192,1.285,34.248,34.066,0.845,0.84,1.428,0.438,0.035,0.011,1.466667986,
4/23/2020,SMAR14,3,11,2,LOI alysis ,Y,2,66.8719,102.5014,0,0.0645,102.4404,SC29,14.2795,29.7293,29.0647,28.8431,,15.45,14.785,14.564,0.043,0.015,4.302,1.499,35.63,35.569,0.879,0.877,1.53,0.533,0.038,0.013,1.510669523,
4/23/2020,SMAR14,3,12,1,LOI alysis ,Y,3.2,66.8526,128.2065,0,0.2666,127.953,SC30,16.48635,29.8994,29.5926,29.4704,,13.413,13.106,12.984,0.023,0.009,2.287,0.932,61.354,61.1,0.946,0.942,1.398,0.57,0.022,0.009,0.704929863,
4/30/2020,SMAR03,1,1,22,LOI alysis ,N,2,66.8678,99.4638,0,0,99.4638,SC30,16.8448,28.8419,28.0554,27.8441,,11.997,11.211,10.999,0.066,0.019,6.556,1.885,32.596,32.596,0.804,0.804,2.137,0.614,0.053,0.015,2.412300389,
4/30/2020,SMAR03,1,3,20,LOI alysis ,N,2,66.8659,111.3074,0,0,111.3074,SC27,16.1198,25.8903,25.6368,25.5461,,9.771,9.517,9.426,0.026,0.01,2.595,0.953,44.442,44.442,1.096,1.096,1.153,0.424,0.028,0.01,0.827817921,
4/30/2020,SMAR03,1,8,15,LOI alysis ,N,2,66.8536,119.4456,0,0,99.4638,SC26,16.542,24.975,,23.7535,Accidentally tipped this over in the furce. Took initial weight to still do LOI 950 w=23.8141,8.433,,7.212,,0.008,,0.833,52.592,32.61,1.297,0.804,0,0.272,0,0.007,-0.21,
4/30/2020,SMAR03,1,9,14,LOI alysis ,N,2,66.8479,111.7205,0,0,111.7205,SC28,16.1067,25.6889,25.4248,25.3417,,9.582,9.318,9.235,0.028,0.009,2.756,0.892,44.873,44.873,1.107,1.107,1.237,0.4,0.031,0.01,0.892460813,
4/30/2020,SMAR03,1,13,10,LOI alysis ,N,2,68.8498,116.3113,0,0,116.3113,SC29,14.6227,26.4064,25.8864,25.8009,,11.784,11.264,11.178,0.044,0.008,4.413,0.759,47.462,47.462,1.171,1.171,2.094,0.36,0.052,0.009,1.555150165,
4/30/2020,SMAR03,1,16,7,LOI alysis ,N,2,66.844,104.9956,0,0,104.9956,SC25,12.9054,27.465,26.7524,26.5806,,14.56,13.847,13.675,0.049,0.012,4.894,1.241,38.152,38.152,0.941,0.941,1.867,0.473,0.046,0.012,1.747746092,
4/30/2020,SMAR03,1,17,6,LOI alysis ,Y,2,66.8453,97.6996,0,0,97.6996,SC13,16.95,28.1382,27.5789,27.4213,,11.188,10.629,10.471,0.05,0.015,4.999,1.483,30.854,30.854,0.761,0.761,1.542,0.457,0.038,0.011,1.789606729,
4/30/2020,SMAR03,1,18,5,LOI alysis ,Y,2,66.8425,100.3014,0.176,0,100.1338,SC22,15.692,26.8791,26.4548,26.2922,,11.187,10.763,10.6,0.038,0.015,3.793,1.511,33.459,33.291,0.825,0.821,1.263,0.503,0.031,0.012,1.307104522,
4/30/2020,SMAR03,1,20,3,LOI alysis ,Y,2,66.8518,104.6953,0.271,0,104.4243,SC6,13.8231,27.9897,27.4051,27.163,,14.167,13.582,13.34,0.041,0.018,4.127,1.783,37.844,37.573,0.934,0.927,1.55,0.67,0.038,0.017,1.440643062,
4/30/2020,SMAR03,1,21,2,LOI alysis ,Y,2,66.86,108.1464,1.4507,0.0541,106.6416,SC10,16.1869,25.9611,25.5966,25.3311,,9.774,9.41,9.144,0.037,0.028,3.729,2.822,41.286,39.782,1.018,0.981,1.484,1.122,0.037,0.028,1.281682184,
4/30/2020,SMAR03,1,22,1,LOI alysis ,Y,2.2,66.8408,107.4771,0.1572,0,107.3236,SC2,15.6654,30.7817,30.3968,29.9399,,15.116,14.731,14.275,0.025,0.031,2.546,3.102,40.636,40.483,0.911,0.908,1.031,1.256,0.023,0.028,0.808503205,
5/7/2020,SMARB,1,1,22,LOI alysis ,N,2,66.8135,106.8605,0,0,106.8605,SC11,15.9118,27.0066,26.7,26.5725,,11.095,10.788,10.661,0.028,0.012,2.763,1.182,40.047,40.047,0.988,0.988,1.107,0.473,0.027,0.012,0.895382702,
5/7/2020,SMARB,1,3,20,LOI alysis ,N,2,66.8202,113.5325,0,0,113.5325,SC5,14.7402,25.6792,25.4013,25.288,,10.939,10.661,10.548,0.025,0.011,2.54,1.063,46.712,46.712,1.152,1.152,1.187,0.496,0.029,0.012,0.806180638,
5/7/2020,SMARB,1,8,15,LOI alysis ,N,2,66.8356,104.6026,0.0661,0,104.5365,SC8,14.258,25.0315,24.7219,24.5694,,10.774,10.464,10.311,0.029,0.015,2.874,1.457,37.767,37.701,0.932,0.93,1.083,0.549,0.027,0.014,0.939487168,
5/7/2020,SMARB,1,13,10,LOI alysis ,N,2,66.8391,108.9732,0,0,108.9732,SC21,17.4961,27.7068,27.3812,27.2647,,10.211,9.885,9.769,0.032,0.012,3.189,1.179,42.134,42.134,1.039,1.039,1.344,0.497,0.033,0.012,1.065524695,
5/7/2020,SMARB,1,16,5,LOI alysis ,N,2,66.8079,104.4387,0.0444,0,104.3943,SC14,14.7965,23.4143,23.0514,22.9711,,8.618,8.255,8.175,0.042,0.01,4.211,0.973,37.631,37.586,0.928,0.927,1.583,0.366,0.039,0.009,1.474420618,
5/7/2020,SMARB,1,17,6,LOI alysis ,Y,2,66.811,107.9318,0,0,107.9318,SC12,16.0582,24.885,24.6652,24.572,,8.827,8.607,8.514,0.025,0.011,2.49,1.083,41.121,41.121,1.014,1.014,1.024,0.445,0.025,0.011,0.786057461,
5/7/2020,SMARB,1,18,5,LOI alysis ,Y,2,66.81,99.5885,0.1533,0,99.4352,SC3,16.4391,25.4409,25.0242,24.9111,,9.002,8.585,8.472,0.046,0.013,4.629,1.317,32.779,32.625,0.809,0.805,1.51,0.43,0.037,0.011,1.641629674,
5/7/2020,SMARB,1,20,3,LOI alysis ,Y,2,66.8092,94.2217,0,0,94.2217,SC7,15.4675,23.6246,23.2604,23.1093,,8.157,7.793,7.642,0.045,0.019,4.465,1.939,27.413,27.413,0.676,0.676,1.224,0.532,0.03,0.013,1.575928823,
5/7/2020,SMARB,1,21,2,LOI alysis ,Y,2,66.8253,90.8494,0.0251,0,90.8243,SC9,17.1342,26.9043,26.4229,26.2301,,9.77,9.289,9.096,0.049,0.021,4.927,2.076,24.024,23.999,0.593,0.592,1.182,0.498,0.029,0.012,1.76091125,
5/7/2020,SMARB,1,22,1,LOI alysis ,Y,2.2,66.8266,110.6284,0.0874,0,110.541,SC4,16.3442,27.93,27.5977,27.4168,,11.586,11.254,11.073,0.029,0.016,2.868,1.607,43.802,43.714,0.982,0.98,1.254,0.703,0.028,0.016,0.937266481,
5/13/2020,SMARA,3,1,14,LOI alysis ,N,2,66.806,114.28,7.3045,0,106.7531,SC1,16.2259,29.0395,28.7574,28.3745,,12.814,12.532,12.149,0.022,0.031,2.202,3.056,47.474,39.947,1.171,0.985,0.879,1.221,0.022,0.03,0.670626834,
5/13/2020,SMARA,3,5,10,LOI alysis ,N,2,66.8049,106.8608,0,0,106.8608,SC16,18.2135,28.265,28.0337,27.9137,,10.052,9.82,9.7,0.023,0.012,2.301,1.222,40.056,40.056,0.988,0.988,0.922,0.489,0.023,0.012,0.710459633,
5/13/2020,SMARA,3,8,7,LOI alysis ,N,2,66.8021,109.1574,0,0,109.1574,SC17,14.4931,23.4688,23.2858,23.2077,,8.976,8.793,8.715,0.02,0.009,2.039,0.888,42.355,42.355,1.045,1.045,0.864,0.376,0.021,0.009,0.605535279,
5/13/2020,SMARA,3,9,6,LOI alysis ,Y,2,66.8002,120.2431,0,0,120.2431,SC18,15.8149,24.829,24.7216,24.6594,,9.014,8.907,8.845,0.012,0.007,1.191,0.698,53.443,53.443,1.318,1.318,0.637,0.373,0.016,0.009,0.266586681,
5/13/2020,SMARA,3,10,5,LOI alysis ,Y,2,66.77996,119.5653,0,0,119.5653,SC38,16.465,25.7851,25.7192,25.6658,,9.32,9.254,9.201,0.007,0.006,0.707,0.577,52.785,52.785,1.302,1.302,0.373,0.305,0.009,0.008,0.072829583,
5/13/2020,SMARA,3,12,3,LOI alysis ,Y,2,66.7792,95.9489,0,0,95.9489,SC37,15.8337,21.9999,21.7602,21.6696,,6.166,5.927,5.836,0.039,0.015,3.887,1.529,29.17,29.17,0.72,0.72,1.134,0.446,0.028,0.011,1.344928481,
5/13/2020,SMARA,3,13,2,LOI alysis ,Y,2,66.7972,101.3226,0,0,101.3226,SC39,16.1076,23.4263,23.1904,23.0955,,7.319,7.083,6.988,0.032,0.013,3.223,1.34,34.525,34.525,0.852,0.852,1.113,0.463,0.027,0.011,1.079300012,
5/13/2020,SMARA,3,14,1,LOI alysis ,Y,2.5,66.7935,114.7629,0,0,114.7629,SC40,16.6332,24.186,23.9973,23.9039,,7.553,7.364,7.271,0.025,0.013,2.498,1.268,47.969,47.969,0.947,0.947,1.198,0.608,0.024,0.012,0.789364474,
5/18/2020,SMARA,2,1,13,LOI alysis ,N,2,66.8402,112.78,9.9653,0,102.6041,SC21,17.7959,27.0949,26.5246,25.9891,,9.299,8.729,8.193,0.061,0.061,6.133,6.135,45.94,35.764,1.133,0.882,2.193,2.194,0.054,0.054,2.243167007,
5/18/2020,SMARA,2,4,10,LOI alysis ,N,2,66.8369,114.7964,0,0,114.7964,SC5,14.7896,29.0935,28.7539,28.6193,,14.304,13.964,13.83,0.024,0.01,2.374,0.964,47.96,47.96,1.183,1.183,1.139,0.462,0.028,0.011,0.739671069,
5/18/2020,SMARA,2,7,7,LOI alysis ,N,2,66.8315,108.7236,0,0,108.7236,SC27,16.1411,27.1643,26.8917,26.796,,11.023,10.751,10.655,0.025,0.009,2.473,0.89,41.892,41.892,1.033,1.033,1.036,0.373,0.026,0.009,0.779186443,
5/18/2020,SMARA,2,8,6,LOI alysis ,Y,2,66.834,117.0166,0,0,117.0166,SC28,16.1765,25.976,25.7714,25.6989,,9.8,9.595,9.522,0.021,0.008,2.088,0.756,50.183,50.183,1.238,1.238,1.048,0.379,0.026,0.009,0.62514465,
5/18/2020,SMARA,2,9,5,LOI alysis ,Y,2,66.8347,125.9439,0.3617,0,125.5706,SC25,12.9559,28.9211,28.5297,28.45,,15.965,15.574,15.494,0.025,0.005,2.452,0.512,59.109,58.736,1.458,1.449,1.44,0.301,0.036,0.007,0.770632877,
5/18/2020,SMARA,2,11,3,LOI alysis ,Y,2,66.8281,100.5039,0.133,0,100.354,SC8,14.3449,23.1691,22.7285,22.5935,,8.824,8.384,8.249,0.05,0.016,4.993,1.61,33.676,33.526,0.831,0.827,1.674,0.54,0.041,0.013,1.787234877,
5/18/2020,SMARA,2,12,2,LOI alysis ,Y,2,66.8255,98.2792,0,0,98.2792,SC10,16.2019,27.2918,26.9198,26.795,,11.09,10.718,10.593,0.034,0.012,3.354,1.164,31.454,31.454,0.776,0.776,1.055,0.366,0.026,0.009,1.131761423,
5/18/2020,SMARA,2,13,1,LOI alysis ,Y,2.8,66.8268,130.1162,0,0,130.1162,SC7,15.7431,,23.8929,23.8275,,,8.15,8.084,,0.008,,0.802,63.289,63.289,1.115,1.115,0,0.508,0,0.009,-0.21,
5/27/2020,SMAR25,1,1,19,LOI alysis ,N,2,66.8118,108.0372,0,0,108.0372,SC44,15.2351,25.2259,25.0071,24.783,,9.991,9.772,9.548,0.022,0.023,2.19,2.293,41.225,41.225,1.017,1.017,0.903,0.945,0.022,0.023,0.666005925,
5/27/2020,SMAR25,1,5,15,LOI alysis ,N,2,66.811,107.9032,0.1688,0,107.74,SC43,15.529,23.7233,23.4479,23.1453,,8.194,7.919,7.616,0.034,0.038,3.361,3.821,41.092,40.929,1.014,1.01,1.376,1.564,0.034,0.039,1.134349121,
5/27/2020,SMAR25,1,10,10,LOI alysis ,N,2,66.8215,112.0172,0.408,0,111.6108,SC32,17.5763,25.4861,25.2996,25.0247,,7.91,7.723,7.448,0.024,0.036,2.358,3.559,45.196,44.789,1.115,1.105,1.056,1.594,0.026,0.039,0.733133834,
5/27/2020,SMAR25,1,13,7,LOI alysis ,N,2,66.8295,107.8849,2.3608,0,105.435,SC31,17.3267,25.3803,25.1454,24.7978,,8.054,7.819,7.471,0.029,0.044,2.917,4.446,41.055,38.606,1.013,0.952,1.126,1.716,0.028,0.042,0.956683222,
5/27/2020,SMAR25,1,14,6,LOI alysis ,Y,2,66.8085,105.7089,0.1331,0,105.4854,SC33,14.3247,24.3337,23.9919,23.6044,,10.009,9.667,9.28,0.034,0.04,3.415,4.008,38.9,38.677,0.96,0.954,1.321,1.55,0.033,0.038,1.155970626,
5/27/2020,SMAR25,1,15,5,LOI alysis ,Y,2,66.7981,107.7972,0.2382,0.08,107.4715,SC34,16.1342,25.5897,25.2772,24.9117,,9.456,9.143,8.778,0.033,0.04,3.305,3.998,40.999,40.673,1.011,1.003,1.344,1.626,0.033,0.04,1.111981915,
5/27/2020,SMAR25,1,17,3,LOI alysis ,Y,2,66.801,102.9206,0.2917,0.1186,102.49,SC36,15.123,27.5143,27.0421,26.601,,12.391,11.919,11.478,0.038,0.037,3.811,3.701,36.12,35.689,0.891,0.88,1.36,1.321,0.034,0.033,1.314295272,
5/27/2020,SMAR25,1,18,2,LOI alysis ,Y,2,66.7988,98.8794,0.7,0.1266,98.0281,SC35,15.413,26.0825,25.5244,25.0596,,10.67,10.111,9.647,0.052,0.046,5.231,4.597,32.081,31.229,0.791,0.77,1.634,1.436,0.04,0.035,1.882319228,
5/27/2020,SMAR25,1,19,1,LOI alysis ,Y,2.5,66.8238,120.3456,0.5754,0.0718,119.5822,SC30,16.835,28.4336,27.4449,27.0932,,11.599,10.61,10.258,0.085,0.033,8.524,3.315,53.522,52.758,1.056,1.041,4.497,1.749,0.089,0.035,3.199721863,
6/11/2020,SMAR01,8,1,18,LOI alysis ,N,2,66.9116,103.5046,0,0,103.5046,SC22,15.7842,23.021,22.1521,21.7671,,7.237,6.368,5.983,0.12,0.06,12.007,6.046,36.593,36.593,0.903,0.903,4.394,2.212,0.108,0.055,4.592675216,
6/11/2020,SMAR01,8,4,15,LOI alysis ,N,2,66.8374,101.8913,0,0,101.8913,SC9,17.2225,28.3397,27.9775,27.7773,,11.117,10.755,10.555,0.033,0.019,3.258,1.861,35.054,35.054,0.865,0.865,1.142,0.653,0.028,0.016,1.093205843,
6/11/2020,SMAR01,8,9,10,LOI alysis ,N,2,66.831,104.1241,0,0,104.1241,SC21,17.4322,27.5225,27.2757,27.1581,,10.09,9.844,9.726,0.024,0.012,2.446,1.195,37.293,37.293,0.92,0.92,0.912,0.446,0.023,0.011,0.768365361,
6/11/2020,SMAR01,8,12,7,LOI alysis ,N,2,66.8292,108.6722,0.9602,0,107.6635,SC25,12.7222,25.0824,24.7824,24.4468,,12.36,12.06,11.725,0.024,0.028,2.427,2.783,41.843,40.834,1.032,1.007,0.991,1.136,0.024,0.028,0.760858077,
6/11/2020,SMAR01,8,13,6,LOI alysis ,Y,2,66.8301,106.6368,0,0,106.6368,SC8,14.2009,27.1678,26.8609,26.7184,,12.967,12.66,12.518,0.024,0.011,2.367,1.126,39.807,39.807,0.982,0.982,0.942,0.448,0.023,0.011,0.736718182,
6/11/2020,SMAR01,8,14,5,LOI alysis ,Y,2,66.8306,105.7507,0,0.0319,103.1565,SC11,16.0411,25.5993,25.1622,24.935,,9.558,9.121,8.894,0.046,0.025,4.573,2.491,38.92,36.326,0.96,0.896,1.661,0.905,0.041,0.022,1.619214706,
6/11/2020,SMAR01,8,16,3,LOI alysis ,Y,2,66.82255,94.3156,0,0.0604,94.26,SC12,16.3402,25.9824,25.3467,24.9921,,9.642,9.007,8.652,0.066,0.039,6.593,3.937,27.493,27.433,0.678,0.677,1.809,1.08,0.045,0.027,2.427157495,
6/11/2020,SMAR01,8,17,2,LOI alysis ,Y,2,66.8234,101.2732,0,0.0257,98.7176,SC40,16.9304,25.413,24.7833,24.605,,8.483,7.853,7.675,0.074,0.023,7.423,2.27,34.45,31.894,0.85,0.787,2.368,0.724,0.058,0.018,2.759372598,
6/11/2020,SMAR01,8,18,1,LOI alysis ,Y,2,66.8238,86.8581,0,0,86.8581,SC39,16.4105,25.8275,25.1697,24.972,,9.417,8.759,8.562,0.07,0.023,6.985,2.257,20.034,20.034,0.494,0.494,1.399,0.452,0.035,0.011,2.584095784,
6/11/2020,SMARB,3,1,19,LOI alysis ,N,2,66.8219,114.303,0,0,114.303,SC7,15.4507,27.7116,27.4228,27.3088,,12.261,11.972,11.858,0.024,0.01,2.355,0.952,47.481,47.481,1.171,1.171,1.118,0.452,0.028,0.011,0.732182058,
6/11/2020,SMARB,3,5,15,LOI alysis ,N,2,66.8188,109.196,0,0,109.196,SC10,16.1409,27.6774,27.3597,27.2232,"Spilled, reweigh",11.537,11.219,11.082,0.028,0.012,2.754,1.217,42.377,42.377,1.045,1.045,1.167,0.516,0.029,0.013,0.891547263,
6/11/2020,SMARB,3,10,10,LOI alysis ,N,2,66.8205,108.107,0,0,108.107,SC16,18.5021,28.1197,27.5223,27.39,,9.618,9.02,8.888,0.062,0.015,6.212,1.467,41.287,41.287,1.018,1.018,2.565,0.606,0.063,0.015,2.274611545,
6/11/2020,SMARB,3,13,7,LOI alysis ,N,2,66.8194,116.8819,0.6011,0,116.2637,SC14,14.9177,26.6513,26.0654,25.9017,,11.734,11.148,10.984,0.05,0.015,4.993,1.468,50.063,49.444,1.235,1.22,2.469,0.726,0.061,0.018,1.78734097,
6/11/2020,SMARB,3,14,6,LOI alysis ,Y,2,66.8194,110.2227,0.0872,0,110.1358,SC2,15.9772,29.3793,28.6992,28.5525,,13.402,12.722,12.575,0.051,0.012,5.075,1.153,43.403,43.316,1.071,1.069,2.198,0.499,0.054,0.012,1.819831146,
6/11/2020,SMARB,3,15,5,LOI alysis ,Y,2,66.8194,112.2135,1.6415,0,110.551,SC26,16.3735,25.334,25.0309,24.921,,8.961,8.657,8.548,0.034,0.013,3.383,1.269,45.394,43.732,1.12,1.079,1.479,0.555,0.036,0.014,1.143049495,
6/11/2020,SMARB,3,17,3,LOI alysis ,Y,2,66.8246,102.4489,0,0,102.4489,SC15,14.3382,25.7437,25.35,25.1915,,11.406,11.012,10.853,0.035,0.014,3.452,1.439,35.624,35.624,0.879,0.879,1.23,0.513,0.03,0.013,1.170737364,
6/11/2020,SMARB,3,18,2,LOI alysis ,Y,2,66.8263,105.8822,0,0,105.8822,SC6,13.8583,24.0978,23.7412,23.6427,,10.24,9.883,9.784,0.035,0.01,3.483,0.997,39.056,39.056,0.963,0.963,1.36,0.389,0.034,0.01,1.183036769,
6/11/2020,SMARB,3,19,1,LOI alysis ,Y,3.1,66.815,138.0383,0.0299,0.0026,138.01,SC13,16.7789,30.8467,30.5211,30.3955,,14.068,13.742,13.617,0.023,0.009,2.315,0.914,71.223,71.191,1.134,1.133,1.648,0.651,0.026,0.01,0.715802187,
6/22/2020,SMAR12,1,1,19,LOI alysis ,N,2,66.8119,109.4462,0,0,109.4462,SC18,15.9549,32.8419,32.3927,32.2763,,16.887,16.438,16.321,0.027,0.007,2.66,0.708,42.634,42.634,1.052,1.052,1.134,0.302,0.028,0.007,0.854013738,
6/22/2020,SMAR12,1,5,15,LOI alysis ,N,2,66.8064,119.4422,0,0,119.4422,SC38,16.6586,30.2623,29.8474,29.7762,,13.604,13.189,13.118,0.03,0.005,3.05,0.54,52.636,52.636,1.298,1.298,1.605,0.284,0.04,0.007,1.009962216,
6/22/2020,SMAR12,1,10,10,LOI alysis ,N,2,66.7985,118.4675,0,0,118.4675,SC37,16.12,31.8707,31.2786,31.1746,,15.751,15.159,15.055,0.038,0.007,3.759,0.686,51.669,51.669,1.275,1.275,1.942,0.354,0.048,0.009,1.293679202,
6/22/2020,SMAR12,1,13,7,LOI alysis ,N,2,66.7965,116.9377,0,0,116.9377,SC34,16.3686,30.8513,30.2603,30.0987,,14.483,13.892,13.73,0.041,0.012,4.081,1.163,50.141,50.141,1.237,1.237,2.046,0.583,0.05,0.014,1.422292321,
6/22/2020,SMAR12,1,14,6,LOI alysis ,Y,2,66.7976,115.2907,0.1732,0,115.0989,SC44,15.2419,29.8856,28.6738,28.4965,"Tipped over at the LOI450 stage, before weighing. ",14.644,13.432,13.255,0.083,0.013,8.275,1.32,48.493,48.301,1.196,1.192,3.997,0.638,0.099,0.016,3.100092395,
6/22/2020,SMAR12,1,15,5,LOI alysis ,Y,2,66.7997,111.5049,0.3859,0.0306,111.0771,SC43,15.7739,33.0155,32.3857,32.1431,,17.242,16.612,16.369,0.037,0.015,3.653,1.46,44.705,44.277,1.103,1.092,1.617,0.647,0.04,0.016,1.251117298,
6/22/2020,SMAR12,1,17,3,LOI alysis ,Y,2,66.8016,117.347,0.1282,0.2079,117.0109,SC32,17.8605,29.5791,29.0876,28.9667,,11.719,11.227,11.106,0.042,0.011,4.194,1.077,50.545,50.209,1.247,1.239,2.106,0.541,0.052,0.013,1.467674808,
6/22/2020,SMAR12,1,18,2,LOI alysis ,Y,2,66.7952,115.5546,0.2962,0.1179,115.1225,SC30,16.7991,33.1806,32.6352,32.4546,,16.382,15.836,15.656,0.033,0.011,3.329,1.14,48.759,48.327,1.203,1.192,1.609,0.551,0.04,0.014,1.121746177,
6/22/2020,SMAR12,1,19,1,LOI alysis ,Y,1.9,66.7801,109.6692,0.5068,0.0872,109.0392,SC35,15.4579,30.7517,30.2979,30.0746,,15.294,14.84,14.617,0.03,0.015,2.967,1.505,42.889,42.259,1.114,1.097,1.254,0.636,0.033,0.017,0.976886189,
6/23/2020,SMAR12,3,1,20,LOI alysis ,N,2,66.8042,118.6311,0,0,118.6311,SC22,15.7904,28.5323,28.2241,28.1414,,12.742,12.434,12.351,0.024,0.007,2.419,0.665,51.827,51.827,1.279,1.279,1.254,0.345,0.031,0.009,0.757516618,
6/23/2020,SMAR12,3,6,15,LOI alysis ,N,2,66.8013,119.5487,0,0,119.5487,SC13,16.85,32.3316,31.9283,31.8114,,15.482,15.078,14.961,0.026,0.008,2.605,0.775,52.747,52.747,1.301,1.301,1.374,0.409,0.034,0.01,0.832011162,
6/23/2020,SMAR12,3,11,10,LOI alysis ,N,2,66.8047,110.2629,0,0,110.2629,SC21,17.4498,27.779,27.3812,27.2635,,10.329,9.931,9.814,0.039,0.012,3.851,1.185,43.458,43.458,1.072,1.072,1.674,0.515,0.041,0.013,1.330487163,
6/23/2020,SMAR12,3,14,7,LOI alysis ,N,2,66.8027,113.1556,0,0,113.1556,SC39,16.2304,26.9776,26.6017,26.4742,,10.747,10.371,10.244,0.035,0.012,3.498,1.229,46.353,46.353,1.143,1.143,1.621,0.57,0.04,0.014,1.189062081,
6/23/2020,SMAR12,3,15,6,LOI alysis ,N,2,66.8042,110.3947,0,0.0569,110.314,SC2,15.712,30.2448,29.8239,29.6394,,14.533,14.112,13.927,0.029,0.013,2.896,1.307,43.591,43.51,1.075,1.073,1.26,0.569,0.031,0.014,0.94848288,
6/23/2020,SMAR12,3,16,5,LOI alysis ,N,2,66.7791,110.4855,0.08,0.1926,110.1879,SC12,16.2427,30.3197,29.7424,29.5459,,14.077,13.5,13.303,0.041,0.015,4.101,1.456,43.706,43.409,1.078,1.071,1.78,0.632,0.044,0.016,1.430406337,
6/23/2020,SMAR12,3,18,3,LOI alysis ,N,2,66.7937,104.5926,0.1673,0.0702,104.3464,SC40,16.8308,27.8268,27.2843,27.1325,,10.996,10.454,10.302,0.049,0.015,4.934,1.452,37.799,37.553,0.932,0.926,1.853,0.545,0.046,0.013,1.763444889,
6/23/2020,SMAR12,3,19,2,LOI alysis ,N,2,66.7866,103.6204,0.1793,0.2365,103.2131,SC15,14.3597,27.2977,26.8582,26.6636,,12.938,12.499,12.304,0.034,0.016,3.397,1.557,36.834,36.427,0.909,0.899,1.237,0.567,0.031,0.014,1.148788066,
6/23/2020,SMAR12,3,20,1,LOI alysis ,N,3.6,66.787,147.3815,0.2592,0.0995,146.9578,SC11,15.9339,27.639,27.1914,26.992,,11.705,11.258,11.058,0.038,0.018,3.824,1.771,80.595,80.171,1.105,1.099,3.066,1.42,0.042,0.019,1.319589666,
6/29/2020,SMAR04,1,1,15,LOI alysis ,N,2,66.8081,111.833,0.0532,0,111.7826,SC34,16.1758,26.9855,26.7336,26.6349,,10.81,10.558,10.459,0.023,0.009,2.33,0.935,45.025,44.975,1.111,1.109,1.048,0.42,0.026,0.01,0.722125776,
6/29/2020,SMAR04,1,6,10,LOI alysis ,N,2,66.7933,114.1936,0,0,114.1936,SC37,15.9371,29.2123,28.8651,28.7515,,13.275,12.928,12.814,0.026,0.009,2.615,0.879,47.4,47.4,1.169,1.169,1.24,0.417,0.031,0.01,0.836161263,
6/29/2020,SMAR04,1,9,7,LOI alysis ,N,2,66.7922,111.4273,0.5369,0,110.8987,SC30,16.5298,26.8417,26.536,26.3526,,10.312,10.006,9.823,0.03,0.018,2.965,1.833,44.635,44.107,1.101,1.088,1.308,0.808,0.032,0.02,0.975814447,
6/29/2020,SMAR04,1,10,6,LOI alysis ,N,2,66.7909,105.5732,0.5031,0,102.5942,SC38,16.4816,25.4746,25.1944,25.0178,,8.993,8.713,8.536,0.031,0.02,3.116,2.027,38.782,35.803,0.957,0.883,1.116,0.726,0.028,0.018,1.03630268,
6/29/2020,SMAR04,1,11,5,LOI alysis ,N,2,66.7958,96.1873,0.3445,0.0506,95.8487,SC43,15.5409,26.3506,25.8362,25.5869,Spilled after post-LOI950 weigh: 25.589,10.81,10.295,10.046,0.048,0.024,4.759,2.421,29.392,29.053,0.725,0.717,1.383,0.704,0.034,0.017,1.693475582,
6/29/2020,SMAR04,1,13,3,LOI alysis ,N,2,66.7925,97.4001,1.7788,0.0327,95.6442,SC32,17.5931,28.0159,27.5868,27.3096,,10.423,9.994,9.717,0.041,0.028,4.117,2.774,30.608,28.852,0.755,0.712,1.188,0.8,0.029,0.02,1.436774379,
6/29/2020,SMAR04,1,14,2,LOI alysis ,N,2,66.7828,94.1074,0.4403,0.0295,93.6823,SC35,15.5164,28.114,27.5218,27.1265,,12.598,12.005,11.61,0.047,0.033,4.701,3.293,27.325,26.9,0.674,0.664,1.265,0.886,0.031,0.022,1.670358163,
6/29/2020,SMAR04,1,15,1,LOI alysis ,N,2.7,66.7844,93.2464,0.2947,0.0447,92.907,SC44,15.2983,26.5628,25.9703,25.488,,11.265,10.672,10.19,0.053,0.045,5.26,4.519,26.462,26.123,0.484,0.477,1.374,1.181,0.025,0.022,1.893954903,
6/30/2020,STCH06,3,1,11,LOI alysis ,N,2,66.7882,116.864,0,0,116.864,SC14,14.7325,28.1558,27.6861,27.1069,,13.423,12.954,12.374,0.035,0.045,3.499,4.471,50.076,50.076,1.235,1.235,1.752,2.239,0.043,0.055,1.189655822,
6/30/2020,STCH06,3,2,10,LOI alysis ,N,2,66.7875,108.4136,0,0,108.4136,SC6,13.7736,29.1782,28.767,28.0509,,15.405,14.993,14.277,0.027,0.048,2.669,4.776,41.626,41.626,1.027,1.027,1.111,1.988,0.027,0.049,0.857733015,
6/30/2020,STCH06,3,5,7,LOI alysis ,N,2,66.7793,102.72,0.4939,0,102.2391,SC7,15.4977,25.5896,25.134,24.2429,,10.092,9.636,8.745,0.045,0.092,4.515,9.247,35.941,35.46,0.887,0.875,1.601,3.279,0.039,0.081,1.595804655,
6/30/2020,STCH06,3,6,6,LOI alysis ,N,2,66.7759,99.8496,0.3083,0,99.5588,SC16,18.2917,28.3549,27.864,26.8845,,10.063,9.572,8.593,0.049,0.102,4.878,10.233,33.074,32.783,0.816,0.809,1.599,3.355,0.039,0.083,1.741267986,
6/30/2020,STCH06,3,7,5,LOI alysis ,N,2,66.757,100.1304,0.5013,0,99.5446,SC25,12.7744,25.774,25.1019,23.8021,,13,12.328,11.028,0.052,0.105,5.17,10.544,33.373,32.788,0.823,0.809,1.695,3.457,0.042,0.085,1.858063633,
6/30/2020,STCH06,3,9,3,LOI alysis ,N,2,66.7676,93.0173,0.4495,0.0497,92.4921,SC26,16.333,28.1739,27.468,26.1923,,11.841,11.135,9.859,0.06,0.115,5.962,11.457,26.25,25.725,0.648,0.635,1.534,2.947,0.038,0.073,2.174616034,
6/30/2020,STCH06,3,10,2,LOI alysis ,N,2,66.7921,92.0283,1.1386,0.1481,90.753,SC8,14.2119,25.3441,24.7012,23.4575,,11.132,10.489,9.246,0.058,0.119,5.775,11.857,25.236,23.961,0.623,0.591,1.384,2.841,0.034,0.07,2.100055515,
6/30/2020,STCH06,3,11,1,LOI alysis ,N,2.7,66.7679,101.703,0.9482,0.0547,100.7294,SC10,16.1808,28.07,27.7386,26.3087,,11.889,11.558,10.128,0.028,0.124,2.787,12.372,34.935,33.962,0.638,0.621,0.947,4.202,0.017,0.077,0.904961478,
7/1/2020,STCH20,2,1,12,LOI alysis ,N,2,66.8832,94.6355,2.0103,0,92.6164,SC29,14.6879,23.8552,22.9923,21.7598,,9.167,8.304,7.072,0.094,0.148,9.413,14.842,27.752,25.733,0.685,0.635,2.422,3.819,0.06,0.094,3.555121683,
7/1/2020,STCH20,2,3,10,LOI alysis ,N,2,66.7693,100.6554,0,0,100.6554,SC3,16.5374,29.5073,28.6909,27.5022,,12.97,12.154,10.965,0.063,0.098,6.295,9.781,33.886,33.886,0.836,0.836,2.133,3.314,0.053,0.082,2.307829744,
7/1/2020,STCH20,2,6,7,LOI alysis ,N,2,66.7616,103.2242,1.3786,0,101.824,SC33,14.3602,26.4503,25.7709,24.3202,,12.09,11.411,9.96,0.056,0.127,5.619,12.714,36.463,35.062,0.899,0.865,1.97,4.458,0.049,0.11,2.037789514,
7/1/2020,STCH20,2,7,6,LOI alysis ,N,2,66.76328,99.6467,0.3247,0,99.3384,SC17,14.8649,28.6576,27.6426,25.8209,,13.793,12.778,10.956,0.074,0.143,7.359,14.257,32.883,32.575,0.811,0.804,2.397,4.644,0.059,0.115,2.7335861,
7/1/2020,STCH20,2,8,5,LOI alysis ,N,2,66.7562,100.3813,0.7744,0.114,99.5043,SC1,16.2337,27.1489,26.6953,25.0677,,10.915,10.462,8.834,0.042,0.156,4.156,15.558,33.625,32.748,0.829,0.808,1.361,5.095,0.034,0.126,1.452269129,
7/1/2020,STCH20,2,10,3,LOI alysis ,N,2,66.7686,96.6017,2.0377,0.2124,94.3696,SC31,17.5954,27.4938,26.8374,25.1626,,9.898,9.242,7.567,0.066,0.181,6.631,18.122,29.833,27.601,0.736,0.681,1.83,5.002,0.045,0.123,2.442549907,
7/1/2020,STCH20,2,11,2,LOI alysis ,N,2,66.7472,108.2719,2.9906,0.0363,105.2717,SC36,15.3059,23.7846,23.3911,21.9137,,8.479,8.085,6.608,0.046,0.183,4.641,18.273,41.525,38.525,1.024,0.95,1.788,7.04,0.044,0.174,1.646416668,
7/1/2020,STCH20,2,12,1,LOI alysis ,N,2.5,66.7428,122.2293,4.6152,0.0633,117.5665,SC24,15.3356,25.5373,25.231,23.4452,,10.202,9.895,8.11,0.03,0.18,3.002,18.047,55.487,50.824,1.095,1.003,1.526,9.172,0.03,0.181,0.990976308,
7/22/2020,STCH05,3,1,23,LOI alysis ,N,2,66.9139,106.5081,0,0,106.5081,SC10,16.1895,27.2415,26.9166,26.6031,,11.052,10.727,10.414,0.029,0.029,2.94,2.923,39.594,39.594,0.977,0.977,1.164,1.157,0.029,0.029,0.965895765,
7/22/2020,STCH05,3,4,20,LOI alysis ,N,2,66.0123,112.036,0,0,112.036,SC25,12.9019,28.254,27.6683,27.2707,,15.352,14.766,14.369,0.038,0.027,3.815,2.693,46.024,46.024,1.135,1.135,1.756,1.239,0.043,0.031,1.316045297,
7/22/2020,STCH05,3,9,15,LOI alysis ,N,2,66.8772,114.6304,0,0,114.6304,SC26,16.821,26.2965,25.9071,25.5561,,9.476,9.086,8.735,0.041,0.039,4.11,3.863,47.753,47.753,1.178,1.178,1.962,1.845,0.048,0.046,1.433818268,
7/22/2020,STCH05,3,14,10,LOI alysis ,N,2,66.0125,114.2625,0,0,114.2625,SC39,16.367,26.8196,26.2175,25.8722,,10.453,9.851,9.505,0.058,0.035,5.76,3.505,48.25,48.25,1.19,1.19,2.779,1.691,0.069,0.042,2.094115722,
7/22/2020,STCH05,3,17,7,LOI alysis ,N,2,66.8757,107.9899,0,0,107.9899,SC36,15.2032,27.5526,27.1147,26.8049,,12.349,11.912,11.602,0.035,0.026,3.546,2.601,41.114,41.114,1.014,1.014,1.458,1.069,0.036,0.026,1.208368504,
7/22/2020,STCH05,3,18,6,LOI alysis ,N,2,66.0095,105.0051,0,0,105.0051,SC17,14.6404,24.6174,24.1045,23.7741,,9.977,9.464,9.134,0.051,0.035,5.141,3.491,38.996,38.996,0.962,0.962,2.005,1.361,0.049,0.034,1.846329558,
7/22/2020,STCH05,3,19,5,LOI alysis ,N,2,66.8746,105.3959,0,0.01,105.3871,SC29,14.3855,25.9012,25.3263,24.9048,,11.516,10.941,10.519,0.05,0.039,4.992,3.853,38.521,38.513,0.95,0.95,1.923,1.484,0.047,0.037,1.786925936,
7/22/2020,STCH05,3,21,3,LOI alysis ,N,2,66.0113,105.409,0,0,105.409,SC44,15.2768,28.1014,27.5806,27.1647,,12.825,12.304,11.888,0.041,0.034,4.061,3.38,39.398,39.398,0.972,0.972,1.6,1.332,0.039,0.033,1.414378148,
7/22/2020,STCH05,3,22,2,LOI alysis ,N,2,66.8776,97.8204,0,0.3197,97.492,SC3,16.4254,27.5923,27.1393,26.7608,,11.167,10.714,10.335,0.041,0.035,4.057,3.533,30.943,30.614,0.763,0.755,1.242,1.082,0.031,0.027,1.412652661,
7/22/2020,STCH05,3,23,1,LOI alysis ,N,3,66.0058,121.5447,0.7081,0.0707,120.7568,SC8,14.2239,24.2572,23.8237,23.3946,,10.033,9.6,9.171,0.043,0.045,4.321,4.47,55.539,54.751,0.913,0.9,2.366,2.447,0.039,0.04,1.518244944,
7/30/2020,SJB02,3,1,18,LOI alysis ,N,2,66.9007,112.5916,0,0,112.5916,SC22,16.076,30.6214,29.9614,29.8519,,14.545,13.885,13.776,0.045,0.008,4.538,0.789,45.691,45.691,1.127,1.127,2.073,0.36,0.051,0.009,1.605006806,
7/30/2020,SJB02,3,4,15,LOI alysis ,N,2,66.0538,112.3012,0,0,112.3012,SC30,16.5885,27.1611,26.8426,26.7542,,10.573,10.254,10.166,0.03,0.009,3.013,0.862,46.247,46.247,1.141,1.141,1.393,0.399,0.034,0.01,0.995001608,
7/30/2020,SJB02,3,9,10,LOI alysis ,N,2,66.8915,113.9758,0.3371,0,113.6387,SC24,15.4061,27.7602,27.5829,27.4959,,12.354,12.177,12.09,0.014,0.007,1.435,0.714,47.084,46.747,1.162,1.153,0.671,0.334,0.017,0.008,0.364060433,
7/30/2020,SJB02,3,12,7,LOI alysis ,N,2,66.0453,107.5439,0.3143,0,107.2349,SC40,16.98,27.7093,27.1289,27.0201,,10.729,10.149,10.04,0.054,0.011,5.409,1.072,41.499,41.19,1.024,1.016,2.228,0.442,0.055,0.011,1.953794469,
7/30/2020,SJB02,3,13,6,LOI alysis ,N,2,66.8917,107.4124,0,0.1344,107.2859,SC14,14.8644,24.2299,23.6781,23.5566,,9.366,8.814,8.692,0.059,0.014,5.892,1.379,40.521,40.394,1,0.996,2.38,0.557,0.059,0.014,2.146734825,
7/30/2020,SJB02,3,14,5,LOI alysis ,N,2,66.0623,108.9243,0.0586,0.0198,108.8416,SC13,16.9898,30.1892,29.6351,29.4828,,13.199,12.645,12.493,0.042,0.012,4.198,1.204,42.862,42.779,1.057,1.055,1.796,0.515,0.044,0.013,1.469167235,
7/30/2020,SJB02,3,16,3,LOI alysis ,N,2,66.9152,106.1246,0.1679,0.2772,105.7171,SC31,17.4906,25.0508,24.8163,24.764,,7.56,7.326,7.273,0.031,0.007,3.102,0.714,39.209,38.802,0.967,0.957,1.204,0.277,0.03,0.007,1.030707918,
7/30/2020,SJB02,3,17,2,LOI alysis ,N,2,66.0519,110.617,0.3878,0.1555,110.079,SC21,17.522,28.5411,28.2469,28.1603,,11.019,10.725,10.638,0.027,0.008,2.67,0.807,44.565,44.027,1.099,1.086,1.175,0.356,0.029,0.009,0.857963808,
7/30/2020,SJB02,3,18,1,LOI alysis ,N,1.9,66.8936,119.7516,1.5097,0.7875,117.4461,SC35,15.4482,25.2845,25.0288,24.9305,,9.836,9.581,9.482,0.026,0.01,2.6,1.026,52.858,50.553,1.373,1.313,1.314,0.519,0.034,0.013,0.829821884,
8/5/2020,SJB24,1,1,14,LOI alysis ,N,2,66.8719,118.948,0,0,22:45,SC34,16.4526,28.8634,28.4648,28.4051,,12.411,12.012,11.953,0.032,0.005,3.212,0.497,52.076,52.076,1.285,1.285,1.673,0.259,0.041,0.006,1.07468753,
8/5/2020,SJB24,1,5,10,LOI alysis ,N,2,66.0124,106.7408,0.9163,0,105.8279,SC11,15.9602,26.9857,26.7222,26.6356,,11.026,10.762,10.675,0.024,0.008,2.39,0.805,40.728,39.816,1.005,0.982,0.952,0.32,0.023,0.008,0.745965716,
8/5/2020,SJB24,1,8,7,LOI alysis ,N,2,65.9993,113.2753,0,0,113.2753,SC29,14.7362,28.3191,27.7517,27.6524,,13.583,13.016,12.916,0.042,0.008,4.177,0.763,47.276,47.276,1.166,1.166,1.975,0.361,0.049,0.009,1.460924471,
8/5/2020,SJB24,1,9,6,LOI alysis ,Y,2,66.8676,108.3161,0,0.2347,108.3161,SC3,16.5696,30.5507,30.1293,30.0388,,13.981,13.56,13.469,0.03,0.007,3.014,0.667,41.449,41.449,1.022,1.022,1.249,0.277,0.031,0.007,0.995627597,
8/5/2020,SJB24,1,10,5,LOI alysis ,Y,2,66.9956,110.9709,0,0.431,110.5433,SC39,16.5604,29.5298,28.9674,28.9047,,12.969,12.407,12.344,0.043,0.005,4.336,0.505,43.975,43.548,1.085,1.074,1.888,0.22,0.047,0.005,1.524544389,
8/5/2020,SJB24,1,12,3,LOI alysis ,Y,2,66.8663,106.1886,0.0898,0.6748,105.3901,SC25,12.9721,27.1507,26.7522,26.6112,,14.179,13.78,13.639,0.028,0.01,2.811,1.023,39.322,38.524,0.97,0.95,1.083,0.394,0.027,0.01,0.914229473,
8/5/2020,SJB24,1,13,2,LOI alysis ,Y,2,66.9928,103.6232,1.0468,1.5469,101.0271,SC10,16.4327,27.5729,27.1822,27.0063,,11.14,10.75,10.574,0.035,0.016,3.507,1.636,36.63,34.034,0.904,0.84,1.194,0.557,0.029,0.014,1.192847346,
8/5/2020,SJB24,1,14,1,LOI alysis ,Y,2.6,66.8639,138.2413,1.172,0.3472,136.7229,SC44,15.5521,30.3719,29.8362,29.7502,,14.82,14.284,14.198,0.036,0.006,3.615,0.602,71.377,69.859,1.354,1.326,2.525,0.421,0.048,0.008,1.235903453,
8/11/2020,SJBA,1,18,1,LOI alysis ,Y,1.9,66.8622,111.6436,0,0,111.6436,SC2,15.8077,27.3885,27.1983,27.0992,,11.581,11.391,11.292,0.016,0.009,1.642,0.87,44.781,44.781,1.163,1.163,0.735,0.39,0.019,0.01,0.446949434,
8/11/2020,SJBA,1,17,2,LOI alysis ,Y,2,66.7853,126.7389,0,0,126.7389,SC32,17.8454,28.797,28.5111,28.4546,,10.952,10.666,10.609,0.026,0.005,2.611,0.53,59.954,59.954,1.479,1.479,1.565,0.318,0.039,0.008,0.83423098,
8/11/2020,SJBA,1,16,3,LOI alysis ,Y,2,66.9905,121.2778,0,0,121.2778,SC16,18.3498,31.1573,31.0089,30.9276,,12.808,12.659,12.578,0.012,0.006,1.159,0.642,54.287,54.287,1.339,1.339,0.629,0.349,0.016,0.009,0.253478431,
8/11/2020,SJBA,1,14,5,LOI alysis ,Y,2,66.7809,126.5419,0,0,126.5419,SC39,16.1632,29.6363,29.5737,29.5114,,13.473,13.411,13.348,0.005,0.005,0.465,0.465,59.761,59.761,1.474,1.474,0.278,0.278,0.007,0.007,-0.024148192,
8/11/2020,SJBA,1,13,6,LOI alysis ,Y,2,65.9914,120.6284,0,0,120.6284,SC38,16.4931,29.7827,29.7338,29.66,,13.29,13.241,13.167,0.004,0.006,0.368,0.557,54.637,54.637,1.348,1.348,0.201,0.305,0.005,0.008,-0.062817241,
8/11/2020,SJBA,1,12,7,LOI alysis ,N,2,66.86,130.8673,0,0,130.8673,SC12,16.4452,29.6235,29.1914,29.1288,,13.178,12.746,12.684,0.033,0.005,3.279,0.491,64.007,64.007,1.579,1.579,2.099,0.314,0.052,0.008,1.101550048,
8/11/2020,SJBA,1,9,10,LOI alysis ,N,2,66.7816,124.8614,0,0,134.8614,SC1,16.2753,26.3926,26.3656,26.3258,,10.117,10.09,10.051,0.003,0.004,0.267,0.394,58.08,68.08,1.433,1.679,0.182,0.269,0.004,0.007,-0.103252152,
8/11/2020,SJBA,1,4,15,LOI alysis ,N,2,65.9902,117.8149,0,0,117.8149,SC37,16.0301,32.596,32.3738,32.2976,,16.566,16.344,16.268,0.013,0.005,1.341,0.466,51.825,51.825,1.278,1.278,0.695,0.242,0.017,0.006,0.326523823,
8/11/2020,SJBA,1,1,18,LOI alysis ,N,2,66.8617,114.7214,0,0,114.7214,SC25,12.9284,29.4175,29.1475,29.0578,,16.489,16.219,16.129,0.016,0.006,1.637,0.553,47.86,47.86,1.181,1.181,0.784,0.265,0.019,0.007,0.444978137,
8/24/2020,SJB06,1,17,1,LOI alysis ,Y,2.7,66.0191,137.6828,0.1012,0.3127,137.2713,SC31,17.4011,30.3099,30.1602,30.112,,12.909,12.759,12.711,0.012,0.004,1.16,0.378,71.664,71.252,1.31,1.302,0.826,0.269,0.015,0.005,0.253869608,
8/24/2020,SJB06,1,16,2,LOI alysis ,Y,2,66.7952,113.7795,0,0.2574,113.5358,SC30,16.5648,31.568,31.4321,31.3619,,15.003,14.867,14.797,0.009,0.005,0.906,0.472,46.984,46.741,1.159,1.153,0.423,0.221,0.01,0.005,0.152322704,
8/24/2020,SJB06,1,15,3,LOI alysis ,Y,2,65.9948,113.3266,0,0.2453,113.0862,SC22,15.7525,30.111,29.9774,29.9221,,14.359,14.225,14.17,0.009,0.004,0.93,0.389,47.332,47.091,1.168,1.162,0.438,0.183,0.011,0.005,0.162183724,
8/24/2020,SJB06,1,13,5,LOI alysis ,Y,2,66.8617,121.6358,0,0.0602,121.4993,SC7,15.5388,29.3188,29.1884,29.1312,,13.78,13.65,13.592,0.009,0.004,0.946,0.419,54.774,54.638,1.351,1.348,0.517,0.229,0.013,0.006,0.168519594,
8/24/2020,SJB06,1,12,6,LOI alysis ,Y,2,66.7828,118.9203,0.0052,0.0311,118.8908,SC17,14.8853,31.8084,31.4047,31.3219,,16.923,16.519,16.437,0.024,0.005,2.385,0.501,52.138,52.108,1.286,1.285,1.243,0.261,0.031,0.006,0.744198699,
8/24/2020,SJB06,1,11,7,LOI alysis ,N,2,65.9888,123.2588,0.0118,0,123.192,SC36,15.4704,31.0327,30.6747,30.6018,,15.562,15.204,15.131,0.023,0.005,2.3,0.479,57.27,57.203,1.413,1.411,1.316,0.274,0.032,0.007,0.710172468,
8/24/2020,SJB06,1,8,10,LOI alysis ,N,2,66.8608,129.5974,0.7386,0,128.8477,SC26,16.5027,32.2828,32.0111,31.8857,,15.78,15.508,15.383,0.017,0.008,1.722,0.809,62.737,61.987,1.548,1.529,1.067,0.501,0.026,0.012,0.478715534,
8/24/2020,SJB06,1,3,15,LOI alysis ,N,2,66.7857,115.2224,0,0,115.2224,SC29,14.6109,28.431,28.1002,28.0237,,13.82,13.489,13.413,0.024,0.006,2.394,0.567,48.437,48.437,1.195,1.195,1.159,0.275,0.029,0.007,0.747446039,
8/24/2020,SJB06,1,1,17,LOI alysis ,N,2,65.9859,123.2734,2.1442,0,121.1316,SC10,16.1661,30.772,30.7081,30.6093,,14.606,14.542,14.443,0.004,0.007,0.437,0.679,57.288,55.146,1.413,1.36,0.241,0.375,0.006,0.009,-0.035002225,
8/26/2020,SJB07,2,14,1,LOI alysis ,Y,1.5,66.7692,107.4944,0,0,107.4944,SC8,14.386,31.4646,31.1938,31.0514,,17.079,16.808,16.665,0.016,0.008,1.586,0.847,40.725,40.725,1.34,1.34,0.646,0.345,0.021,0.011,0.424244025,
8/26/2020,SJB07,2,13,2,LOI alysis ,Y,2,66.8831,112.3498,0.5339,0.2347,111.5844,SC44,15.2612,34.4978,34.3865,34.1153,,19.237,19.125,28.854,0.006,0.014,0.579,1.418,45.467,44.701,1.122,1.103,0.259,0.634,0.006,0.016,0.021433829,
8/26/2020,SJB07,2,12,3,LOI alysis ,Y,2,66.8405,117.9662,0.2214,0.2138,117.5286,SC32,17.6262,30.9467,30.8689,30.7729,,13.321,13.243,13.147,0.006,0.007,0.584,0.725,51.126,50.688,1.261,1.25,0.296,0.367,0.007,0.009,0.023624864,
8/26/2020,SJB07,2,10,5,LOI alysis ,Y,2,66.7679,115.5655,1.6512,0.3113,113.6027,SC43,15.7795,32.1984,31.9049,31.7569,,16.419,16.125,15.977,0.018,0.009,1.788,0.918,48.798,46.835,1.204,1.155,0.837,0.43,0.021,0.011,0.50502963,
8/26/2020,SJB07,2,9,6,LOI alysis ,Y,2,66.7623,112.6953,0,0.3263,112.369,SC15,14.3614,31.1531,31.0852,30.983,,16.792,16.724,16.622,0.004,0.006,0.404,0.611,45.933,45.607,1.133,1.125,0.184,0.279,0.005,0.007,-0.048253423,
8/26/2020,SJB07,2,8,7,LOI alysis ,N,2,66.8472,112.0626,3.1546,0,108.8987,SC6,13.828,28.6853,28.5624,28.4179,,14.857,14.734,14.59,0.008,0.01,0.827,0.981,45.215,42.052,1.115,1.037,0.348,0.412,0.009,0.01,0.120881116,
8/26/2020,SJB07,2,5,10,LOI alysis ,N,2,66.7656,116.6395,2.6521,0,113.9734,SC33,14.3665,30.384,30.2622,29.9634,,16.018,15.896,15.597,0.008,0.019,0.76,1.88,49.874,47.208,1.23,1.165,0.359,0.887,0.009,0.022,0.094167317,
8/26/2020,SJB07,2,1,14,LOI alysis ,N,2,65.9684,119.4581,0.25,0,119.214,SC37,15.9473,31.851,31.6626,31.5689,,15.904,15.715,15.622,0.012,0.006,1.185,0.596,53.49,53.246,1.32,1.314,0.631,0.317,0.016,0.008,0.263851997,
8/26/2020,SJB13,1,1,19,LOI alysis ,N,2,66.8409,116.9708,0.0417,0,116.9298,SC25,12.7578,31.7153,31.5789,31.4828,,18.958,18.821,18.725,0.007,0.005,0.72,0.511,50.13,50.089,1.237,1.236,0.36,0.256,0.009,0.006,0.077801662,
8/26/2020,SJB13,1,5,15,LOI alysis ,N,2,65.9792,120.8031,0.2563,0,120.5468,SC27,16.0937,30.7654,30.7058,30.6377,,14.672,14.612,14.544,0.004,0.005,0.406,0.466,54.824,54.568,1.352,1.346,0.222,0.254,0.005,0.006,-0.047510309,
8/26/2020,SJB13,1,10,10,LOI alysis ,N,2,66.7591,113.6709,0,0,113.6709,SC2,15.7005,31.0793,31.0282,30.9318,,15.379,15.328,15.231,0.003,0.006,0.332,0.629,46.912,46.912,1.157,1.157,0.156,0.295,0.004,0.007,-0.07708976,
8/26/2020,SJB13,1,13,7,LOI alysis ,N,2,66.76,123.2498,0,0,123.2498,SC25,12.7759,31.7182,31.5355,24.8501,"Pre-weight for LOI950  is 24.8945.

But the LOI 450 needs to be redone because this is a very unlikely loss.",18.942,18.76,12.074,0.01,0.004,0.965,0.366,56.49,56.49,1.394,1.394,0.545,0.207,0.013,0.005,0.175803202,
8/26/2020,SJB13,1,14,6,LOI alysis ,Y,2,65.9786,119.0145,0,0.126,118.8883,SC16,18.2863,32.9565,32.8327,32.7595,,14.67,14.546,14.473,0.008,0.005,0.844,0.503,53.036,52.91,1.308,1.305,0.446,0.266,0.011,0.007,0.127555044,
8/26/2020,SJB13,1,15,5,LOI alysis ,Y,2,66.8341,126.6157,0.1074,0.1081,126.3988,SC16,18.2809,33.576,33.4646,31.6837,"Preweight for LOI 950 is 31.775.

But need to redo this slice because its unlikely this sample gained weight .",15.295,15.184,13.403,0.007,0.007,0.728,0.677,59.782,59.565,1.475,1.469,0.434,0.403,0.011,0.01,0.081335133,
8/26/2020,SJB13,1,17,3,LOI alysis ,Y,2,65.9783,121.7195,0.0621,0.4828,121.1757,SC39,16.1838,29.3472,29.2692,29.2076,,13.163,13.085,13.024,0.006,0.005,0.593,0.471,55.741,55.197,1.375,1.362,0.327,0.26,0.008,0.006,0.02702083,
8/26/2020,SJB13,1,18,2,LOI alysis ,Y,2,66.8281,124.9021,0.1415,0.1635,124.5988,SC28,16.101,32.5817,32.4799,32.3314,,16.481,16.379,16.23,0.006,0.009,0.618,0.907,58.074,57.771,1.433,1.425,0.357,0.524,0.009,0.013,0.037076884,
8/26/2020,SJB13,1,19,1,LOI alysis ,Y,2.5,66.7564,143.5678,0.8747,0.0173,142.6755,SC38,17.502,30.6373,30.549,30.379,,13.135,13.047,12.877,0.007,0.013,0.672,1.303,76.811,75.919,1.516,1.498,0.51,0.989,0.01,0.02,0.058893744,
8/31/2020,SJBC,1,14,1,LOI alysis ,Y,4,65.9838,163.3009,0.0618,0,163.2396,SC43,15.5855,32.7335,32.6432,32.5835,,17.148,17.058,16.998,0.005,0.003,0.527,0.35,97.317,97.256,1.2,1.2,0.512,0.34,0.006,0.004,0.000636809,
8/31/2020,SJBC,1,13,2,LOI alysis ,Y,2,66.7824,116.7502,0.0158,0,116.7403,SC3,16.5281,35.4172,35.1236,35.0488,,18.889,18.596,18.521,0.016,0.004,1.554,0.402,49.968,49.958,1.233,1.232,0.777,0.201,0.019,0.005,0.411734228,
8/31/2020,SJBC,1,12,3,LOI alysis ,Y,2,65.9803,118.9467,0,0,118.9467,SC45,15.782,32.7706,32.7127,32.6401,,16.989,16.931,16.858,0.003,0.004,0.341,0.429,52.966,52.966,1.307,1.307,0.181,0.227,0.004,0.006,-0.073673287,
8/31/2020,SJBC,1,10,5,LOI alysis ,Y,2,66.7758,126.3516,0.0981,0,126.2541,SC42,16.1502,31.1395,31.0931,31.0242,,14.989,14.943,14.874,0.003,0.005,0.31,0.461,59.576,59.478,1.47,1.467,0.184,0.274,0.005,0.007,-0.086178341,
8/31/2020,SJBC,1,9,6,LOI alysis ,Y,2,66.8561,124.2048,0,0,124.2048,SC23,17.2473,36.7027,36.5747,36.5034,,19.455,19.327,19.256,0.007,0.004,0.658,0.369,57.349,57.349,1.415,1.415,0.377,0.212,0.009,0.005,0.05316601,
8/31/2020,SJBC,1,8,7,LOI alysis ,N,2,66.8381,122.1551,0,0,122.1551,SC15,14.3806,30.915,30.8544,30.7822,,16.534,16.474,16.402,0.004,0.004,0.367,0.438,55.317,55.317,1.365,1.365,0.203,0.242,0.005,0.006,-0.063396555,
8/31/2020,SJBC,1,5,10,LOI alysis ,N,2,66.7851,124.4971,0,0,124.4971,SC28,16.122,31.8009,31.747,31.6747,,15.679,15.625,15.553,0.003,0.005,0.344,0.463,57.712,57.712,1.424,1.424,0.198,0.267,0.005,0.007,-0.072490353,
8/31/2020,SJBC,1,1,14,LOI alysis ,N,2,65.979,126.7405,0.0443,0,126.7107,SC12,16.1128,33.7308,33.6186,33.5303,,17.618,17.506,17.418,0.006,0.005,0.637,0.504,60.762,60.732,1.499,1.498,0.387,0.306,0.01,0.008,0.044739471,
8/31/2020,SJB17,1,1,18,LOI alysis ,N,2,66.8422,97.2186,0.7767,0,96.4446,SC34,16.378,31.0059,30.2599,29.9858,,14.628,13.882,13.608,0.051,0.02,5.1,1.975,30.376,29.602,0.749,0.73,1.51,0.585,0.037,0.014,1.82993738,
8/31/2020,SJB17,1,4,15,LOI alysis ,N,2,66.7729,98.9787,0.3801,0,98.6061,SC24,15.472,29.4712,28.9173,28.3424,,13.999,13.445,12.87,0.04,0.043,3.957,4.276,32.206,31.833,0.794,0.785,1.26,1.361,0.031,0.034,1.372661866,
8/31/2020,SJB17,1,9,10,LOI alysis ,N,2,65.9771,104.6958,2.2434,0,102.4524,SC39,16.1772,30.7557,30.1431,29.8124,,14.579,13.966,13.635,0.042,0.024,4.202,2.368,38.719,36.475,0.955,0.9,1.533,0.864,0.038,0.021,1.470831361,
8/31/2020,SJB17,1,12,7,LOI alysis ,N,2,66.8355,101.8074,0.4442,0,101.3641,SC38,16.4985,30.0453,29.6869,29.5425,,13.547,13.188,13.044,0.026,0.011,2.646,1.095,34.972,34.529,0.863,0.852,0.914,0.378,0.023,0.009,0.848257301,
8/31/2020,SJB17,1,13,6,LOI alysis ,Y,2,66.7769,109.8431,0.8394,0.085,108.9258,SC11,15.8388,30.1359,29.7213,29.4672,,14.297,13.883,13.628,0.029,0.018,2.9,1.83,43.066,42.149,1.062,1.04,1.222,0.771,0.03,0.019,0.949955515,
8/31/2020,SJB17,1,14,5,LOI alysis ,Y,2,66.8357,96.7779,0.2842,0.1726,96.3234,SC9,17.186,30.6706,30.1808,29.9926,,13.485,12.995,12.807,0.036,0.014,3.632,1.448,29.942,29.488,0.739,0.727,1.071,0.427,0.026,0.011,1.24291666,
8/31/2020,SJB17,1,16,3,LOI alysis ,Y,2,65.9701,99.8676,0.256,0.3039,99.3079,SC18,15.8318,31.0308,30.5187,30.249,,15.199,14.687,14.417,0.034,0.018,3.369,1.836,33.898,33.338,0.836,0.822,1.123,0.612,0.028,0.015,1.137720245,
8/31/2020,SJB17,1,17,2,LOI alysis ,Y,2,66.8388,95.0554,0.5258,0.1229,94.4043,SC46,14.1338,29.3219,28.6819,28.3651,,15.188,14.548,14.231,0.042,0.022,4.214,2.178,28.217,27.566,0.696,0.68,1.162,0.6,0.029,0.015,1.475530119,
8/31/2020,SJB17,1,18,1,LOI alysis ,Y,2.1,66.7666,113.0275,1.9072,0.1512,110.97,SC13,16.7828,30.4275,30.1039,29.8517,,13.645,13.321,13.069,0.024,0.019,2.372,1.893,46.261,44.203,1.087,1.039,1.048,0.837,0.025,0.02,0.738646727,
9/16/2020,SJB02,1,1,21,LOI alysis ,N,2,66.7425,114.1908,0.0833,0,114.1087,SC11,15.8319,29.5867,29.3072,29.1964,,13.755,13.475,13.365,0.02,0.008,2.032,0.822,47.448,47.366,1.171,1.168,0.962,0.389,0.024,0.01,0.602807165,
9/16/2020,SJB02,1,2,20,LOI alysis ,N,2,65.957,127.7558,0.6771,0,127.0937,SC23,17.2656,32.1311,31.822,31.6902,,14.866,14.556,14.425,0.021,0.009,2.079,0.905,61.799,61.137,1.525,1.508,1.271,0.554,0.031,0.014,0.621724463,
9/16/2020,SJB02,1,7,15,LOI alysis ,N,2,65.9574,98.6821,0.1998,0,98.4826,SC46,14.1494,28.4736,27.9336,27.7743,,14.324,13.784,13.625,0.038,0.012,3.77,1.156,32.725,32.525,0.807,0.802,1.226,0.376,0.03,0.009,1.297937616,
9/16/2020,SJB02,1,12,10,LOI alysis ,N,2,66.7465,102.0526,0.1828,0,101.8679,SC9,17.2359,30.4789,29.9387,29.8077,,13.243,12.703,12.572,0.041,0.01,4.079,1.031,35.306,35.121,0.871,0.866,1.433,0.362,0.035,0.009,1.421654459,
9/16/2020,SJB02,1,15,7,LOI alysis ,N,2,65.9598,104.0117,1.3511,0,102.6706,SC25,12.7222,29.3355,28.8825,28.7036,,16.613,16.16,15.981,0.027,0.011,2.727,1.107,38.052,36.711,0.939,0.906,1.001,0.406,0.025,0.01,0.880692397,
9/16/2020,SJB02,1,16,6,LOI alysis ,N,2,66.7464,105.1862,0.3176,0,104.8705,SC3,16.318,30.0308,29.6232,29.4362,,13.713,13.305,13.118,0.03,0.014,2.972,1.405,38.44,38.124,0.948,0.94,1.133,0.536,0.028,0.013,0.978962138,
9/16/2020,SJB02,1,17,5,LOI alysis ,Y,2,65.953,98.6486,0.9586,0.1344,97.5606,SC45,15.8015,31.1205,30.5826,30.3753,,15.319,14.781,14.574,0.035,0.014,3.511,1.402,32.696,31.608,0.807,0.78,1.11,0.443,0.027,0.011,1.194530322,
9/16/2020,SJB02,1,19,3,LOI alysis ,Y,2,66.7501,96.1267,0.2178,0.4586,95.458,SC28,16.1114,28.5597,28.1376,27.9872,,12.448,12.026,11.876,0.034,0.013,3.391,1.251,29.377,28.708,0.725,0.708,0.973,0.359,0.024,0.009,1.14632978,
9/16/2020,SJB02,1,20,2,LOI alysis ,Y,2,65.9531,105.7668,0.0515,0.2914,105.4296,SC16,18.2643,31.7214,31.3751,31.2223,,13.457,13.111,12.958,0.026,0.012,2.573,1.165,39.814,39.477,0.982,0.974,1.016,0.46,0.025,0.011,0.819345104,
9/16/2020,SJB02,1,21,1,LOI alysis ,Y,3.2,65.9574,149.3922,1.4335,0.2921,147.6362,SC12,16.1426,33.6704,33.3058,33.1342,,17.528,17.163,16.992,0.021,0.01,2.08,1,83.435,81.679,1.286,1.259,1.699,0.817,0.026,0.013,0.622049658,
9/16/2020,SJB10,3,20,1,LOI alysis ,Y,1.8,65.9493,113.6193,3.9167,0,109.6947,SC10,16.1629,32.5846,32.3491,32.0813,,16.422,16.186,15.918,0.014,0.017,1.434,1.654,47.67,43.745,1.307,1.199,0.627,0.724,0.017,0.02,0.363631232,
9/16/2020,SJB10,3,19,2,LOI alysis ,Y,2,66.7438,110.7713,1.4163,0.0122,109.3381,SC4,16.3837,31.2369,31.0922,30.8988,,14.853,14.709,14.515,0.01,0.013,0.974,1.315,44.028,42.594,1.086,1.051,0.415,0.56,0.01,0.014,0.179680338,
9/16/2020,SJB10,3,18,3,LOI alysis ,Y,2,65.9509,112.6756,1.2683,0.0262,111.3779,SC18,15.835,32.3573,32.1883,31.9152,,16.522,16.353,16.08,0.01,0.017,1.023,1.67,46.725,45.427,1.153,1.121,0.465,0.759,0.011,0.019,0.199144005,
9/16/2020,SJB10,3,16,5,LOI alysis ,Y,2,66.7482,110.8584,0.8849,0.034,109.8759,SC34,16.1844,30.5596,30.3253,30.1625,,14.375,14.141,13.978,0.016,0.012,1.63,1.151,44.11,43.128,1.088,1.064,0.703,0.497,0.017,0.012,0.441956147,
9/16/2020,SJB10,3,15,6,LOI alysis ,Y,2,65.954,109.1237,0.9098,0.0152,108.2016,SC38,16.4927,29.0362,28.804,28.6505,,12.544,12.311,12.158,0.019,0.012,1.851,1.247,43.17,42.248,1.065,1.042,0.782,0.527,0.019,0.013,0.530463188,
9/16/2020,SJB10,3,14,7,LOI alysis ,N,2,66.7427,106.6078,0.2518,0,106.3127,SC13,16.7965,29.7764,29.4511,29.2956,,12.98,12.655,12.499,0.025,0.012,2.506,1.229,39.865,39.57,0.983,0.976,0.992,0.486,0.024,0.012,0.792473054,
9/16/2020,SJB10,3,11,10,LOI alysis ,N,2,65.953,111.1125,5.0035,0,106.0791,SC42,16.1773,30.4326,30.0879,29.8413,,14.255,13.911,13.664,0.024,0.018,2.418,1.773,45.16,40.126,1.114,0.99,0.97,0.711,0.024,0.018,0.75721921,
9/16/2020,SJB10,3,6,15,LOI alysis ,N,2,65.9583,113.492,0.9869,0,112.4568,SC29,14.412,29.9552,29.5643,29.2868,,15.543,15.152,14.875,0.025,0.018,2.515,1.831,47.534,46.499,1.173,1.147,1.169,0.852,0.029,0.021,0.795970457,
9/16/2020,SJB10,3,1,20,LOI alysis ,N,2,66.7452,107.3534,0.9594,0,106.3906,SC26,16.296,30.1708,29.9227,29.556,,13.875,13.627,13.26,0.018,0.027,1.788,2.691,40.608,39.645,1.002,0.978,0.709,1.067,0.017,0.026,0.505253553,
9/23/2020,STCH02,2,10,1,LOI alysis ,Y,2,66.7415,126.4125,1.3645,0.0177,124.9992,SC39,16.1504,31.0141,30.7417,29.5537,,14.864,14.591,13.403,0.018,0.081,1.833,8.142,59.671,58.258,1.472,1.437,1.068,4.743,0.026,0.117,0.523061082,
9/23/2020,STCH02,2,9,2,LOI alysis ,Y,2,65.9468,109.5896,3.3591,0.3408,105.8862,SC24,15.3875,29.9227,29.5769,28.3862,,14.535,14.189,12.999,0.024,0.084,2.379,8.391,43.643,39.939,1.077,0.985,0.95,3.352,0.023,0.083,0.741620893,
9/23/2020,STCH02,2,8,3,LOI alysis ,Y,2,66.8268,96.2407,1.8224,0.3178,93.8951,SC32,17.6019,28.3099,27.9105,26.9445,,10.708,10.309,9.343,0.037,0.094,3.73,9.371,29.414,27.068,0.726,0.668,1.01,2.537,0.025,0.063,1.281968622,
9/23/2020,STCH02,2,6,5,LOI alysis ,Y,2,66.7464,95.4902,0.5816,0.3678,94.587,SC40,16.6556,29.6856,29.0255,27.7487,,13.03,12.37,11.093,0.051,0.103,5.066,10.322,28.744,27.841,0.709,0.687,1.41,2.874,0.035,0.071,1.816400614,
9/23/2020,STCH02,2,5,6,LOI alysis ,Y,2,66.7402,94.5303,1.6636,0.3472,90.0557,SC43,15.59,30.1337,29.3005,27.8007,,14.544,13.711,12.211,0.057,0.109,5.729,10.939,27.79,23.316,0.686,0.575,1.336,2.55,0.033,0.063,2.081576421,
9/23/2020,STCH02,2,4,7,LOI alysis ,N,2,66.7419,95.2365,0.4505,0,94.778,SC15,14.3744,29.2904,28.3804,26.9339,,14.916,14.006,12.56,0.061,0.103,6.101,10.328,28.495,28.036,0.703,0.692,1.71,2.895,0.042,0.071,2.230332529,
9/23/2020,STCH02,2,1,10,LOI alysis ,N,2,65.9455,95.7701,1.9808,0,93.7749,SC42,16.3228,26.7399,25.9801,24.5927,,10.417,9.657,8.27,0.073,0.144,7.294,14.366,29.825,27.829,0.736,0.687,2.03,3.998,0.05,0.099,2.707510632,
9/23/2020,SJBB,3,16,1,LOI alysis ,Y,3.1,66.8135,148.2992,0,0,148.2992,SC47,16.1941,33.7709,33.7017,33.5999,,17.577,17.508,17.406,0.004,0.006,0.394,0.581,81.486,81.486,1.297,1.297,0.321,0.474,0.005,0.008,-0.052519685,
9/23/2020,SJBB,3,15,2,LOI alysis ,Y,2,66.7339,119.2628,0.2152,0,119.0523,SC1,16.2697,31.0473,30.9871,30.7802,,14.778,14.717,14.511,0.004,0.014,0.407,1.406,52.529,52.318,1.296,1.291,0.213,0.736,0.005,0.018,-0.047050671,
9/23/2020,SJBB,3,14,3,LOI alysis ,Y,2,65.9412,120.4719,0.5344,0,119.9484,SC23,17.3685,32.8092,32.6605,32.5456,,15.441,15.292,15.177,0.01,0.008,0.963,0.751,54.531,54.007,1.345,1.332,0.52,0.406,0.013,0.01,0.175215696,
9/23/2020,SJBB,3,12,5,LOI alysis ,Y,2,66.8136,125.1605,0.2003,0,124.9325,SC16,18.3771,33.3858,33.2066,33.0939,,15.009,14.83,14.717,0.012,0.008,1.194,0.76,58.347,58.119,1.439,1.434,0.694,0.442,0.017,0.011,0.267589665,
9/23/2020,SJBB,3,11,6,LOI alysis ,Y,2,66.7398,122.7972,0.7464,0,122.0501,SC34,16.3651,33.5046,33.2465,33.1242,,17.14,16.881,16.759,0.015,0.007,1.506,0.724,56.057,55.31,1.383,1.364,0.833,0.401,0.021,0.01,0.392351294,
9/23/2020,SJBB,3,10,7,LOI alysis ,N,2,66.8146,121.0101,0.5208,0,120.4916,SC38,16.6101,33.3826,33.2139,33.0926,,16.773,16.604,16.483,0.01,0.007,1.006,0.731,54.196,53.677,1.337,1.324,0.54,0.392,0.013,0.01,0.192325235,
9/23/2020,SJBB,3,7,10,LOI alysis ,N,2,65.9443,120.0384,0.2515,0,119.7843,SC8,14.2146,30.9377,30.8765,30.6267,,16.723,16.662,16.412,0.004,0.015,0.366,1.499,54.094,53.84,1.334,1.328,0.197,0.807,0.005,0.02,-0.063615657,
9/23/2020,SJBB,3,2,15,LOI alysis ,N,2,66.8145,118.4927,0.424,0,118.0623,SC4,16.3868,31.7136,31.6377,31.1808,,15.327,15.251,14.794,0.005,0.03,0.495,2.996,51.678,51.248,1.275,1.264,0.254,1.535,0.006,0.038,-0.011915599,
9/23/2020,SJBB,3,1,16,LOI alysis ,N,2,66.7385,120.478,0,0,120.478,SC27,16.1265,32.7114,32.6309,32.3318,,16.585,16.504,16.205,0.005,0.018,0.485,1.812,53.74,53.74,1.326,1.326,0.261,0.974,0.006,0.024,-0.015847488,
9/23/2020,SJBB,2,16,1,LOI alysis ,Y,2.2,66.7298,134.8493,0.1897,0,134.6646,SC36,15.1803,32.3335,32.2672,32.1627,,17.153,17.087,16.982,0.004,0.006,0.387,0.612,68.12,67.935,1.528,1.524,0.263,0.415,0.006,0.009,-0.055393279,
9/23/2020,SJBB,2,15,2,LOI alysis ,Y,2,66.8045,123.1872,0,0,123.1872,SC7,15.4621,32.0536,32.0012,31.874,,16.592,16.539,16.412,0.003,0.008,0.316,0.769,56.383,56.383,1.391,1.391,0.178,0.434,0.004,0.011,-0.083670253,
9/23/2020,SJBB,2,14,3,LOI alysis ,Y,2,65.9344,121.3109,0,0,121.3109,SC31,17.3937,32.1807,32.0718,31.9406,,14.787,14.678,14.547,0.007,0.009,0.736,0.894,55.377,55.377,1.366,1.366,0.408,0.495,0.01,0.012,0.08458308,
9/23/2020,SJBB,2,12,5,LOI alysis ,Y,2,66.7336,124.3633,0.2335,0,124.1273,SC17,14.5371,33.8621,33.8,33.6693,,19.325,19.263,19.132,0.003,0.007,0.321,0.679,57.63,57.394,1.422,1.416,0.184,0.389,0.005,0.01,-0.081461837,
9/23/2020,SJBB,2,11,6,LOI alysis ,Y,2,66.811,123.2226,0.2319,0,120.5079,SC30,16.5166,32.7998,32.752,32.6464,,16.283,16.235,16.13,0.003,0.007,0.294,0.65,56.412,53.697,1.392,1.325,0.158,0.349,0.004,0.009,-0.092578363,
9/23/2020,SJBB,2,10,7,LOI alysis ,N,2,65.9374,121.329,0,0,121.329,SC44,15.2597,32.1871,32.1413,32.046,,16.927,16.882,16.786,0.003,0.006,0.271,0.565,55.392,55.392,1.366,1.366,0.15,0.313,0.004,0.008,-0.101773102,
9/23/2020,SJBB,2,7,10,LOI alysis ,N,2,66.7426,117.3954,0,0,117.3954,SC22,15.7179,32.9688,32.9024,32.7702,,17.251,17.185,17.052,0.004,0.008,0.385,0.769,50.653,50.653,1.25,1.25,0.195,0.39,0.005,0.01,-0.056037018,
9/23/2020,SJBB,2,2,15,LOI alysis ,N,2,65.9435,120.1866,0.7878,0,119.3641,SC2,15.6578,30.2073,30.1453,29.9945,,14.55,14.488,14.337,0.004,0.01,0.426,1.041,54.243,53.421,1.338,1.318,0.228,0.556,0.006,0.014,-0.039547407,
9/23/2020,SJBB,2,1,16,LOI alysis ,N,2,66.8188,117.4516,4.9008,0,112.5545,SC48,15.5293,32.9168,32.8355,32.6561,,17.388,17.306,17.127,0.005,0.01,0.468,1.037,50.633,45.736,1.249,1.128,0.214,0.474,0.005,0.012,-0.022969087,
9/28/2020,SMARC,1,11,1,LOI analysis ,N,3.4,65.9839,156.5943,1.1253,0,155.4326,SC15,14.3882,32.0453,31.8545,31.2063,,17.657,17.466,16.818,0.011,0.037,1.081,3.711,90.61,89.449,1.315,1.298,0.967,3.32,0.014,0.048,0.222234059,
9/28/2020,SMARC,1,10,2,LOI analysis ,N,2,66.7665,119.527,0.6874,0,118.8603,SC23,17.348,33.2785,33.0839,32.6198,,15.931,15.736,15.272,0.012,0.029,1.222,2.949,52.761,52.094,1.302,1.285,0.636,1.536,0.016,0.038,0.278622454,
9/28/2020,SMARC,1,9,3,LOI analysis ,N,2,66.84751,123.7981,0.4894,0,123.3087,SC30,16.9164,34.4831,33.9896,33.6742,,17.567,17.073,16.758,0.028,0.018,2.809,1.847,56.951,56.461,1.405,1.393,1.586,1.043,0.039,0.026,0.913717033,
9/28/2020,SMARC,1,7,5,LOI analysis ,N,2,65.9756,121.6493,0.9178,0,120.734,SC42,16.4427,34.2638,33.8665,33.4728,,17.821,17.424,17.03,0.022,0.023,2.229,2.26,55.674,54.758,1.373,1.351,1.221,1.237,0.03,0.031,0.681751912,
9/28/2020,SMARC,1,6,6,LOI analysis ,N,2,66.8493,125.2649,0.3839,0,124.8745,SC47,16.5629,34.571,34.0128,33.4601,,18.008,17.45,16.897,0.031,0.032,3.1,3.167,58.416,58.025,1.441,1.431,1.799,1.838,0.044,0.045,1.029886496,
9/28/2020,SMARC,1,5,7,LOI analysis ,N,2,66.7817,126.1832,0.3877,0,125.8072,SC22,15.8486,34.2579,33.9154,33.3242,,18.409,18.067,17.476,0.019,0.033,1.86,3.272,59.402,59.026,1.465,1.456,1.098,1.931,0.027,0.048,0.534189078,
9/28/2020,SMARC,1,2,10,LOI analysis ,N,2,65.979,126.9251,0.3866,0,126.5539,SC39,16.2462,33.0081,32.6598,31.9162,,16.762,16.414,15.67,0.021,0.045,2.078,4.53,60.946,60.575,1.503,1.494,1.259,2.744,0.031,0.068,0.621170691,
9/28/2020,SMARC,1,1,11,LOI analysis ,N,2,66.8635,117.0901,0.4971,0,116.6036,SC43,16.0388,33.8497,33.1173,32.4593,,17.811,17.079,16.421,0.041,0.039,4.112,3.853,50.227,49.74,1.239,1.227,2.045,1.916,0.05,0.047,1.434835466,
9/28/2020,SMARC,2,15,1,LOI analysis ,N,2.2,66.8496,122.8659,1.0015,0,121.8761,SC1,16.2712,34.2059,33.9858,33.5124,,17.935,17.715,17.241,0.012,0.027,1.227,2.672,56.016,55.027,1.256,1.234,0.675,1.471,0.015,0.033,0.280891958,
9/28/2020,SMARC,2,14,2,LOI analysis ,N,2,65.9736,119.5469,1.2743,0,118.2842,SC16,18.4876,32.0974,31.7246,31.4261,,13.61,13.237,12.939,0.027,0.023,2.739,2.255,53.573,52.311,1.322,1.29,1.433,1.18,0.035,0.029,0.885681053,
9/28/2020,SMARC,2,13,3,LOI analysis ,N,2,66.846,127.3291,1.6211,0,125.7087,SC17,14.5724,33.3438,33.0972,32.6708,,18.771,18.525,18.098,0.013,0.023,1.314,2.302,60.483,58.863,1.492,1.452,0.773,1.355,0.019,0.033,0.315480252,
9/28/2020,SMARC,2,11,5,LOI analysis ,N,2,65.9706,121.5788,0.8116,0,120.7766,SC4,16.3936,32.2463,32.0719,31.6853,,15.853,15.678,15.292,0.011,0.025,1.1,2.466,55.608,54.806,1.372,1.352,0.603,1.351,0.015,0.033,0.230051222,
9/28/2020,SMARC,2,10,6,LOI analysis ,N,2,66.7656,125.9571,0.5304,0,125.429,SC8,14.267,34.9781,34.7378,34.2927,,20.711,20.471,20.026,0.012,0.022,1.16,2.174,59.192,58.663,1.46,1.447,0.681,1.276,0.017,0.031,0.254098961,
9/28/2020,SMARC,2,9,7,LOI analysis ,N,2,66.851,119.7266,0.1829,0,119.5573,SC38,16.5442,32.4995,32.289,31.8997,,15.955,15.745,15.356,0.013,0.025,1.319,2.473,52.876,52.706,1.304,1.3,0.695,1.303,0.017,0.032,0.31772433,
9/28/2020,SMARC,2,6,10,LOI analysis ,N,2,65.9738,116.4498,0.7645,0,115.8929,SC2,15.8027,35.1221,34.6824,33.6567,,19.319,18.88,17.854,0.023,0.054,2.276,5.433,50.476,49.919,1.245,1.231,1.136,2.712,0.028,0.067,0.70038024,
9/28/2020,SMARC,2,1,15,LOI analysis ,N,2,66.7688,119.1096,0.3191,0,118.803,SC7,15.5816,33.6158,33.1477,32.5014,,18.034,17.566,16.92,0.026,0.037,2.596,3.679,52.341,52.034,1.291,1.284,1.351,1.914,0.033,0.047,0.828249548,
9/28/2020,SMAR03,1,8,15,LOI analysis ,N,2,66.8536,119.4456,0,0,99.4638,SC32,17.9342,33.1853,32.5504,32.4438,,15.251,14.616,14.51,0.042,0.007,4.163,0.729,52.592,32.61,1.297,0.804,1.358,0.238,0.033,0.006,1.455191363,
9/28/2020,SMARA,2,13,1,LOI analysis ,Y,2.8,66.8268,130.1162,0,0,130.1162,SC34,16.1978,31.5755,31.255,31.151,,15.378,15.057,14.953,0.021,0.007,2.084,0.691,63.289,63.289,1.115,1.115,1.319,0.437,0.023,0.008,0.623674737,
9/30/2020,STCH04,2,19,1,LOI analysis ,Y,2.4,66.7178,138.9858,0,0,138.9858,SC6,13.7818,31.2719,31.1446,30.4765,,17.49,17.363,16.695,0.007,0.038,0.728,3.848,72.268,72.268,1.486,1.486,0.526,2.781,0.011,0.057,0.081136128,
9/30/2020,STCH04,2,18,2,LOI analysis ,Y,2,66.7975,120.9733,0.1528,0,120.8146,SC33,14.3574,31.3948,31.1972,30.6168,,17.037,16.84,16.259,0.012,0.034,1.16,3.447,54.176,54.017,1.336,1.333,0.626,1.862,0.015,0.046,0.253920551,
9/30/2020,STCH04,2,17,3,LOI analysis ,Y,2,65.9228,121.1022,0.3588,0.0354,120.7128,SC41,16.4252,32.158,32.0295,31.5605,,15.733,15.604,15.135,0.008,0.03,0.817,3.006,55.179,54.79,1.361,1.352,0.448,1.647,0.011,0.041,0.11670599,
9/30/2020,STCH04,2,15,5,LOI analysis ,Y,2,66.7198,104.7329,0,0.1348,104.6064,SC14,14.63,30.1518,29.4577,28.7783,,15.522,14.828,14.148,0.045,0.046,4.472,4.582,38.013,37.887,0.938,0.935,1.694,1.736,0.042,0.043,1.578710072,
9/30/2020,STCH04,2,14,6,LOI analysis ,Y,2,66.798,122.1249,0,0.0101,122.1174,SC35,15.437,32.0436,31.6304,30.9876,,16.607,16.193,15.551,0.025,0.04,2.488,3.97,55.327,55.319,1.365,1.365,1.376,2.196,0.034,0.054,0.785266942,
9/30/2020,STCH04,2,13,7,LOI analysis ,N,2,65.932,119.7352,0.1738,0,119.5564,SC37,15.8625,33.3447,33.0685,32.5292,,17.482,17.206,16.667,0.016,0.031,1.58,3.134,53.803,53.624,1.327,1.323,0.847,1.681,0.021,0.041,0.421957076,
9/30/2020,STCH04,2,10,10,LOI analysis ,N,2,66.7195,120.3396,0,0,120.3396,SC40,17.1282,33.6609,32.668,31.7563,,16.533,15.54,14.628,0.06,0.059,6.006,5.867,53.62,53.62,1.323,1.323,3.22,3.146,0.079,0.078,2.192269442,
9/30/2020,STCH04,2,5,15,LOI analysis ,N,2,65.9277,112.5574,0,0,112.5574,SC24,15.4751,33.3741,32.7958,31.8188,,17.899,17.321,16.344,0.032,0.056,3.231,5.641,46.63,46.63,1.15,1.15,1.507,2.63,0.037,0.065,1.082362702,
9/30/2020,STCH04,2,1,19,LOI analysis,N,2,66.7213,117.5959,0,0,117.5959,SC31,17.4765,33.6205,33.1943,32.6605,,16.144,15.718,15.184,0.026,0.034,2.64,3.396,50.875,50.875,1.255,1.255,1.343,1.728,0.033,0.043,0.845996036,
9/30/2020,SJB10,1,19,1,LOI analysis ,Y,2.9,66.8076,149.2079,4.0793,0.0195,145.0969,SC21,17.4517,30.4514,30.3056,30.1696,,13,12.854,12.718,0.011,0.011,1.122,1.058,82.4,78.289,1.402,1.332,0.878,0.828,0.015,0.014,0.238625738,
9/30/2020,SJB10,1,18,2,LOI analysis ,Y,2,66.7299,121.5615,0.972,0.018,120.5725,SC44,15.2846,31.3396,31.1287,30.9473,,16.055,15.844,15.663,0.013,0.011,1.314,1.145,54.832,53.843,1.353,1.328,0.707,0.616,0.017,0.015,0.315443787,
9/30/2020,SJB10,1,17,3,LOI analysis ,Y,2,66.8159,119.0589,0.2791,0.1746,118.6089,SC48,15.6117,32.1398,31.8523,31.642,,16.528,16.241,16.03,0.017,0.013,1.739,1.295,52.243,51.793,1.289,1.278,0.901,0.671,0.022,0.017,0.485784754,
9/30/2020,SJB10,1,15,5,LOI analysis ,Y,2,65.9342,106.0934,0.5584,0.3554,105.1907,SC10,16.22,29.1803,28.7963,28.6163,,12.96,12.576,12.396,0.03,0.014,2.963,1.431,40.159,39.257,0.991,0.968,1.163,0.562,0.029,0.014,0.975157751,
9/30/2020,SJB10,1,14,6,LOI analysis ,Y,2,66.8056,105.5554,0.8221,0.1929,104.5519,SC13,16.9152,30.3028,29.7955,29.6422,,13.388,12.88,12.727,0.038,0.012,3.789,1.19,38.75,37.746,0.956,0.931,1.43,0.449,0.035,0.011,1.305730975,
9/30/2020,SJB10,1,13,7,LOI analysis ,N,2,66.7187,106.9345,0.2687,0,106.6645,SC26,16.3476,32.5596,31.7348,31.5637,,16.212,15.387,15.216,0.051,0.011,5.088,1.112,40.216,39.946,0.992,0.985,2.032,0.444,0.05,0.011,1.825035776,
9/30/2020,SJB10,1,10,10,LOI analysis ,N,2,66.8157,113.1343,0.3698,0,112.7944,SC27,16.1475,31.3035,31.0975,30.9388,,15.156,14.95,14.791,0.014,0.011,1.359,1.062,46.319,45.979,1.143,1.134,0.625,0.488,0.015,0.012,0.333679071,
9/30/2020,SJB10,1,5,15,LOI analysis ,N,2,66.73,114.907,8.3732,0,106.5358,SC18,15.9183,32.2475,31.9403,31.1665,,16.329,16.022,15.248,0.019,0.048,1.881,4.83,48.177,39.806,1.188,0.982,0.749,1.922,0.018,0.047,0.542516963,
9/30/2020,SJB10,1,1,19,LOI analysis,N,2,65.9281,106.6162,0.4367,0,106.1946,SC3,16.3869,32.597,32.2294,31.906,,16.21,15.843,15.519,0.023,0.02,2.268,2.041,40.688,40.267,1.004,0.993,0.913,0.822,0.023,0.02,0.69708879,
10/2/2020,SMAR24,2,14,1,LOI analysis ,Y,2.4,66.786,115.0911,0.2168,0.0544,114.8288,SC23,17.2864,32.35,31.9164,31.4406,,15.064,14.63,14.154,0.029,0.033,2.878,3.252,48.305,48.043,0.993,0.988,1.383,1.562,0.028,0.032,0.941384795,
10/2/2020,SMAR24,2,13,2,LOI analysis ,Y,2,66.7195,107.832,0.1886,0.0424,107.6204,SC43,15.6103,32.2189,31.7475,31.3112,,16.609,16.137,15.701,0.028,0.027,2.838,2.704,41.113,40.901,1.014,1.009,1.161,1.106,0.029,0.027,0.925315439,
10/2/2020,SMAR24,2,12,3,LOI analysis ,Y,2,65.9128,108.4551,0,0.0122,108.4498,SC32,17.6561,32.3206,31.8326,31.4934,,14.665,14.177,13.837,0.033,0.024,3.328,2.393,42.542,42.537,1.049,1.049,1.416,1.018,0.035,0.025,1.121105732,
10/2/2020,SMAR24,2,10,5,LOI analysis ,Y,2,66.7945,106.5916,0.2522,0.0094,106.3334,SC2,15.6852,34.4508,33.9695,33.4442,,18.766,18.284,17.759,0.026,0.029,2.565,2.873,39.797,39.539,0.982,0.975,1.014,1.136,0.025,0.028,0.815919768,
10/2/2020,SMAR24,2,9,6,LOI analysis ,Y,2,65.9275,109.9269,0.4163,0.0042,109.5028,SC30,16.5937,35.5504,35.0915,34.5656,,18.957,18.498,17.972,0.024,0.028,2.421,2.843,43.999,43.575,1.085,1.075,1.055,1.239,0.026,0.031,0.758311995,
10/2/2020,SMAR24,2,8,7,LOI analysis ,N,2,66.7489,106.0249,0.1599,0,105.8628,SC7,15.5248,31.1963,30.5605,29.9695,,15.672,15.036,14.445,0.041,0.039,4.057,3.931,39.276,39.114,0.969,0.965,1.587,1.537,0.039,0.038,1.412818492,
10/2/2020,SMAR24,2,5,10,LOI analysis ,N,2,66.7959,115.6937,0.1803,0,115.5473,SC17,14.5605,31.4155,30.8589,30.2202,,16.855,16.298,15.66,0.033,0.039,3.302,3.919,48.898,48.751,1.206,1.203,1.61,1.91,0.04,0.047,1.110913675,
10/2/2020,SMAR24,2,1,14,LOI analysis,N,2,66.0663,96.9549,1.3975,0,95.5125,SC38,16.4981,33.7188,33.1889,32.6056,,17.221,16.691,16.108,0.031,0.035,3.077,3.495,30.889,29.446,0.762,0.726,0.906,1.029,0.022,0.025,1.020844275,
10/5/2020,SJB14,2,18,1,LOI analysis ,Y,3.1,66.7788,173.3028,0.8592,0.0974,172.3097,SC23,17.3404,NA,31.66,31.4976,,NA,14.320,14.157,NA,0.011,NA,1.134,106.524,105.531,1.695,1.680,NA,1.197,NA,0.019,NA,NA
10/5/2020,SJB14,2,17,2,LOI analysis ,Y,2,66.7139,124.8496,0.8137,0.2135,123.8271,SC32,17.8627,31.6478,31.2967,31.14,,13.785,13.434,13.277,0.025,0.012,2.547,1.166,58.136,57.113,1.434,1.409,1.455,0.666,0.036,0.016,0.808781148,0.808781148
10/5/2020,SJB14,2,16,3,LOI analysis ,Y,2,65.9068,124.9295,0.5781,0.567,123.7505,SC7,15.5288,33.629,33.4362,33.2606,,18.100,17.907,17.732,0.011,0.010,1.065,0.981,59.023,57.844,1.456,1.427,0.616,0.567,0.015,0.014,0.21607264,0.21607264
10/5/2020,SJB14,2,14,5,LOI analysis ,Y,2,66.7942,121.5034,0.7715,0.5922,120.1236,SC34,16.21,34.9635,34.7463,34.547,,18.754,18.536,18.337,0.012,0.011,1.158,1.075,54.709,53.329,1.350,1.316,0.618,0.573,0.015,0.014,0.253273522,0.253273522
10/5/2020,SJB14,2,13,6,LOI analysis ,Y,2,66.7066,114.9572,0.8636,0.4228,113.6766,SC17,14.6106,31.6581,31.4514,31.2858,,17.048,16.841,16.675,0.012,0.010,1.212,0.983,48.251,46.970,1.190,1.159,0.570,0.462,0.014,0.011,0.2749978,0.2749978
10/5/2020,SJB14,2,12,7,LOI analysis ,N,2,66.783,118.5837,0,0,118.5837,SC38,16.5154,33.6597,33.4966,33.4091,,17.144,16.981,16.894,0.010,0.005,0.951,0.515,51.801,51.801,1.278,1.278,0.493,0.267,0.012,0.007,0.170534638,0.170534638
10/5/2020,SJB14,2,9,10,LOI analysis ,N,2,69.9227,132.1584,2.7601,0,129.3983,SC43,15.8337,32.7912,32.3851,31.9069,,16.958,16.551,16.073,0.024,0.029,2.395,2.889,62.236,59.476,1.535,1.467,1.424,1.718,0.035,0.042,0.747924222,0.747924222
10/5/2020,SJB14,2,4,16,LOI analysis ,N,2,66.7059,116.2861,0,0,116.2861,SC30,17.0697,35.3548,34.6952,34.4835,,18.285,17.626,17.414,0.036,0.012,3.607,1.201,49.580,49.580,1.223,1.223,1.789,0.596,0.044,0.015,1.232923473,1.232923473
10/5/2020,SJB14,2,1,19,LOI analysis ,N,2,66.8442,119.7834,0,0,119.7834,SC2,15.7779,33.8197,33.6055,33.3764,,18.042,17.828,17.599,0.012,0.013,1.187,1.285,52.939,52.939,1.306,1.306,0.629,0.680,0.016,0.017,0.264897183,0.264897183
10/5/2020,SJB16,1,15,1,LOI analysis ,Y,3.6,66.6982,171.3161,0,0.0393,171.2709,SC40,16.6893,34.7502,34.6152,34.5088,,18.061,17.926,17.820,0.007,0.006,0.747,0.594,104.618,104.573,1.434,1.433,0.782,0.621,0.011,0.009,0.088988423,0.088988423
10/5/2020,SJB16,1,14,2,LOI analysis ,Y,2,65.9008,116.4214,0,0.1555,116.2659,SC4,16.4003,31.3721,31.2694,31.1734,,14.972,14.869,14.773,0.007,0.006,0.686,0.646,50.521,50.365,1.246,1.242,0.345,0.325,0.009,0.008,0.064382506,0.064382506
10/5/2020,SJB16,1,13,3,LOI analysis ,Y,2,66.7817,110.0311,0,0.3059,109.7345,SC31,17.3763,33.7785,33.6467,33.5512,,16.402,16.270,16.175,0.008,0.006,0.804,0.587,43.249,42.953,1.067,1.060,0.345,0.252,0.009,0.006,0.111420297,0.111420297
10/5/2020,SJB16,1,11,5,LOI analysis ,Y,2,66.7003,109.7526,0,0.5062,109.2559,SC22,15.7127,34.72,34.5015,34.4145,,19.007,18.789,18.702,0.011,0.005,1.150,0.463,43.052,42.556,1.062,1.050,0.489,0.197,0.012,0.005,0.249823331,0.249823331
10/5/2020,SJB16,1,10,6,LOI analysis ,Y,2,66.7792,116.9131,0,0.2048,116.7101,SC6,13.9294,30.3729,30.0879,30.0155,,16.444,16.159,16.086,0.017,0.004,1.733,0.448,50.134,49.931,1.237,1.232,0.865,0.224,0.021,0.006,0.48328306,0.48328306
10/5/2020,SJB16,1,9,7,LOI analysis ,N,2,65.9041,110.9487,0,0,110.9487,SC44,15.3764,33.4469,33.1744,33.0938,,18.071,17.798,17.717,0.015,0.005,1.508,0.453,45.045,45.045,1.111,1.111,0.679,0.204,0.017,0.005,0.393193049,0.393193049
10/5/2020,SJB16,1,6,10,LOI analysis ,N,2,66.7047,114.7511,0,0,114.7511,SC46,14.2131,31.529,31.3541,31.2767,,17.316,17.141,17.064,0.010,0.005,1.010,0.452,48.046,48.046,1.185,1.185,0.485,0.217,0.012,0.005,0.194021737,0.194021737
10/5/2020,SJB16,1,1,15,LOI analysis ,N,2,65.9061,123.5502,0,0,123.5502,SC12,16.1813,32.8075,32.599,32.5041,,16.626,16.418,16.323,0.013,0.006,1.254,0.578,57.644,57.644,1.422,1.422,0.723,0.333,0.018,0.008,0.291617928,0.291617928
