Prep Date,Site number,Quadrat,Bagged_Slice_Number,Slice_Number,Intended Analysis,Rhizome (Y/N),Slice Height (cm; if bag says otherwise),Crucible Number,Crucible Weight (g),Wet Weight (g),Bake Start Date,Bake Start Time (EST),Dry Weight (g),End Date,End Time (EST),Processing notes
10/4/2019,STCH05,1,1,19,LOI analysis,N,2,1,39.061,94.9313,,10:15,82.1282,10/8/2019,10:17,
11/5/2019,STCH05,1,5,15,LOI analysis,N,2,19,38.7735,98.3817,,10:10,83.6785,11/12/2019,9:15,
11/5/2019,STCH05,1,6,14,grainsize,N,2,21,38.5234,96.4571,,10:10,79.4702,11/12/2019,9:15,
11/5/2019,STCH05,1,10,10,LOI analysis,N,2,17,36.3721,99.2533,,10:10,83.9532,11/12/2019,9:15,
11/5/2019,STCH05,1,11,9,grainsize,N,2,15,42.0239,98.3627,,10:10,81.2044,11/12/2019,9:15,
11/5/2019,STCH05,1,13,7,LOI analysis,N,2,22,39.5583,92.7068,,10:10,68.9898,11/12/2019,9:15,
11/5/2019,STCH05,1,14,6,LOI analysis,Y,2,16,42.1503,88.2103,,10:10,68.3557,11/12/2019,9:15,
11/5/2019,STCH05,1,15,5,LOI analysis,Y,2,18,40.7891,100.1973,,10:10,81.2389,11/12/2019,9:15,
11/5/2019,STCH05,1,16,4,grainsize,Y,2,23,43.3448,105.4697,,10:10,74.3379,11/12/2019,9:15,
11/5/2019,STCH05,1,17,3,LOI analysis,Y,2,14,41.1295,103.0938,,10:10,71.3207,11/12/2019,9:15,
11/5/2019,STCH05,1,18,2,LOI analysis,Y,2,20,39.04,96.8839,,10:10,78.9741,11/12/2019,9:15,
11/5/2019,STCH05,1,19,1,LOI analysis,Y,3,C31,36.9053,107.13,,10:10,64.2267,11/12/2019,9:15,
10/8/2019,STCH05,2,1,12,LOI analysis,N,2,2,36.984,97.7711,,10:35,82.2679,10/12/2019,10:34,
10/8/2019,STCH05,2,2,11,,N,2,3,43.7722,103.4513,,10:35,89.6236,10/12/2019,10:34,
10/8/2019,STCH05,2,3,10,LOI analysis,N,2,4,42.6702,105.2049,,10:35,88.4925,10/12/2019,10:34,
10/8/2019,STCH05,2,4,9,grainsize,N,2,5,43.242,105.0177,,10:35,90.6771,10/12/2019,10:34,
10/8/2019,STCH05,2,5,8,,N,2,6,41.0897,108.0326,,10:35,88.1642,10/12/2019,10:34,
10/8/2019,STCH05,2,6,7,LOI analysis,N,2,7,40.3132,92.8208,,10:35,74.6902,10/12/2019,10:34,
10/8/2019,STCH05,2,7,6,LOI analysis,Y,2,8,40.1615,95.6697,,10:35,78.8918,10/12/2019,10:34,
10/8/2019,STCH05,2,8,5,LOI analysis,Y,2,9,40.729,96.1645,,10:35,76.9155,10/12/2019,10:34,
10/8/2019,STCH05,2,9,4,grainsize,Y,2,10,42.0998,91.4037,,10:35,69.7831,10/12/2019,10:34,
10/8/2019,STCH05,2,10,3,LOI analysis,Y,2,11,40.6481,90.826,,10:35,67.4923,10/12/2019,10:34,
10/8/2019,STCH05,2,11,2,LOI analysis,Y,2,12,40.0451,96.6662,,10:35,64.7705,10/12/2019,10:34,
10/8/2019,STCH05,2,12,1,LOI analysis,Y,1.5,13,39.8137,69.9309,,10:35,44.7324,10/12/2019,10:34,
10/11/2019,SJB02,2,1,22,LOI analysis,N,2,14,41.012,99.8298,,10:34,80.4984,10/16/2019,10:45,
10/11/2019,SJB02,2,2,21,,N,2,15,42.2056,97.55,,10:34,81.4391,10/16/2019,10:45,
10/11/2019,SJB02,2,3,20,LOI analysis,N,2,16,42.1475,98.9857,,10:34,80.1303,10/16/2019,10:45,
10/11/2019,SJB02,2,4,19,grainsize,N,2,17,36.3752,107.5406,,10:34,77.7528,10/16/2019,10:45,
10/11/2019,SJB02,2,5,18,,N,2,18,40.7944,99.7664,,10:34,81.3582,10/16/2019,10:45,
10/11/2019,SJB02,2,6,17,,N,2,19,38.7499,101.0116,,10:34,76.5271,10/16/2019,10:45,
10/11/2019,SJB02,2,7,16,,N,2,20,38.9713,100.3346,,10:34,76.0283,10/16/2019,10:45,
10/11/2019,SJB02,2,8,15,LOI analysis,N,2,21,38.5451,98.8271,,10:34,76.0112,10/16/2019,10:45,
10/11/2019,SJB02,2,9,14,grainsize,N,2,22,39.5574,96.6346,,10:34,74.7571,10/16/2019,10:45,
10/11/2019,SJB02,2,10,13,,N,2,23,43.4957,99.1879,,10:34,77.097,10/16/2019,10:45,
10/11/2019,SJB02,2,11,12,,N,2,24,38.0608,99.1469,,10:34,77.4221,10/16/2019,10:45,
10/11/2019,SJB02,2,12,11,,N,2,25,37.5745,92.544,,10:34,77.6954,10/16/2019,10:45,
10/11/2019,SJB02,2,13,10,LOI analysis,N,2,26,41.964,98.2002,,10:34,80.8867,10/16/2019,10:45,
10/11/2019,SJB02,2,14,9,grainsize,N,2,27,39.7742,95.3357,,10:34,77.0565,10/16/2019,10:45,
10/11/2019,SJB02,2,15,8,,N,2,28,41.0033,99.8296,,10:34,79.1771,10/16/2019,10:45,
10/11/2019,SJB02,2,16,7,LOI analysis,N,2,29,41.1173,108.3216,,10:34,83.2075,10/16/2019,10:45,
10/11/2019,SJB02,2,17,6,LOI analysis,Y,2,30,38.4472,133.3422,,10:34,86.0658,10/16/2019,10:45,
10/15/2019,SJB02,2,18,5,LOI analysis,Y,2,1,39.0239,88.7242,,11:00,70.8483,10/20/2019,10:40,
10/15/2019,SJB02,2,19,4,grainsize,Y,2,2,37.0611,90.0896,,11:00,72.683,10/20/2019,10:40,
10/15/2019,SJB02,2,20,3,LOI analysis,Y,2,3,44.0713,108.6977,,11:00,89.393,10/20/2019,10:40,
10/15/2019,SJB02,2,21,2,LOI analysis,Y,2,4,43.4814,89.9286,,11:00,71.7589,10/20/2019,10:40,
10/15/2019,SJB02,2,22,1,LOI analysis,Y,2.2,5,43.6117,94.3305,,11:00,73.0336,10/20/2019,10:40,
10/15/2019,SJB02,3,1,18,LOI analysis,N,2,6,41.0899,103.7303,,11:00,86.7708,10/20/2019,10:40,
10/15/2019,SJB02,3,2,17,,N,2,7,40.3666,100.0784,,11:00,81.1904,10/20/2019,10:40,
10/15/2019,SJB02,3,3,16,,N,2,8,41.3513,104.2579,,11:00,82.4423,10/20/2019,10:40,
10/15/2019,SJB02,3,4,15,LOI analysis,N,2,9,40.7522,103.8232,,11:00,86.8708,10/20/2019,10:40,
10/15/2019,SJB02,3,5,14,grainsize,N,2,10,42.3059,102.6682,,11:00,87.5245,10/20/2019,10:40,
10/15/2019,SJB02,3,6,13,,N,2,11,40.9282,95.4106,,11:00,81.362,10/20/2019,10:40,
10/15/2019,SJB02,3,7,12,,N,2,12,40.2634,96.7345,,11:00,81.358,10/20/2019,10:40,
10/15/2019,SJB02,3,8,11,,N,2,13,40.2894,100.6754,,11:00,86.0664,10/20/2019,10:40,
10/18/2019,SJB02,3,9,10,LOI analysis,N,2,14,41.0334,102.4109,,10:42,88.1145,10/25/2019,8:15,
10/18/2019,SJB02,3,10,9,grainsize,N,2,15,42.0883,118.0782,,10:42,100.52,10/25/2019,8:15,
10/18/2019,SJB02,3,11,8,,N,2,16,42.129,126.8477,,10:42,101.5931,10/25/2019,8:15,
10/18/2019,SJB02,3,12,7,LOI analysis,N,2,17,36.356,94.4018,,10:42,77.8983,10/25/2019,8:15,
10/18/2019,SJB02,3,13,6,LOI analysis,Y,2,18,40.7718,106.303,,10:42,81.3213,10/25/2019,8:15,
10/18/2019,SJB02,3,14,5,LOI analysis,Y,2,19,38.8019,97.7,,10:42,81.5996,10/25/2019,8:15,
10/18/2019,SJB02,3,15,4,grainsize,Y,2,20,39.1133,99.3591,,10:42,83.6783,10/25/2019,8:15,
10/18/2019,SJB02,3,16,3,LOI analysis,Y,2,21,38.5099,94.90541,,10:42,77.7547,10/25/2019,8:15,
10/18/2019,SJB02,3,17,2,LOI analysis,Y,2,22,39.5426,99.6177,,10:42,84.171,10/25/2019,8:15,
10/18/2019,SJB02,3,18,1,LOI analysis,Y,1.9,23,43.3664,111.2869,,10:42,96.1996,10/25/2019,8:15,
10/22/2019,SJB02,1,1,21,LOI analysis,N,2,1,38.9575,104.0588,,8:15,86.4087,10/29/2019,8:45,
10/22/2019,SJB02,1,2,20,LOI analysis,N,2,2,36.9934,119.8745,,8:15,98.7745,10/29/2019,8:45,
10/22/2019,SJB02,1,3,19,grainsize,N,2,3,43.8809,110.903,,8:15,91.3496,10/29/2019,8:45,
10/22/2019,SJB02,1,4,18,,N,2,4,43.0484,111.7272,,8:15,91.9696,10/29/2019,8:45,
10/22/2019,SJB02,1,5,17,,N,2,5,43.483,106.564,,8:15,89.0727,10/29/2019,8:45,
10/22/2019,SJB02,1,6,16,,N,2,6,41.0891,99.4547,,8:15,81.3564,10/29/2019,8:45,
10/22/2019,SJB02,1,7,15,LOI analysis,N,2,7,40.3451,90.282,,8:15,73.0312,10/29/2019,8:45,
10/22/2019,SJB02,1,8,14,grainsize,N,2,8,40.9742,94.5719,,8:15,78.0658,10/29/2019,8:45,
10/22/2019,SJB02,1,9,13,,N,2,9,40.5858,98.4439,,8:15,82.5774,10/29/2019,8:45,
10/22/2019,SJB02,1,10,12,,N,2,10,42.1881,95.7047,,8:15,78.0868,10/29/2019,8:45,
10/22/2019,SJB02,1,11,11,,N,2,11,40.889,89.7053,,8:15,72.1696,10/29/2019,8:45,
10/22/2019,SJB02,1,12,10,LOI analysis,N,2,12,40.215,93.5577,,8:15,75.5124,10/29/2019,8:45,
10/22/2019,SJB02,1,13,9,grainsize,N,2,13,40.1023,92.5957,,8:15,76.1817,10/29/2019,8:45,
10/22/2019,SJB02,1,14,8,,N,2,24,37.9487,93.39,,8:15,77.666,10/29/2019,8:45,
10/22/2019,SJB02,1,15,7,LOI analysis,N,2,25,37.5548,91.9281,,8:15,75.6124,10/29/2019,8:45,
10/22/2019,SJB02,1,16,6,LOI analysis,Y,2,26,41.964,97.7406,,8:15,80.4056,10/29/2019,8:45,
10/22/2019,SJB02,1,17,5,LOI analysis,Y,2,27,39.5586,90.0191,,8:15,72.2198,10/29/2019,8:45,
10/22/2019,SJB02,1,18,4,grainsize,Y,2,28,41.2534,91.4703,,8:15,72.1454,10/29/2019,8:45,
10/22/2019,SJB02,1,19,3,LOI analysis,Y,2,29,41.1502,87.2295,,8:15,70.4801,10/29/2019,8:45,
10/22/2019,SJB02,1,20,2,LOI analysis,Y,2,30,38.2969,94.3647,,8:15,78.1166,10/29/2019,8:45,
10/25/2019,SJB02,1,21,1,LOI analysis,Y,3.2,14,41.0941,154.0099,,8:45,124.5086,11/2/2019,10:10,
10/25/2019,SJB24,1,1,14,LOI analysis,N,2,15,42.0552,115.3097,,8:45,94.113,11/2/2019,10:10,
10/25/2019,SJB24,1,5,10,LOI analysis,N,2,16,42.1543,103.4205,,8:45,82.8815,11/2/2019,10:10,
10/25/2019,SJB24,1,6,9,grainsize,N,2,17,36.3892,94.0538,,8:45,76.2392,11/2/2019,10:10,
10/25/2019,SJB24,1,8,7,LOI analysis,N,2,18,40.8075,107.4469,,8:45,88.0445,11/2/2019,10:10,
10/25/2019,SJB24,1,9,6,LOI analysis,Y,2,19,38.8374,99.4952,,8:45,80.4047,11/2/2019,10:10,
10/25/2019,SJB24,1,10,5,LOI analysis,Y,2,20,39.0945,102.024,,8:45,83.9658,11/2/2019,10:10,
10/25/2019,SJB24,1,11,4,grainsize,Y,2,21,38.5251,101.3492,,8:45,82.7254,11/2/2019,10:10,
10/25/2019,SJB24,1,12,3,LOI analysis,Y,2,22,39.606,99.3819,,8:45,78.8856,11/2/2019,10:10,
10/25/2019,SJB24,1,13,2,LOI analysis,Y,2,23,43.3801,104.1814,,8:45,80.944,11/2/2019,10:10,
10/25/2019,SJB24,1,14,1,LOI analysis,Y,2.6,p17,6.1089,107.3431,,8:45,77.4632,11/2/2019,10:10,
10/29/2019,SJB24,2,1,15,LOI analysis,N,2,1,36.9946,106.3787,,10:10,90.9547,11/6/2019,10:00,
10/29/2019,SJB24,2,2,14,grainsize,N,2,2,36.8252,108.7164,,10:10,91.2521,11/6/2019,10:00,
10/29/2019,SJB24,2,6,10,LOI analysis,N,2,3,43.8337,119.1942,,10:10,99.4605,11/6/2019,10:00,
10/29/2019,SJB24,2,7,9,grainsize,N,2,4,43.0282,114.5314,,10:10,97.1554,11/6/2019,10:00,
10/29/2019,SJB24,2,9,7,LOI analysis,N,2,5,43.4478,112.2316,,10:10,95.4599,11/6/2019,10:00,
10/29/2019,SJB24,2,10,6,LOI analysis,Y,2,6,41.0914,103.2293,,10:10,83.887,11/6/2019,10:00,
10/29/2019,SJB24,2,11,5,LOI analysis,Y,2,7,40.3394,95.6593,,10:10,79.4381,11/6/2019,10:00,
10/29/2019,SJB24,2,12,4,grainsize,Y,2,8,40.859,90.0699,,10:10,73.5742,11/6/2019,10:00,
10/29/2019,SJB24,2,13,3,LOI analysis,Y,2,9,40.5284,99.1053,,10:10,81.5028,11/6/2019,10:00,
10/29/2019,SJB24,2,14,2,LOI analysis,Y,2,10,42.1573,104.675,,10:10,85.3357,11/6/2019,10:00,
10/29/2019,SJB24,2,15,1,LOI analysis,Y,2,11,40.8801,123.3157,,10:10,101.2434,11/6/2019,10:00,
10/29/2019,SJB24,3,1,15,LOI analysis,N,2,12,40.2154,110.1812,,10:10,91.5354,11/6/2019,10:00,
10/29/2019,SJB24,3,2,14,grainsize,N,2,13,40.1387,116.112,,10:10,95.1567,11/6/2019,10:00,
10/29/2019,SJB24,3,6,10,LOI analysis,N,2,24,38.0588,102.5264,,10:10,82.8068,11/6/2019,10:00,
10/29/2019,SJB24,3,7,9,grainsize,N,2,25,37.6326,98.952,,10:10,81.5279,11/6/2019,10:00,
10/29/2019,SJB24,3,9,7,LOI analysis,N,2,30,38.356,113.0662,,10:10,87.8385,11/6/2019,10:00,
10/29/2019,SJB24,3,10,6,LOI analysis,Y,2,26,42.0587,107.8919,,10:10,86.2662,11/6/2019,10:00,
10/29/2019,SJB24,3,11,5,LOI analysis,Y,2,29,41.1794,97.844,,10:10,77.3848,11/6/2019,10:00,
10/29/2019,SJB24,3,12,4,grainsize,Y,2,27,39.5477,98.6344,,10:10,78.3508,11/6/2019,10:00,
10/29/2019,SJB24,3,13,3,LOI analysis,Y,2,28,41.1507,114.0639,,10:10,94.9035,11/6/2019,10:00,
10/29/2019,SJB24,3,14,2,LOI analysis,Y,2,SA11,2.493,79.2264,,10:10,57.7373,11/6/2019,10:00,
10/29/2019,SJB24,3,15,1,LOI analysis,Y,3.5,P3,6.3122,85.5947,,10:10,53.3887,11/6/2019,10:00,Core dropped on ground
11/5/2019,STCH06,1,1,21,LOI analysis,N,2,C32,33.3208,100.3367,,10:10,79.2824,11/12/2019,9:15,
11/5/2019,STCH06,1,2,20,LOI analysis,N,2,C33,37.5968,111.9736,,10:10,86.9795,11/12/2019,9:15,
11/5/2019,STCH06,1,3,19,grainsize,N,2,C34,34.3099,91.5562,,10:10,74.5989,11/12/2019,9:15,
11/5/2019,STCH06,1,7,15,LOI analysis,N,2,C35,34.4445,102.4875,,10:10,78.949,11/12/2019,9:15,
11/5/2019,STCH06,1,8,14,grainsize,N,2,C36,32.6281,100.6886,,10:10,81.5807,11/12/2019,9:15,
11/5/2019,STCH06,1,12,10,LOI analysis,N,2,C37,37.3593,101.4155,,10:10,79.2801,11/12/2019,9:15,
11/5/2019,STCH06,1,13,9,grainsize,N,2,C38,35.5847,103.507,,10:10,81.468,11/12/2019,9:15,
11/5/2019,STCH06,1,15,7,LOI analysis,N,2,C39,29.8052,96.5138,,10:10,72.2055,11/12/2019,9:15,
11/5/2019,STCH06,1,16,6,LOI analysis,Y,2,C40,37.0865,104.8941,,10:10,80.9056,11/12/2019,9:15,
11/5/2019,STCH06,1,17,5,LOI analysis,Y,2,C41,33.1359,100.1503,,10:10,71.0133,11/12/2019,9:15,
11/5/2019,STCH06,1,18,4,grainsize,Y,2,C42,36.1896,98.3403,,10:10,69.2913,11/12/2019,9:15,
11/5/2019,STCH06,1,19,3,LOI analysis,Y,2,C43,35.3747,92.5485,,10:10,66.2731,11/12/2019,9:15,
11/5/2019,STCH06,1,20,2,LOI analysis,Y,2,C44,33.9788,101.0633,,10:10,71.1294,11/12/2019,9:15,
11/5/2019,STCH06,1,21,1,LOI analysis,Y,1.3,C45,37.7716,91.4947,,10:10,69.7707,11/12/2019,9:15,
11/8/2019,STCH05,3,1,23,LOI analysis,N,2,1,38.9062,96.4147,,9:20,78.5304,11/16/2019,9:22,
11/8/2019,STCH05,3,4,20,LOI analysis,N,2,2,37.0024,102.4988,,9:20,83.0375,11/16/2019,9:22,
11/8/2019,STCH05,3,5,19,grainsize,N,2,3,43.7383,106.8909,,9:20,85.3615,11/16/2019,9:22,
11/8/2019,STCH05,3,9,15,LOI analysis,N,2,4,42.8714,110.4966,,9:20,90.5562,11/16/2019,9:22,
11/8/2019,STCH05,3,10,14,grainsize,N,2,5,43.3807,117.3292,,9:20,98.733,11/16/2019,9:22,
11/8/2019,STCH05,3,14,10,LOI analysis,N,2,6,41.088,111.3171,,9:20,89.3246,11/16/2019,9:22,
11/8/2019,STCH05,3,15,9,grainsize,N,2,7,40.3189,106.5649,,9:20,89.2899,11/16/2019,9:22,
11/8/2019,STCH05,3,17,7,LOI analysis,N,2,8,40.6725,102.174,,9:20,81.713,11/16/2019,9:22,
11/8/2019,STCH05,3,18,6,LOI analysis,Y,2,9,40.4215,107.0117,,9:20,79.3419,11/16/2019,9:22,
11/8/2019,STCH05,3,19,5,LOI analysis,Y,2,10,42.0889,115.8611,,9:20,80.552,11/16/2019,9:22,
11/8/2019,STCH05,3,20,4,grainsize,Y,2,11,40.858,110.8564,,9:20,75.7135,11/16/2019,9:22,
11/8/2019,STCH05,3,21,3,LOI analysis,Y,2,12,40.1699,118.0393,,9:20,79.5326,11/16/2019,9:22,
11/8/2019,STCH05,3,22,2,LOI analysis,Y,2,13,39.9605,87.8689,,9:20,70.8154,11/16/2019,9:22,
11/8/2019,STCH05,3,23,1,LOI analysis,Y,3,P3,6.3395,98.4264,,9:20,61.921,11/16/2019,9:22,
11/8/2019,STCH06,2,1,21,LOI analysis,N,2,C46,34.9059,102.234,,9:20,75.4282,11/16/2019,9:22,
11/8/2019,STCH06,2,2,20,LOI analysis,N,2,C47,35.988,102.8821,,9:20,81.2223,11/16/2019,9:22,
11/8/2019,STCH06,2,3,19,grainsize,N,2,C48,36.3811,100.6068,,9:20,82.0529,11/16/2019,9:22,
11/8/2019,STCH06,2,7,15,LOI analysis,N,2,C61,36.5734,106.9978,,9:20,86.0547,11/16/2019,9:22,
11/8/2019,STCH06,2,8,14,grainsize,N,2,C62,42.2663,105.8293,,9:20,88.7392,11/16/2019,9:22,
11/8/2019,STCH06,2,12,10,LOI analysis,N,2,C63,38.8164,103.2119,,9:20,83.7766,11/16/2019,9:22,
11/8/2019,STCH06,2,13,9,grainsize,N,2,C64,33.6552,107.8404,,9:20,80.5938,11/16/2019,9:22,
11/8/2019,STCH06,2,15,7,LOI analysis,N,2,C65,38.9057,102.4357,,9:20,81.4514,11/16/2019,9:22,
11/8/2019,STCH06,2,16,6,LOI analysis,Y,2,C66,36.2111,105.6518,,9:20,81.5689,11/16/2019,9:22,
11/8/2019,STCH06,2,17,5,LOI analysis,Y,2,C49,38.0358,95.6374,,9:20,73.0802,11/16/2019,9:22,
11/8/2019,STCH06,2,18,4,grainsize,Y,2,C50,32.2958,100.1162,,9:20,64.5647,11/16/2019,9:22,
11/8/2019,STCH06,2,19,3,LOI analysis,Y,2,C51,34.2606,105.5069,,9:20,71.2378,11/16/2019,9:22,
11/8/2019,STCH06,2,20,2,LOI analysis,Y,2,C52,36.2952,99.333,,9:20,67.865,11/16/2019,9:22,
11/8/2019,STCH06,2,21,1,LOI analysis,Y,2.9,C53,33.4087,116.9808,,9:20,78.2448,11/16/2019,9:22,
11/15/2019,SJB17,1,1,18,LOI analysis,N,2,C31,37.0776,92.9638,,9:25,67.2751,11/20/2019,9:35,
11/15/2019,SJB17,1,4,15,LOI analysis,N,2,C32,33.3247,86.3148,,9:25,65.4878,11/20/2019,9:35,
11/15/2019,SJB17,1,5,14,grainsize,N,2,C36,32.6299,106.7254,,9:25,73.0565,11/20/2019,9:35,
11/15/2019,SJB17,1,9,10,LOI analysis,N,2,C34,34.3106,96.6369,,9:25,72.9559,11/20/2019,9:35,
11/15/2019,SJB17,1,10,9,grainsize,N,2,16,42.149,116.1105,,9:25,84.687,11/20/2019,9:35,
11/15/2019,SJB17,1,12,7,LOI analysis,N,2,19,38.7575,96.5732,,9:25,73.6883,11/20/2019,9:35,
11/15/2019,SJB17,1,13,6,LOI analysis,Y,2,21,38.5217,114.0112,,9:25,81.493,11/20/2019,9:35,
11/15/2019,SJB17,1,14,5,LOI analysis,Y,2,17,36.3722,86.4373,,9:25,66.2649,11/20/2019,9:35,
11/15/2019,SJB17,1,15,4,grainsize,Y,2,15,42.0079,103.2986,,9:25,77.4303,11/20/2019,9:35,
11/15/2019,SJB17,1,16,3,LOI analysis,Y,2,24,37.9615,101.222,,9:25,71.7475,11/20/2019,9:35,
11/15/2019,SJB17,1,17,2,LOI analysis,Y,2,C33,37.5987,90.4734,,9:25,65.7618,11/20/2019,9:35,
11/15/2019,SJB17,1,18,1,LOI analysis,Y,2.1,14,41.0301,110.8892,,9:25,87.2076,11/20/2019,9:35,
11/15/2019,SJB17,2,1,17,LOI analysis,N,2,C41,33.1394,103.8891,,9:25,70.2076,11/20/2019,9:35,
11/15/2019,SJB17,2,3,15,LOI analysis,N,2,C40,37.0874,101.3243,,9:25,72.6821,11/20/2019,9:35,
11/15/2019,SJB17,2,4,14,grainsize,N,2,C37,37.3604,98.4219,,9:25,72.0659,11/20/2019,9:35,
11/15/2019,SJB17,2,8,10,LOI analysis,N,2,C43,35.3783,106.0806,,9:25,73.2233,11/20/2019,9:35,
11/15/2019,SJB17,2,9,9,grainsize,N,2,C44,33.9808,88.6927,,9:25,63.6039,11/20/2019,9:35,
11/15/2019,SJB17,2,11,7,LOI analysis,N,2,C35,34.4488,88.5497,,9:25,60.972,11/20/2019,9:35,
11/15/2019,SJB17,2,12,6,LOI analysis,Y,2,18,40.7891,11.4287,,9:25,81.0833,11/20/2019,9:35,
11/15/2019,SJB17,2,13,5,LOI analysis,Y,2,20,38.9805,109.4018,,9:25,80.9241,11/20/2019,9:35,
11/15/2019,SJB17,2,14,4,grainsize,Y,2,22,39.5584,108.1845,,9:25,79.109,11/20/2019,9:35,
11/15/2019,SJB17,2,15,3,LOI analysis,Y,2,C42,36.1931,112.2042,,9:25,71.5806,11/20/2019,9:35,
11/15/2019,SJB17,2,16,2,LOI analysis,Y,2,23,43.3342,103.1719,,9:25,74.0356,11/20/2019,9:35,
11/15/2019,SJB17,2,17,1,LOI analysis,Y,1.9,C38,35.5887,104.7579,,9:25,77.3717,11/20/2019,9:35,
11/19/2019,STCH06,3,1,11,LOI analysis,N,2,10,42.0617,116.692,,9:40,92.1477,11/24/2019,10:15,
11/19/2019,STCH06,3,2,10,LOI analysis,N,2,9,40.3811,99.9845,,9:40,81.9809,11/24/2019,10:15,
11/19/2019,STCH06,3,3,9,grainsize,N,2,C66,36.2106,99.2144,,9:40,76.2633,11/24/2019,10:15,
11/19/2019,STCH06,3,5,8,LOI analysis,N,2,C50,32.4228,91.871,,9:40,68.324,11/24/2019,10:15,
11/19/2019,STCH06,3,6,7,LOI analysis,Y,2,2,37.0125,96.2553,,9:40,70.0554,11/24/2019,10:15,
11/19/2019,STCH06,3,7,6,LOI analysis,Y,2,13,39.9,103.2455,,9:40,73.2044,11/24/2019,10:15,
11/19/2019,STCH06,3,8,5,grainsize,Y,2,C62,42.3059,100.623,,9:40,72.0211,11/24/2019,10:15,
11/19/2019,STCH06,3,9,4,LOI analysis,Y,2,C63,38.8369,96.6319,,9:40,65.0519,11/24/2019,10:15,
11/19/2019,STCH06,3,10,3,LOI analysis,Y,2,C61,36.5721,91.8642,,9:40,61.8167,11/24/2019,10:15,
11/19/2019,STCH06,3,11,2,LOI analysis,Y,2.7,11,40.8451,110.8972,,9:40,75.8393,11/24/2019,10:15,
11/19/2019,STCH20,1,1,14,LOI analysis,N,2,8,40.5702,98.302,,9:40,74.3981,11/24/2019,10:15,
11/19/2019,STCH20,1,5,10,LOI analysis,N,2,3,43.6908,101.9127,,9:40,81.1229,11/24/2019,10:15,
11/19/2019,STCH20,1,6,9,grainsize,N,2,7,40.3168,97.701,,9:40,74.1409,11/24/2019,10:15,
11/19/2019,STCH20,1,8,7,LOI analysis,N,2,6,41.0891,93.0525,,9:40,72.6995,11/24/2019,10:15,
11/19/2019,STCH20,1,9,6,LOI analysis,Y,2,1,38.904,102.0701,,9:40,79.5533,11/24/2019,10:15,
11/19/2019,STCH20,1,10,5,LOI analysis,Y,2,12,40.1558,105.8766,,9:40,85.9955,11/24/2019,10:15,
11/19/2019,STCH20,1,11,4,grainsize,Y,2,C64,33.7067,93.7597,,9:40,72.3262,11/24/2019,10:15,
11/19/2019,STCH20,1,12,3,LOI analysis,Y,2,4,42.8663,110.8731,,9:40,82.9174,11/24/2019,10:15,
11/19/2019,STCH20,1,13,2,LOI analysis,Y,2,5,43.3467,103.6474,,9:40,80.9365,11/24/2019,10:15,
11/19/2019,STCH20,1,14,1,LOI analysis,Y,3,P6,6.3595,113.7984,,9:40,83.9449,11/24/2019,10:15,
12/3/2019,SJB13,1,1,19,LOI analysis,N,2,18,40.7883,107.3558,,10:30,90.864,12/9/2019,9:25,
12/3/2019,SJB13,1,5,15,LOI analysis,N,2,19,38.7505,108.647,,10:30,93.5216,12/9/2019,9:25,
12/3/2019,SJB13,1,6,14,grainsize,N,2,20,38.9825,112.3044,,10:30,91.7563,12/9/2019,9:25,
12/3/2019,SJB13,1,10,10,LOI analysis,N,2,21,38.5049,102.6061,,10:30,85.4057,12/9/2019,9:25,
12/3/2019,SJB13,1,11,9,grainsize,N,2,23,43.317,116.9504,,10:30,96.0438,12/9/2019,9:25,
12/3/2019,SJB13,1,13,7,LOI analysis,N,2,24,37.9069,110.8478,,10:30,94.3717,12/9/2019,9:25,
12/3/2019,SJB13,1,14,6,LOI analysis,Y,2,25,37.4915,105.9584,,10:30,90.4818,12/9/2019,9:25,
12/3/2019,SJB13,1,15,5,LOI analysis,Y,2,26,41.9454,124.3718,,10:30,101.6916,12/9/2019,9:25,
12/3/2019,SJB13,1,16,4,grainsize,Y,2,27,39.485,115.3051,,10:30,98.4837,12/9/2019,9:25,
12/3/2019,SJB13,1,17,3,LOI analysis,Y,2,28,40.9393,115.2813,,10:30,96.635,12/9/2019,9:25,
12/3/2019,SJB13,1,18,2,LOI analysis,Y,2,29,41.0959,119.1105,,10:30,99.1319,12/9/2019,9:25,
12/3/2019,SJB13,1,19,1,LOI analysis,Y,2.5,30,38.2775,147.5541,,10:30,115.0621,12/9/2019,9:25,
12/3/2019,SJB13,2,1,19,LOI analysis,N,2,16,42.1312,101.3779,,10:30,83.3477,12/9/2019,9:25,
12/3/2019,SJB13,2,5,15,LOI analysis,N,2,17,36.3568,108.8177,,10:30,87.8404,12/9/2019,9:25,
12/3/2019,SJB13,2,6,14,grain size,N,2,14,41.0161,132.2833,,10:30,105.9732,12/9/2019,9:25,
12/3/2019,SJB13,2,10,10,LOI analysis,N,2,C34,34.2961,105.4074,,10:30,85.4665,12/9/2019,9:25,
12/3/2019,SJB13,2,11,9,grain size,N,2,C54,35.2657,102.382,,10:30,85.868,12/9/2019,9:25,
12/3/2019,SJB13,2,13,7,LOI analysis,N,2,C37,37.7524,111.4957,,10:30,93.1052,12/9/2019,9:25,
12/3/2019,SJB13,2,14,6,LOI analysis,Y,2,C40,37.1141,121.5919,,10:30,98.5899,12/9/2019,9:25,
12/3/2019,SJB13,2,15,5,LOI analysis,Y,2,13,39.8222,113.1856,,10:30,96.8703,12/9/2019,9:25,
12/3/2019,SJB13,2,16,4,grain size,Y,2,C66,36.1944,120.1931,,10:30,97.1331,12/9/2019,9:25,
12/3/2019,SJB13,2,17,3,LOI analysis,Y,2,8,40.4655,110.1438,,10:30,89.2023,12/9/2019,9:25,
12/3/2019,SJB13,2,18,2,LOI analysis,Y,2,C61,36.5571,87.6652,,10:30,74.0916,12/9/2019,9:25,
12/3/2019,SJB13,2,19,1,LOI analysis,Y,2,3,43.6341,128.075,,10:30,106.7099,12/9/2019,9:25,
12/3/2019,SJB13,3,1,18,LOI analysis,N,2,11,40.8185,113.4301,,10:30,97.954,12/9/2019,9:25,
12/3/2019,SJB13,3,4,15,LOI analysis,N,2,1,38.8869,106.8466,,10:30,92.0313,12/9/2019,9:25,
12/3/2019,SJB13,3,5,14,grain size,N,2,2,36.9772,107.6981,,10:30,91.7981,12/9/2019,9:25,
12/3/2019,SJB13,3,9,10,LOI analysis,N,2,C64,33.6523,100.7819,,10:30,85.8021,12/9/2019,9:25,
12/3/2019,SJB13,3,10,9,grain size,N,2,10,42.0153,100.1846,,10:30,87.0657,12/9/2019,9:25,
12/3/2019,SJB13,3,12,7,LOI analysis,N,2,C63,38.7991,106.6259,,10:30,91.0363,12/9/2019,9:25,
12/3/2019,SJB13,3,13,6,LOI analysis,Y,2,6,41.0926,98.5832,,10:30,84.8541,12/9/2019,9:25,
12/3/2019,SJB13,3,14,5,LOI analysis,Y,2,C62,42.2532,105.2702,,10:30,90.254,12/9/2019,9:25,
12/3/2019,SJB13,3,15,4,grain size,Y,2,C50,32.3538,100.7408,,10:30,84.6629,12/9/2019,9:25,
12/3/2019,SJB13,3,16,3,LOI analysis,Y,2,5,43.2915,106.5742,,10:30,90.2493,12/9/2019,9:25,
12/3/2019,SJB13,3,17,2,LOI analysis,Y,2,7,40.3006,105.0752,,10:30,84.4485,12/9/2019,9:25,
12/3/2019,SJB13,3,18,1,LOI analysis,Y,  ,4,42.7809,131.8588,,10:30,111.548,12/9/2019,9:25,
12/3/2019,STCH20,2,1,12,LOI analysis,N,*MISSING SLICE HEIGHT 7/01/2020,15,41.9732,96.2776,,11:15,69.8786,12/9/2019,9:25,
12/3/2019,STCH20,2,3,10,LOI analysis,N,2,C43,33.9668,91.1291,,11:15,69.2687,12/9/2019,9:25,
12/3/2019,STCH20,2,4,9,grain size,N,2,C44,35.3684,94.9423,,11:15,68.1635,12/9/2019,9:25,
12/3/2019,STCH20,2,6,7,LOI analysis,N,2,C35,34.4417,96.9927,,11:15,70.8752,12/9/2019,9:25,
12/3/2019,STCH20,2,7,6,LOI analysis,Y,2,C39,29.7956,85.3115,,11:15,62.6617,12/9/2019,9:25,
12/3/2019,STCH20,2,8,5,LOI analysis,Y,2,C45,37.7612,97.8198,,11:15,71.3516,12/9/2019,9:25,
12/3/2019,STCH20,2,9,4,grain size,Y,2,C42,36.1773,101.9695,,11:15,69.1653,12/9/2019,9:25,
12/3/2019,STCH20,2,10,3,LOI analysis,Y,2,C31,36.9188,96.8095,,11:15,66.7435,12/9/2019,9:25,
12/3/2019,STCH20,2,11,2,LOI analysis,Y,2,C32,33.3095,98.3492,,11:15,74.8509,12/9/2019,9:25,
12/3/2019,STCH20,2,12,1,LOI analysis,Y,2.5,22,39.5422,121.9303,,11:15,95.0553,12/9/2019,9:25,
12/6/2019,STCH20,3,1,12,LOI analysis,N,2,12,40.1194,94.8219,,9:42,67.5017,12/13/2019,9:50,
12/6/2019,STCH20,3,3,10,LOI analysis,N,2,9,40.33,95.209,,9:42,71.294,12/13/2019,9:50,
12/6/2019,STCH20,3,4,9,grain size,N,2,C51,34.2475,85.4844,,9:42,61.8309,12/13/2019,9:50,
12/6/2019,STCH20,3,6,7,LOI analysis,N,2,C41,33.1232,88.9258,,9:42,63.7254,12/13/2019,9:50,
12/6/2019,STCH20,3,7,6,LOI analysis,Y,2,C65,38.8912,127.515,,9:42,93.2234,12/13/2019,9:50,
12/6/2019,STCH20,3,8,5,LOI analysis,Y,2,C36,32.6178,98.1628,,9:42,72.9705,12/13/2019,9:50,
12/6/2019,STCH20,3,9,4,grain size,Y,2,C52,36.2791,100.1704,,9:42,70.3341,12/13/2019,9:50,
12/6/2019,STCH20,3,10,3,LOI analysis,Y,2,C48,36.3645,102.2417,,9:42,73.4755,12/13/2019,9:50,
12/6/2019,STCH20,3,11,2,LOI analysis,Y,2,C47,35.9801,109.9769,,9:42,77.3398,12/13/2019,9:50,
12/6/2019,STCH20,3,12,1,LOI analysis,Y,2.5,C49,38.0392,103.9681,,9:42,81.9253,12/13/2019,9:50,
1/7/2020,SMAR03,1,1,22,LOI analysis,N,2,C52,36.2793,91.1657,,9:45,68.8694,1/15/2020,9:25,
1/7/2020,SMAR03,1,3,20,LOI analysis,N,2,26,41.9456,109.723,,9:45,86.0143,1/15/2020,9:25,
1/7/2020,SMAR03,1,4,19,grain size,N,2,28,40.9565,109.3595,,9:45,86.2134,1/15/2020,9:25,
1/7/2020,SMAR03,1,8,15,LOI analysis,N,2,23,43.3227,116.8296,,9:45,95.7889,1/15/2020,9:25,
1/7/2020,SMAR03,1,9,14,grain size,N,2,C36,32.6177,100.005,,9:45,77.6192,1/15/2020,9:25,
1/7/2020,SMAR03,1,13,10,LOI analysis,N,2,C49,38.0887,112.7801,,9:45,87.521,1/15/2020,9:25,
1/7/2020,SMAR03,1,14,9,grain size,N,2,19,38.7463,105.5557,,9:45,85.7466,1/15/2020,9:25,
1/7/2020,SMAR03,1,16,7,LOI analysis,N,2,C41,33.1248,96.7974,,9:45,71.2576,1/15/2020,9:25,
1/7/2020,SMAR03,1,17,6,LOI analysis,Y,2,30,38.2783,92.692,,9:45,68.6809,1/15/2020,9:25,
1/7/2020,SMAR03,1,18,5,LOI analysis,Y,2,18,40.7753,96.831,,9:45,74.1652,1/15/2020,9:25,
1/7/2020,SMAR03,1,19,4,grain size,Y,2,27,39.4869,105.9128,,9:45,79.7798,1/15/2020,9:25,
1/7/2020,SMAR03,1,20,3,LOI analysis,Y,2,20,38.9836,105.4166,,9:45,76.7697,1/15/2020,9:25,
1/7/2020,SMAR03,1,21,2,LOI analysis,Y,2,24,37.9078,106.7076,,9:45,79.2888,1/15/2020,9:25,
1/7/2020,SMAR03,1,22,1,LOI analysis,Y,2.2,21,38.5063,100.9015,,9:45,79.2125,1/15/2020,9:25,
1/7/2020,SMAR03,2,1,19,LOI analysis,N,2,9,40.3308,102.4328,,9:45,82.7158,1/15/2020,9:25,
1/7/2020,SMAR03,2,5,15,LOI analysis,N,2,25,37.4461,114.2859,,9:45,94.1256,1/15/2020,9:25,
1/7/2020,SMAR03,2,6,14,grainsize,N,2,16,42.1318,118.4958,,9:45,96.8328,1/15/2020,9:25,
1/7/2020,SMAR03,2,10,10,LOI analysis,N,2,29,41.1022,116.831,,9:45,92.4759,1/15/2020,9:25,
1/7/2020,SMAR03,2,11,9,grainsize,N,2,12,40.0907,115.5793,,9:45,92.0719,1/15/2020,9:25,
1/7/2020,SMAR03,2,13,7,LOI analysis,N,2,2,36.9765,95.9815,,9:45,75.9274,1/15/2020,9:25,
1/7/2020,SMAR03,2,14,6,LOI analysis,Y,2,11,40.7942,104.4167,,9:45,81.8631,1/15/2020,9:25,
1/7/2020,SMAR03,2,15,5,LOI analysis,Y,2,5,43.2411,103.2955,,9:45,80.0646,1/15/2020,9:25,
1/7/2020,SMAR03,2,16,4,grainsize,Y,2,C64,33.6481,94.8648,,9:45,71.6713,1/15/2020,9:25,
1/7/2020,SMAR03,2,17,3,LOI analysis,Y,2,C31,36.9125,97.8493,,9:45,70.681,1/15/2020,9:25,
1/7/2020,SMAR03,2,18,2,LOI analysis,Y,2,C65,38.904,91.013,,9:45,62.4979,1/15/2020,9:25,
1/7/2020,SMAR03,2,19,1,LOI analysis,Y,2.8,C51,34.2478,119.9517,,9:45,80.2677,1/15/2020,9:25,
1/7/2020,SMAR03,3,1,18,LOI analysis,N,2,22,39.543,123.3577,,9:45,89.7639,1/15/2020,9:25,
1/7/2020,SMAR03,3,4,15,LOI analysis,N,2,10,41.9534,116.3998,,9:45,91.267,1/15/2020,9:25,
1/7/2020,SMAR03,3,5,14,grainsize,N,2,1,38.8865,98.0818,,9:45,76.7405,1/15/2020,9:25,
1/7/2020,SMAR03,3,9,10,LOI analysis,N,2,7,40.3009,109.7234,,9:45,86.0444,1/15/2020,9:25,
1/7/2020,SMAR03,3,10,9,grainsize,N,2,4,42.6872,109.0498,,9:45,86.8778,1/15/2020,9:25,
1/7/2020,SMAR03,3,12,7,LOI analysis,N,2,C50,32.3086,107.5597,,9:45,77.564,1/15/2020,9:25,
1/7/2020,SMAR03,3,13,6,LOI analysis,Y,2,6,41.0724,104.0552,,9:45,82.8644,1/15/2020,9:25,
1/7/2020,SMAR03,3,14,5,LOI analysis,Y,2,C32,33.3108,95.4554,,9:45,72.514,1/15/2020,9:25,
1/7/2020,SMAR03,3,15,4,grainsize,Y,2,C42,36.1817,101.7819,,9:45,76.5467,1/15/2020,9:25,
1/7/2020,SMAR03,3,16,3,LOI analysis,Y,2,C39,29.7961,89.8658,,9:45,64.4705,1/15/2020,9:25,
1/7/2020,SMAR03,3,17,2,LOI analysis,Y,2,C35,34.4408,91.8796,,9:45,64.1751,1/15/2020,9:25,
1/7/2020,SMAR03,3,18,1,LOI analysis,Y,3.8,C63,38.8007,96.2702,,9:45,75.5864,1/15/2020,9:25,"Combine, 1 crucible too small for sample"
1/7/2020,SMAR03,3,18,1,LOI analysis,Y,3.8,C48,36.3723,93.7049,,9:45,71.6418,1/15/2020,9:25,
1/14/2020,SMAR01,8,1,18,LOI analysis,N,2,C54,35.2659,100.6056,,10:00,72.2875,1/21/2020,8:35,
1/14/2020,SMAR01,8,4,15,LOI analysis,N,2,17,36.3571,89.5806,,10:00,71.3499,1/21/2020,8:35,
1/14/2020,SMAR01,8,5,14,grainsize,N,2,C62,42.2566,94.7151,,10:00,78.7347,1/21/2020,8:35,
1/14/2020,SMAR01,8,9,10,LOI analysis,N,2,13,39.7024,92.1097,,10:00,77.037,1/21/2020,8:35,
1/14/2020,SMAR01,8,10,9,grainsize,N,2,C61,36.5578,94.1846,,10:00,78.2807,1/21/2020,8:35,
1/14/2020,SMAR01,8,12,7,LOI analysis,N,2,15,41.9757,98.4446,,10:00,83.9086,1/21/2020,8:35,
1/14/2020,SMAR01,8,13,6,LOI analysis,Y,2,C47,35.9877,106.1142,,10:00,75.8691,1/21/2020,8:35,
1/14/2020,SMAR01,8,14,5,LOI analysis,Y,2,3,43.5889,110.114,,10:00,82.5889,1/21/2020,8:35,
1/14/2020,SMAR01,8,15,4,grainsize,Y,2,14,41.0769,95.3905,,10:00,73.7557,1/21/2020,8:35,
1/14/2020,SMAR01,8,16,3,LOI analysis,Y,2,8,40.1501,91.9407,,10:00,67.6334,1/21/2020,8:35,
1/14/2020,SMAR01,8,17,2,LOI analysis,Y,2,C66,36.1958,115.587,,10:00,70.816,1/21/2020,8:35,
1/14/2020,SMAR01,8,18,1,LOI analysis,Y,2,C37,37.5219,84.9495,,10:00,57.4424,1/21/2020,8:35,
1/14/2020,SMAR04,1,1,15,LOI analysis,N,2,C45,37.7635,104.2802,,10:00,83.0153,1/21/2020,8:35,
1/14/2020,SMAR04,1,2,14,grainsize,N,2,C53,33.3971,102.7521,,10:00,79.7383,1/21/2020,8:35,
1/14/2020,SMAR04,1,6,10,LOI analysis,N,2,C46,34.8961,103.6883,,10:00,82.5551,1/21/2020,8:35,
1/14/2020,SMAR04,1,7,9,grainsize,N,2,C55,34.729,101.2188,,10:00,81.6756,1/21/2020,8:35,
1/14/2020,SMAR04,1,9,7,LOI analysis,N,2,C56,35.8028,106.3434,,10:00,80.6804,1/21/2020,8:35,
1/14/2020,SMAR04,1,10,6,LOI analysis,Y,2,C33,37.5833,102.7463,,10:00,76.531,1/21/2020,8:35,
1/14/2020,SMAR04,1,11,5,LOI analysis,Y,2,C67,34.3924,93.2661,,10:00,63.8784,1/21/2020,8:35,
1/14/2020,SMAR04,1,12,4,grainsize,Y,2,C68,40.5641,103.1336,,10:00,65.7143,1/21/2020,8:35,
1/14/2020,SMAR04,1,13,3,LOI analysis,Y,2,C69,34.6046,93.8641,,10:00,65.3584,1/21/2020,8:35,
1/14/2020,SMAR04,1,14,2,LOI analysis,Y,2,C70,36.0962,100.205,,10:00,63.8268,1/21/2020,8:35,
1/14/2020,SMAR04,1,15,1,LOI analysis,Y,2.7,C57,35.3874,102.0273,,10:00,61.9868,1/21/2020,8:35,
1/14/2020,SMAR01,10,1,14,LOI analysis,N,2,C71,36.7148,117.1718,,10:00,84.1165,1/21/2020,8:35,
1/14/2020,SMAR01,10,5,4,LOI analysis,N,2,C72,34.7573,92.1622,,10:00,69.9004,1/21/2020,8:35,
1/14/2020,SMAR01,10,6,5,grainsize,N,2,C44,33.9685,109.7339,,10:00,78.2601,1/21/2020,8:35,
1/14/2020,SMAR01,10,8,7,LOI analysis,N,2,C40,37.0791,100.3853,,10:00,73.3535,1/21/2020,8:35,
1/14/2020,SMAR01,10,9,6,LOI analysis,Y,2,C34,34.2974,98.7432,,10:00,70.9454,1/21/2020,8:35,
1/14/2020,SMAR01,10,10,5,LOI analysis,Y,2,C43,35.3682,107.3825,,10:00,77.9699,1/21/2020,8:35,
1/14/2020,SMAR01,10,11,4,grainsize,Y,2,C58,35.297,110.9869,,10:00,69.0968,1/21/2020,8:35,
1/14/2020,SMAR01,10,12,3,LOI analysis,Y,2,C59,40.1198,104.0245,,10:00,74.5075,1/21/2020,8:35,
1/14/2020,SMAR01,10,13,2,LOI analysis,Y,2,C60,39.9546,103.9804,,10:00,77.0311,1/21/2020,8:35,
1/14/2020,SMAR01,10,14,1,LOI analysis,Y,2,C38,35.5751,109.6236,,10:00,76.0741,1/21/2020,8:35,
1/22/2020,SMAR04,2,1,9,LOI analysis,N,2,C72,34.7716,100.8006,1/23/2020,8:40,78.417,1/27/2020,8:45,
1/22/2020,SMAR04,2,3,7,LOI analysis,N,2,C61,36.5698,101.8671,1/23/2020,8:40,80.7076,1/27/2020,8:45,
1/22/2020,SMAR04,2,4,6,LOI analysis,Y,2,C71,36.7313,97.7926,1/23/2020,8:40,70.5609,1/27/2020,8:45,
1/22/2020,SMAR04,2,5,5,LOI analysis,Y,2,C66,36.2134,102.5707,1/23/2020,8:40,78.0146,1/27/2020,8:45,
1/22/2020,SMAR04,2,6,4,grain size,Y,2,C40,37.0969,90.5524,1/23/2020,8:40,66.7671,1/27/2020,8:45,
1/22/2020,SMAR04,2,7,3,LOI analysis,Y,2,C69,34.617,104.7532,1/23/2020,8:40,62.8423,1/27/2020,8:45,
1/22/2020,SMAR04,2,8,2,LOI analysis,Y,2,17,36.3686,72.8685,1/23/2020,8:40,52.6671,1/27/2020,8:45,
1/22/2020,SMAR04,2,9,1,LOI analysis,Y,3.3,C67,34.4393,93.5384,1/23/2020,8:40,63.5238,1/27/2020,8:45,"Combine, 1 crucible too small for sample"
1/22/2020,SMAR04,2,9,1,LOI analysis,Y,3.3,C43,35.4062,64.4191,1/23/2020,8:40,43.589,1/27/2020,8:45,
1/22/2020,SMAR04,3,1,21,LOI analysis,N,2,C54,35.2785,109.7339,1/23/2020,8:40,83.6606,1/27/2020,8:45,
1/22/2020,SMAR04,3,2,20,LOI analysis,N,2,3,43.6116,113.0037,1/23/2020,8:40,87.9952,1/27/2020,8:45,
1/22/2020,SMAR04,3,3,19,grain size,N,2,5,43.2468,116.638,1/23/2020,8:40,98.1087,1/27/2020,8:45,
1/22/2020,SMAR04,3,7,15,LOI analysis,N,2,C64,33.663,101.1253,1/23/2020,8:40,84.7517,1/27/2020,8:45,
1/22/2020,SMAR04,3,8,14,grain size,N,2,C58,35.3239,103.2266,1/23/2020,8:40,85.3751,1/27/2020,8:45,
1/22/2020,SMAR04,3,12,10,LOI analysis,N,2,C37,37.3791,107.1055,1/23/2020,8:40,81.8872,1/27/2020,8:45,
1/22/2020,SMAR04,3,13,9,grain size,N,2,C56,35.8296,95.0701,1/23/2020,8:40,74.4104,1/27/2020,8:45,
1/22/2020,SMAR04,3,15,7,LOI analysis,N,2,C59,40.162,102.4394,1/23/2020,8:40,79.5506,1/27/2020,8:45,
1/22/2020,SMAR04,3,16,6,LOI analysis,Y,2,C62,42.2977,101.2395,1/23/2020,8:40,77.2485,1/27/2020,8:45,
1/22/2020,SMAR04,3,17,5,LOI analysis,Y,2,C34,34.3091,97.6801,1/23/2020,8:40,65.9847,1/27/2020,8:45,
1/22/2020,SMAR04,3,18,4,grain size,Y,2,C48,36.3793,95.7584,1/23/2020,8:40,64.907,1/27/2020,8:45,
1/22/2020,SMAR04,3,19,3,LOI analysis,Y,2,4,42.7037,92.8352,1/23/2020,8:40,67,1/27/2020,8:45,
1/22/2020,SMAR04,3,20,2,LOI analysis,Y,2,C46,34.9087,79.9834,1/23/2020,8:40,59.2295,1/27/2020,8:45,
1/22/2020,SMAR04,3,21,1,LOI analysis,Y,2.7,C44,34.021,103.6559,1/23/2020,8:40,68.2244,1/27/2020,8:45,
1/22/2020,SMAR01,9,1,23,LOI analysis,N,2,C51,34.2633,97.8402,1/23/2020,8:40,75.0125,1/27/2020,8:45,
1/22/2020,SMAR01,9,4,10,LOI analysis,N,2,C35,34.4834,95.0824,1/23/2020,8:40,75.1332,1/27/2020,8:45,
1/22/2020,SMAR01,9,5,19,grain size,N,2,C52,36.2969,100.5566,1/23/2020,8:40,80.2726,1/27/2020,8:45,
1/22/2020,SMAR01,9,9,15,LOI analysis,N,2,19,38.8046,104.2042,1/23/2020,8:40,84.7186,1/27/2020,8:45,
1/22/2020,SMAR01,9,10,14,grain size,N,2,16,42.1454,108.7687,1/23/2020,8:40,89.0712,1/27/2020,8:45,
1/22/2020,SMAR01,9,14,10,LOI analysis,N,2,C45,37.8355,95.6115,1/23/2020,8:40,74.1245,1/27/2020,8:45,
1/22/2020,SMAR01,9,15,9,grain size,N,2,C63,38.8181,93.8974,1/23/2020,8:40,74.2864,1/27/2020,8:45,
1/22/2020,SMAR01,9,17,7,LOI analysis,N,2,28,41.4684,96.5676,1/23/2020,8:40,71.1368,1/27/2020,8:45,
1/22/2020,SMAR01,9,18,6,LOI analysis,Y,2,15,42.0175,84.6267,1/23/2020,8:40,64.8549,1/27/2020,8:45,
1/22/2020,SMAR01,9,19,5,LOI analysis,Y,2,C70,36.176,77.6497,1/23/2020,8:40,55.9248,1/27/2020,8:45,
1/22/2020,SMAR01,9,20,4,grain size,Y,2,C53,33.4594,94.3036,1/23/2020,8:40,57.7707,1/27/2020,8:45,
1/22/2020,SMAR01,9,21,3,LOI analysis,Y,2,C57,35.4383,106.491,1/23/2020,8:40,62.8931,1/27/2020,8:45,
1/22/2020,SMAR01,9,22,2,LOI analysis,Y,2,C50,32.3433,80.9192,1/23/2020,8:40,56.5532,1/27/2020,8:45,
1/22/2020,SMAR01,9,23,1,LOI analysis,Y,2,C60,40.0329,78.1563,1/23/2020,8:40,56.7017,1/27/2020,8:45,
1/28/2020,SMAR12,2,1,10,LOI analysis,N,2,C34,34.3093,99.3876,1/29/2020,10:30,83.4469,2/3/2020,9:17,
1/28/2020,SMAR12,2,2,9,grainsize,N,2,C56,35.834,107.9225,1/29/2020,10:30,88.3701,2/3/2020,9:17,
1/28/2020,SMAR12,2,4,7,LOI analysis,N,2,C62,42.3151,115.5977,1/29/2020,10:30,93.4688,2/3/2020,9:17,
1/28/2020,SMAR12,2,5,6,LOI analysis,Y,2,3,43.6025,125.7671,1/29/2020,10:30,95.2355,2/3/2020,9:17,
1/28/2020,SMAR12,2,6,5,LOI analysis,Y,2,C37,37.3609,109.0219,1/29/2020,10:30,76.908,2/3/2020,9:17,
1/28/2020,SMAR12,2,7,4,grainsize,Y,2,C48,36.3786,106.3116,1/29/2020,10:30,73.8722,2/3/2020,9:17,
1/28/2020,SMAR12,2,8,3,LOI analysis,Y,2,17,36.3689,103.3508,1/29/2020,10:30,73.6411,2/3/2020,9:17,
1/28/2020,SMAR12,2,9,2,LOI analysis,Y,2,C40,37.1035,110.6485,1/29/2020,10:30,79.8094,2/3/2020,9:17,
1/28/2020,SMAR12,2,10,1,LOI analysis,Y,2,C64,33.6748,96.1954,1/29/2020,10:30,65.1123,2/3/2020,9:17,
1/28/2020,SMAR25,1,1,19,LOI analysis,N,2,C45,37.7924,98.7573,1/29/2020,10:30,79.0753,2/3/2020,9:17,
1/28/2020,SMAR25,1,5,15,LOI analysis,N,2,C35,34.4617,94.1726,1/29/2020,10:30,75.5875,2/3/2020,9:17,
1/28/2020,SMAR25,1,6,14,grainsize,N,2,C54,35.2784,103.0497,1/29/2020,10:30,78.6398,2/3/2020,9:17,
1/28/2020,SMAR25,1,10,10,LOI analysis,N,2,C43,35.3952,105.6541,1/29/2020,10:30,80.5961,2/3/2020,9:17,
1/28/2020,SMAR25,1,11,9,grainsize,N,2,28,41.273,108.2982,1/29/2020,10:30,85.7864,2/3/2020,9:17,
1/28/2020,SMAR25,1,13,7,LOI analysis,N,2,16,42.1447,104.2243,1/29/2020,10:30,83.228,2/3/2020,9:17,
1/28/2020,SMAR25,1,14,6,LOI analysis,Y,2,15,42.0141,103.3738,1/29/2020,10:30,80.9563,2/3/2020,9:17,
1/28/2020,SMAR25,1,15,5,LOI analysis,Y,2,5,43.2451,105.0858,1/29/2020,10:30,84.2615,2/3/2020,9:17,
1/28/2020,SMAR25,1,16,4,grainsize,Y,2,C66,36.2107,98.5319,1/29/2020,10:30,72.1517,2/3/2020,9:17,
1/28/2020,SMAR25,1,17,3,LOI analysis,Y,2,C72,34.8171,99.8994,1/29/2020,10:30,70.9314,2/3/2020,9:17,
1/28/2020,SMAR25,1,18,2,LOI analysis,Y,2,C51,34.2909,92.6905,1/29/2020,10:30,66.3501,2/3/2020,9:17,
1/28/2020,SMAR25,1,19,1,LOI analysis,Y,2.5,C63,38.8228,124.478,1/29/2020,10:30,92.3285,2/3/2020,9:17,
1/28/2020,SMAR14,1,1,13,LOI analysis,N,2,C33,37.6046,109.6116,1/29/2020,10:30,91.78,2/3/2020,9:17,
1/28/2020,SMAR14,1,4,10,LOI analysis,N,2,C52,36.2947,103.4156,1/29/2020,10:30,82.0728,2/3/2020,9:17,
1/28/2020,SMAR14,1,5,9,grainsize,N,2,C57,35.4578,122.1567,1/29/2020,10:30,89.5918,2/3/2020,9:17,
1/28/2020,SMAR14,1,7,7,LOI analysis,N,2,4,42.72,111.2296,1/29/2020,10:30,89.0733,2/3/2020,9:17,
1/28/2020,SMAR14,1,8,6,LOI analysis,Y,2,C44,34.0059,102.5897,1/29/2020,10:30,80.0419,2/3/2020,9:17,
1/28/2020,SMAR14,1,9,5,LOI analysis,Y,2,C53,33.4138,111.9382,1/29/2020,10:30,84.6541,2/3/2020,9:17,
1/28/2020,SMAR14,1,10,4,grainsize,Y,2,C60,39.9972,114.7952,1/29/2020,10:30,84.6466,2/3/2020,9:17,
1/28/2020,SMAR14,1,11,3,LOI analysis,Y,2,C58,35.315,103.0764,1/29/2020,10:30,80.3874,2/3/2020,9:17,
1/28/2020,SMAR14,1,12,2,LOI analysis,Y,2,C61,36.5708,111.2951,1/29/2020,10:30,89.3385,2/3/2020,9:17,
1/28/2020,SMAR14,1,13,1,LOI analysis,Y,3.2,C59,40.1547,161.1997,1/29/2020,10:30,132.078,2/3/2020,9:17,
2/4/2020,SMAR12,1,1,19,LOI analysis,N,2,C72,34.7867,101.9112,2/6/2020,9:00,77.404,2/10/2020,9:15,
2/4/2020,SMAR12,1,5,15,LOI analysis,N,2,C63,39.8308,118.1947,2/6/2020,9:00,91.4338,2/10/2020,9:15,
2/4/2020,SMAR12,1,6,14,grainsize,N,2,C57,35.4293,105.8327,2/6/2020,9:00,87.4376,2/10/2020,9:15,
2/4/2020,SMAR12,1,10,10,LOI analysis,N,2,C37,37.3644,111.8022,2/6/2020,9:00,88.9869,2/10/2020,9:15,
2/4/2020,SMAR12,1,11,9,grainsize,N,2,3,43.6056,116.4603,2/6/2020,9:00,95.6997,2/10/2020,9:15,
2/4/2020,SMAR12,1,13,7,LOI analysis,N,2,C53,33.4138,115.7334,2/6/2020,9:00,84.1017,2/10/2020,9:15,
2/4/2020,SMAR12,1,14,6,LOI analysis,Y,2,16,42.1488,119.3641,2/6/2020,9:00,90.6051,2/10/2020,9:15,
2/4/2020,SMAR12,1,15,5,LOI analysis,Y,2,28,41.311,110.9154,2/6/2020,9:00,85.7484,2/10/2020,9:15,
2/4/2020,SMAR12,1,16,4,grainsize,Y,2,C54,35.2819,108.4606,2/6/2020,9:00,80.5839,2/10/2020,9:15,
2/4/2020,SMAR12,1,17,3,LOI analysis,Y,2,C56,35.845,114.4968,2/6/2020,9:00,86.3678,2/10/2020,9:15,
2/4/2020,SMAR12,1,18,2,LOI analysis,Y,2,17,36.3721,111.9523,2/6/2020,9:00,85.1192,2/10/2020,9:15,
2/4/2020,SMAR12,1,19,1,LOI analysis,Y,1.9,5,43.2484,110.479,2/6/2020,9:00,86.0972,2/10/2020,9:15,
2/4/2020,SMAR14,2,1,22,LOI analysis,N,2,C43,35.4147,114.7461,2/6/2020,9:00,87.1243,2/10/2020,9:15,
2/4/2020,SMAR14,2,3,10,LOI analysis,N,2,C35,34.4692,113.3009,2/6/2020,9:00,86.1794,2/10/2020,9:15,
2/4/2020,SMAR14,2,4,19,grainsize,N,2,C33,37.6242,109.705,2/6/2020,9:00,86.0985,2/10/2020,9:15,
2/4/2020,SMAR14,2,8,15,LOI analysis,N,2,4,42.7233,113.4771,2/6/2020,9:00,93.1114,2/10/2020,9:15,
2/4/2020,SMAR14,2,9,14,grainsize,N,2,C59,40.1523,106.1641,2/6/2020,9:00,82.8032,2/10/2020,9:15,
2/4/2020,SMAR14,2,13,10,LOI analysis,N,2,C64,33.674,112.9598,2/6/2020,9:00,85.4125,2/10/2020,9:15,
2/4/2020,SMAR14,2,14,9,grainsize,N,2,C44,34.0149,115.3534,2/6/2020,9:00,85.2288,2/10/2020,9:15,
2/4/2020,SMAR14,2,16,7,LOI analysis,N,2,C45,37.8031,114.2349,2/6/2020,9:00,85.9715,2/10/2020,9:15,
2/4/2020,SMAR14,2,17,6,LOI analysis,Y,2,C48,36.3835,109.3267,2/6/2020,9:00,86.4278,2/10/2020,9:15,
2/4/2020,SMAR14,2,18,5,LOI analysis,Y,2,C62,42.3264,114.2465,2/6/2020,9:00,90.6254,2/10/2020,9:15,
2/4/2020,SMAR14,2,19,4,grainsize,Y,2,C60,40.0071,105.7369,2/6/2020,9:00,81.0112,2/10/2020,9:15,
2/4/2020,SMAR14,2,20,3,LOI analysis,Y,2,C61,36.5944,98.5818,2/6/2020,9:00,72.5867,2/10/2020,9:15,
2/4/2020,SMAR14,2,21,2,LOI analysis,Y,2,15,42.0043,107.7253,2/6/2020,9:00,80.4159,2/10/2020,9:15,
2/4/2020,SMAR14,2,22,1,LOI analysis,Y,3.1,C34,34.313,151.7079,2/6/2020,9:00,118.1909,2/10/2020,9:15,
2/4/2020,SMAR25,2,1,16,LOI analysis,N,2,C58,35.3241,98.0272,2/6/2020,9:00,74.1178,2/10/2020,9:15,
2/4/2020,SMAR25,2,2,15,LOI analysis,N,2,C66,36.2154,111.5442,2/6/2020,9:00,84.8537,2/10/2020,9:15,
2/4/2020,SMAR25,2,3,14,grainsize,N,2,C40,37.0974,114.229,2/6/2020,9:00,89.6358,2/10/2020,9:15,
2/4/2020,SMAR25,2,7,10,LOI analysis,N,2,C51,34.2707,110.2175,2/6/2020,9:00,84.1528,2/10/2020,9:15,
2/4/2020,SMAR25,2,8,9,grainsize,N,2,C52,36.2977,110.2804,2/6/2020,9:00,86.3459,2/10/2020,9:15,
2/4/2020,SMAR25,2,10,7,LOI analysis,N,2,22,39.6925,113.6604,2/6/2020,9:00,89.7265,2/10/2020,9:15,
2/4/2020,SMAR25,2,11,6,LOI analysis,Y,2,C73,34.7966,110.2759,2/6/2020,9:00,83.1765,2/10/2020,9:15,
2/4/2020,SMAR25,2,12,5,LOI analysis,Y,2,C74,35.3745,112.1318,2/6/2020,9:00,85.4434,2/10/2020,9:15,
2/4/2020,SMAR25,2,13,4,grainsize,Y,2,C41,33.1422,112.9281,2/6/2020,9:00,79.9972,2/10/2020,9:15,
2/4/2020,SMAR25,2,14,3,LOI analysis,Y,2,C68,40.5978,115.8314,2/6/2020,9:00,81.0936,2/10/2020,9:15,
2/4/2020,SMAR25,2,15,2,LOI analysis,Y,2,C42,36.2068,117.5921,2/6/2020,9:00,79.4024,2/10/2020,9:15,
2/4/2020,SMAR25,2,16,1,LOI analysis,Y,3.8,SA20,2.4866,122.7228,2/6/2020,9:00,88.8878,2/10/2020,9:15,
2/11/2020,SMAR14,3,1,12,LOI analysis,N,2,14,41.0848,118.8427,2/13/2020,9:30,88.5481,2/17/2020,9:50,
2/11/2020,SMAR14,3,3,10,LOI analysis,N,2,C78,34.2034,109.9903,2/13/2020,9:30,84.1149,2/17/2020,9:50,
2/11/2020,SMAR14,3,4,9,grainsize,N,2,18,40.7932,114.9624,2/13/2020,9:30,86.9746,2/17/2020,9:50,
2/11/2020,SMAR14,3,6,7,LOI analysis,N,2,8,40.0727,118.6313,2/13/2020,9:30,88.1528,2/17/2020,9:50,
2/11/2020,SMAR14,3,7,6,LOI analysis,Y,2,29,41.1171,114.6692,2/13/2020,9:30,85.5305,2/17/2020,9:50,
2/11/2020,SMAR14,3,8,5,LOI analysis,Y,2,27,39.5061,120.5179,2/13/2020,9:30,90.2827,2/17/2020,9:50,
2/11/2020,SMAR14,3,9,4,grainsize,Y,2,C55,34.7466,102.1547,2/13/2020,9:30,68.64,2/17/2020,9:50,
2/11/2020,SMAR14,3,10,3,LOI analysis,Y,2,C31,36.942,110.4433,2/13/2020,9:30,71.4036,2/17/2020,9:50,
2/11/2020,SMAR14,3,11,2,LOI analysis,Y,2,21,38.5236,108.3372,2/13/2020,9:30,74.1666,2/17/2020,9:50,
2/11/2020,SMAR14,3,12,1,LOI analysis,Y,2.8,C77,34.896,132.5917,2/13/2020,9:30,96.278,2/17/2020,9:50,
2/11/2020,SMAR25,3,1,14,LOI analysis,N,2,C76,34.563,101.6971,2/13/2020,9:30,77.3737,2/17/2020,10:40,
2/11/2020,SMAR25,3,5,10,LOI analysis,N,2,C75,33.3004,119.1823,2/13/2020,9:30,83.3501,2/17/2020,10:40,
2/11/2020,SMAR25,3,6,9,grainsize,N,2,23,43.3426,120.3331,2/13/2020,9:30,90.1781,2/17/2020,10:40,
2/11/2020,SMAR25,3,8,7,LOI analysis,N,2,9,40.348,114.4635,2/13/2020,9:30,80.7259,2/17/2020,10:40,
2/11/2020,SMAR25,3,9,6,LOI analysis,Y,2,C36,32.6326,104.4718,2/13/2020,9:30,73.7173,2/17/2020,10:40,
2/11/2020,SMAR25,3,10,5,LOI analysis,Y,2,10,41.9452,117.2707,2/13/2020,9:30,82.2752,2/17/2020,10:40,
2/11/2020,SMAR25,3,11,4,grainsize,Y,2,13,39.7097,110.4245,2/13/2020,9:30,82.46,2/17/2020,10:40,
2/11/2020,SMAR25,3,12,3,LOI analysis,Y,2,C38,35.5928,119.9871,2/13/2020,9:30,82.2118,2/17/2020,10:40,
2/11/2020,SMAR25,3,13,2,LOI analysis,Y,2,11,40.7887,116.9161,2/13/2020,9:30,78.0288,2/17/2020,10:40,
2/11/2020,SMAR25,3,14,1,LOI analysis,Y,3.8,SA8,2.531,131.885,2/13/2020,9:30,87.2491,2/17/2020,10:40,
2/11/2020,SMARA,1,1,12,LOI analysis,N,2,C70,36.1381,118.9181,2/13/2020,9:30,88.7769,2/19/2020,4:30,
2/11/2020,SMARA,1,3,10,LOI analysis,N,2,C71,36.7352,114.4188,2/13/2020,9:30,85.4295,2/19/2020,4:30,
2/11/2020,SMARA,1,4,9,grainsize,N,2,C69,34.6205,115.314,2/13/2020,9:30,84.2961,2/19/2020,4:30,
2/11/2020,SMARA,1,6,7,LOI analysis,N,2,30,38.3451,117.6689,2/13/2020,9:30,93.6787,2/19/2020,4:30,
2/11/2020,SMARA,1,7,6,LOI analysis,Y,2,20,39.0606,122.8069,2/13/2020,9:30,101.2763,2/19/2020,4:30,
2/11/2020,SMARA,1,8,5,LOI analysis,Y,2,6,41.0899,127.2764,2/13/2020,9:30,104.8537,2/19/2020,4:30,
2/11/2020,SMARA,1,9,4,grainsize,Y,2,2,37.0011,123.6432,2/13/2020,9:30,97.6498,2/19/2020,4:30,
2/11/2020,SMARA,1,10,3,LOI analysis,Y,2,1,38.9032,118.1845,2/13/2020,9:30,92.0617,2/19/2020,4:30,
2/11/2020,SMARA,1,11,2,LOI analysis,Y,2,C49,38.3977,125.2253,2/13/2020,9:30,92.4527,2/19/2020,4:30,
2/11/2020,SMARA,1,12,1,LOI analysis,Y,2.7,25,37.4411,141.6129,2/13/2020,9:30,96.8669,2/19/2020,4:30,
2/18/2020,SMAR23,1,1,20,LOI analysis,N,2,C52,36.299,108.047,2/19/2020,5:00,82.1933,2/24/2020,4:20,
2/18/2020,SMAR23,1,2,19,gainsize,N,2,5,43.2483,118.9263,2/19/2020,5:00,93.4146,2/24/2020,4:20,
2/18/2020,SMAR23,1,6,15,LOI analysis,N,2,C59,40.15,113.6736,2/19/2020,5:00,87.0142,2/24/2020,4:20,
2/18/2020,SMAR23,1,7,14,grainsize,N,2,C60,40.0148,116.6805,2/19/2020,5:00,90.348,2/24/2020,4:20,
2/18/2020,SMAR23,1,11,10,LOI analysis,N,2,C72,34.7788,110.8496,2/19/2020,5:00,87.1168,2/24/2020,4:20,
2/18/2020,SMAR23,1,12,9,grainsize,N,2,C34,34.314,106.9437,2/19/2020,5:00,82.2896,2/24/2020,4:20,
2/18/2020,SMAR23,1,14,7,LOI analysis,N,2,16,42.1486,114.3161,2/19/2020,5:00,82.047,2/24/2020,4:20,
2/18/2020,SMAR23,1,15,6,LOI analysis,Y,2,28,41.1082,111.3343,2/19/2020,5:00,79.1038,2/24/2020,4:20,
2/18/2020,SMAR23,1,16,5,LOI analysis,Y,2,15,42.0199,120.0436,2/19/2020,5:00,78.3797,2/24/2020,4:20,
2/18/2020,SMAR23,1,17,4,grainsize,Y,2,C57,35.4151,97.8396,2/19/2020,5:00,64.7672,2/24/2020,4:20,
2/18/2020,SMAR23,1,18,3,LOI analysis,Y,2,C51,34.2743,97.2952,2/19/2020,5:00,66.1956,2/24/2020,4:20,
2/18/2020,SMAR23,1,19,2,LOI analysis,Y,2,4,42.7178,106.5709,2/19/2020,5:00,81.9299,2/24/2020,4:20,
2/18/2020,SMAR23,1,20,1,LOI analysis,Y,2.4,C61,36.5743,115.8096,2/19/2020,5:00,90.2915,2/24/2020,4:20,
2/18/2020,SMARA,2,1,13,LOI analysis,N,2,C63,38.8239,113.568,2/19/2020,5:00,84.914,2/24/2020,5:00,
2/18/2020,SMARA,2,4,10,LOI analysis,N,2,3,43.6077,116.0314,2/19/2020,5:00,91.7014,2/24/2020,5:00,
2/18/2020,SMARA,2,5,9,grainsize,N,2,73,34.7938,109.9206,2/19/2020,5:00,83.3612,2/24/2020,5:00,
2/18/2020,SMARA,2,7,7,LOI analysis,N,2,C62,42.2825,108.0713,2/19/2020,5:00,84.2497,2/24/2020,5:00,
2/18/2020,SMARA,2,8,6,LOI analysis,Y,2,C54,35.2845,109.3353,2/19/2020,5:00,85.4724,2/24/2020,5:00,
2/18/2020,SMARA,2,9,5,LOI analysis,Y,2,C58,35.3186,112.6835,2/19/2020,5:00,94.4623,2/24/2020,5:00,
2/18/2020,SMARA,2,10,4,grainsize,Y,2,C45,37.8469,120.2509,2/19/2020,5:00,89.9841,2/24/2020,5:00,
2/18/2020,SMARA,2,11,3,LOI analysis,Y,2,C35,34.4657,102.4539,2/19/2020,5:00,68.289,2/24/2020,5:00,
2/18/2020,SMARA,2,12,2,LOI analysis,Y,2,C44,33.9876,96.4762,2/19/2020,5:00,65.4969,2/24/2020,5:00,
2/18/2020,SMARA,2,13,1,LOI analysis,Y,2.8,C64,33.7161,142.7948,2/19/2020,5:00,97.0429,2/24/2020,5:00,
2/18/2020,SMAR12,3,1,20,LOI analysis,N,2,C41,33.1505,109.2664,2/19/2020,5:00,84.9781,2/24/2020,5:20,
2/18/2020,SMAR12,3,2,19,grainsize,N,2,C33,37.6061,110.8824,2/19/2020,5:00,86.1759,2/24/2020,5:20,
2/18/2020,SMAR12,3,6,15,LOI analysis,N,2,22,39.6491,111.7263,2/19/2020,5:00,90.4914,2/24/2020,5:20,
2/18/2020,SMAR12,3,7,14,grainsize,N,2,C68,40.6304,119.6287,2/19/2020,5:00,90.9844,2/24/2020,5:20,
2/18/2020,SMAR12,3,11,10,LOI analysis,N,2,17,36.3751,111.7328,2/19/2020,5:00,79.7846,2/24/2020,5:20,
2/18/2020,SMAR12,3,12,9,grainsize,N,2,C47,36.0106,108.0514,2/19/2020,5:00,78.8667,2/24/2020,5:20,
2/18/2020,SMAR12,3,14,7,LOI analysis,N,2,C66,36.2154,108.2092,2/19/2020,5:00,82.5484,2/24/2020,5:20,
2/18/2020,SMAR12,3,15,6,LOI analysis,Y,2,C42,36.2091,105.9613,2/19/2020,5:00,79.772,2/24/2020,5:20,
2/18/2020,SMAR12,3,16,5,LOI analysis,Y,2,C43,35.3889,106.4728,2/19/2020,5:00,79.066,2/24/2020,5:20,
2/18/2020,SMAR12,3,17,4,grainsize,Y,2,C74,35.3821,100.7747,2/19/2020,5:00,73.3864,2/24/2020,5:20,
2/18/2020,SMAR12,3,18,3,LOI analysis,Y,2,C37,37.3662,106.4656,2/19/2020,5:00,75.1297,2/24/2020,5:20,
2/18/2020,SMAR12,3,19,2,LOI analysis,Y,2,C56,35.825,100.1385,2/19/2020,5:00,72.6223,2/24/2020,5:20,
2/18/2020,SMAR12,3,20,1,LOI analysis,Y,3.6,SA4,2.5121,125.6171,2/19/2020,5:00,83.054,2/24/2020,5:20,
2/21/2020,SMARB,1,1,22,LOI analysis,N,2,23,43.3556,101.9721,2/24/2020,8:45,83.4344,2/28/2020,10:20,
2/21/2020,SMARB,1,3,20,LOI analysis,N,2,14,41.1131,105.8195,2/24/2020,8:45,87.7166,2/28/2020,10:20,
2/21/2020,SMARB,1,4,19,grainsize,N,2,21,38.5241,106.4478,2/24/2020,8:45,86.6545,2/28/2020,10:20,
2/21/2020,SMARB,1,8,15,LOI analysis,N,2,C76,34.5881,89.9127,2/24/2020,8:45,72.3271,2/28/2020,10:20,
2/21/2020,SMARB,1,9,14,grainsize,N,2,10,41.9723,101.95,2/24/2020,8:45,82.9524,2/28/2020,10:20,
2/21/2020,SMARB,1,13,10,LOI analysis,N,2,13,39.7137,101.2355,2/24/2020,8:45,82.4505,2/28/2020,10:20,
2/21/2020,SMARB,1,14,9,grainsize,N,2,C31,37.1822,102.3409,2/24/2020,8:45,81.7338,2/28/2020,10:20,
2/21/2020,SMARB,1,16,7,LOI analysis,N,2,C78,34.2654,89.8102,2/24/2020,8:45,71.8031,2/28/2020,10:20,
2/21/2020,SMARB,1,17,6,LOI analysis,Y,2,8,40.0951,101.9024,2/24/2020,8:45,81.2003,2/28/2020,10:20,
2/21/2020,SMARB,1,18,5,LOI analysis,Y,2,C75,33.3338,87.1234,2/24/2020,8:45,66.06,2/28/2020,10:20,
2/21/2020,SMARB,1,19,4,grainsize,Y,2,C55,34.8156,92.3951,2/24/2020,8:45,68.9385,2/28/2020,10:20,
2/21/2020,SMARB,1,20,3,LOI analysis,Y,2,18,40.7958,93.4527,2/24/2020,8:45,68.175,2/28/2020,10:20,
2/21/2020,SMARB,1,21,2,LOI analysis,Y,2,9,40.3478,87.1473,2/24/2020,8:45,64.3305,2/28/2020,10:20,
2/21/2020,SMARB,1,22,1,LOI analysis,Y,2.2,11,40.7795,110.677,2/24/2020,8:45,84.5801,2/28/2020,10:20,
2/26/2020,SMAR23,3,1,16,LOI analysis,N,2,27,39.5098,109.6376,2/26/2020,11:12,79.314,3/2/2020,9:25,
2/26/2020,SMAR23,3,2,15,LOI analysis,N,2,29,41.6145,111.0952,2/26/2020,11:12,78.2952,3/2/2020,9:25,
2/26/2020,SMAR23,3,3,14,grainsize,N,2,C38,35.6238,103.963,2/26/2020,11:12,76.1987,3/2/2020,9:25,
2/26/2020,SMAR23,3,7,10,LOI analysis,N,2,C69,34.6242,98.0549,2/26/2020,11:12,79.8374,3/2/2020,9:25,
2/26/2020,SMAR23,3,8,9,grainsize,N,2,1,38.919,100.5395,2/26/2020,11:12,82.2695,3/2/2020,9:25,
2/26/2020,SMAR23,3,10,7,LOI analysis,N,2,20,39.2118,102.3072,2/26/2020,11:12,79.5907,3/2/2020,9:25,
2/26/2020,SMAR23,3,11,6,LOI analysis,Y,2,30,38.3442,96.7146,2/26/2020,11:12,75.9479,3/2/2020,9:25,
2/26/2020,SMAR23,3,12,5,LOI analysis,Y,2,2,37.2297,105.228,2/26/2020,11:12,81.8938,3/2/2020,9:25,
2/26/2020,SMAR23,3,13,4,grainsize,Y,2,C49,38.758,99.5251,2/26/2020,11:12,72.8881,3/2/2020,9:25,
2/26/2020,SMAR23,3,14,3,LOI analysis,Y,2,C71,36.7472,91.717,2/26/2020,11:12,59.7402,3/2/2020,9:25,
2/26/2020,SMAR23,3,15,2,LOI analysis,Y,2,25,37.4377,80.4099,2/26/2020,11:12,56.5496,3/2/2020,9:25,
2/26/2020,SMAR23,3,16,1,LOI analysis,Y,2.6,6,38.9234,97.8899,2/26/2020,11:12,72.5703,3/2/2020,9:25,
2/26/2020,SMARB,2,1,19,LOI analysis,N,2,C36,32.6587,92.3366,3/6/2020,11:12,74.487,3/11/2020,10:05,
2/26/2020,SMARB,2,5,15,LOI analysis,N,2,7,40.3195,107.4377,3/6/2020,11:12,88.0263,3/11/2020,10:05,
2/26/2020,SMARB,2,6,14,grainsize,N,2,C32,33.3319,95.5362,3/6/2020,11:12,75.7377,3/11/2020,10:05,
2/26/2020,SMARB,2,10,10,LOI analysis,N,2,C39,29.8234,94.0999,3/6/2020,11:12,75.0665,3/11/2020,10:05,
2/26/2020,SMARB,2,11,9,grainsize,N,2,C40,37.0983,102.4046,3/6/2020,11:12,83.978,3/11/2020,10:05,
2/26/2020,SMARB,2,13,7,LOI analysis,N,2,12,40.0698,105.3882,3/6/2020,11:12,86.9449,3/11/2020,10:05,
2/26/2020,SMARB,2,14,6,LOI analysis,Y,2,C77,34.9343,102.7444,3/6/2020,11:12,85.064,3/11/2020,10:05,
2/26/2020,SMARB,2,15,5,LOI analysis,Y,2,26,41.9733,105.9524,3/6/2020,11:12,87.9532,3/11/2020,10:05,
2/26/2020,SMARB,2,16,4,grainsize,Y,2,24,37.9379,96.8826,3/6/2020,11:12,78.0355,3/11/2020,10:05,
2/26/2020,SMARB,2,17,3,LOI analysis,Y,2,C65,38.9276,93.5331,3/6/2020,11:12,73.6656,3/11/2020,10:05,
2/26/2020,SMARB,2,18,2,LOI analysis,Y,2,C50,32.3287,92.65605,3/6/2020,11:12,69.5228,3/11/2020,10:05,
2/26/2020,SMARB,2,19,1,LOI analysis,Y,3.9,SA24,2.5144,125.0681,3/6/2020,11:12,85.6334,3/11/2020,10:05,
3/11/2020,SMARA,3,1,14,LOI analysis,N,2,C38,35.6134,106.1518,3/11/2020,12:13,83.1622,3/17/2020,9:15,
3/11/2020,SMARA,3,5,10,LOI analysis,N,2,29,41.1853,106.865,3/11/2020,12:13,81.2607,3/17/2020,9:15,
3/11/2020,SMARA,3,6,9,grainsize,N,2,C77,34.8963,107.5745,3/11/2020,12:13,80.8241,3/17/2020,9:15,
3/11/2020,SMARA,3,8,7,LOI analysis,N,2,C71,36.7367,101.9215,3/11/2020,12:13,79.164,3/17/2020,9:15,
3/11/2020,SMARA,3,9,6,LOI analysis,Y,2,C65,38.9375,113.6993,3/11/2020,12:13,92.4465,3/17/2020,9:15,
3/11/2020,SMARA,3,10,5,LOI analysis,Y,2,C36,32.6417,105.2612,3/11/2020,12:13,85.5137,3/17/2020,9:15,
3/11/2020,SMARA,3,11,4,grainsize,Y,2,7,40.3174,114.9592,3/11/2020,12:13,86.9378,3/17/2020,9:15,
3/11/2020,SMARA,3,12,3,LOI analysis,Y,2,25,37.4254,99.0551,3/11/2020,12:13,66.6143,3/17/2020,9:15,
3/11/2020,SMARA,3,13,2,LOI analysis,Y,2,6,41.0888,104.9388,3/11/2020,12:13,75.6413,3/17/2020,9:15,
3/11/2020,SMARA,3,14,1,LOI analysis,Y,2.5,C32,33.3267,119.1227,3/11/2020,12:13,81.3453,3/17/2020,9:15,
3/11/2020,SMAR23,2,1,19,LOI analysis,N,2,C69,34.6215,109.9508,3/11/2020,12:13,81.2967,3/17/2020,9:15,
3/11/2020,SMAR23,2,5,15,LOI analysis,N,2,2,37.1538,100.7961,3/11/2020,12:13,78.8054,3/17/2020,9:15,
3/11/2020,SMAR23,2,6,14,grainsize,N,2,26,41.965,112.7845,3/11/2020,12:13,90.9021,3/17/2020,9:15,
3/11/2020,SMAR23,2,10,10,LOI analysis,N,2,1,38.9048,104.3241,3/11/2020,12:13,84.9066,3/17/2020,9:15,
3/11/2020,SMAR23,2,11,9,grainsize,N,2,C39,29.8137,100.3361,3/11/2020,12:13,80.8551,3/17/2020,9:15,
3/11/2020,SMAR23,2,13,7,LOI analysis,N,2,12,40.0549,103.0607,3/11/2020,12:13,84.1847,3/17/2020,9:15,
3/11/2020,SMAR23,2,14,6,LOI analysis,Y,2,C40,37.0991,98.9178,3/11/2020,12:13,78.6912,3/17/2020,9:15,
3/11/2020,SMAR23,2,15,5,LOI analysis,Y,2,20,39.0709,102.0892,3/11/2020,12:13,82.0135,3/17/2020,9:15,
3/11/2020,SMAR23,2,16,4,grainsize,Y,2,C50,32.3268,94.3394,3/11/2020,12:13,73.004,3/17/2020,9:15,
3/11/2020,SMAR23,2,17,3,LOI analysis,Y,2,30,38.3202,105.5906,3/11/2020,12:13,76.5808,3/17/2020,9:15,
3/11/2020,SMAR23,2,18,2,LOI analysis,Y,2,9,40.3476,96.5168,3/11/2020,12:13,72.4204,3/17/2020,9:15,
3/11/2020,SMAR23,2,19,1,LOI analysis,Y,3.7,SA8,2.5285,116.0621,3/11/2020,12:13,74.1797,3/17/2020,9:15,
3/11/2020,SMARB,3,1,19,LOI analysis,N,2,21,38.5238,106.2031,3/11/2020,12:13,86.012,3/17/2020,9:15,
3/11/2020,SMARB,3,5,15,LOI analysis,N,2,C76,34.574,100.4635,3/11/2020,12:13,77.008,3/17/2020,9:15,
3/11/2020,SMARB,3,6,14,grainsize,N,2,8,40.0731,110.5995,3/11/2020,12:13,85.763,3/17/2020,9:15,
3/11/2020,SMARB,3,10,10,LOI analysis,N,2,C31,36.9636,102.3941,3/11/2020,12:13,78.199,3/17/2020,9:15,
3/11/2020,SMARB,3,11,9,grainsize,N,2,C55,34.7672,99.9124,3/11/2020,12:13,78.8898,3/17/2020,9:15,
3/11/2020,SMARB,3,13,7,LOI analysis,N,2,C78,34.208,112.4247,3/11/2020,12:13,84.2683,3/17/2020,9:15,
3/11/2020,SMARB,3,14,6,LOI analysis,Y,2,11,40.7669,103.666,3/11/2020,12:13,84.1038,3/17/2020,9:15,
3/11/2020,SMARB,3,15,5,LOI analysis,Y,2,18,40.7945,107.4728,3/11/2020,12:13,86.1971,3/17/2020,9:15,
3/11/2020,SMARB,3,16,4,grainsize,Y,2,C75,33.3021,105.8261,3/11/2020,12:13,76.8989,3/17/2020,9:15,
3/11/2020,SMARB,3,17,3,LOI analysis,Y,2,23,43.3939,100.7304,3/11/2020,12:13,78.98,3/17/2020,9:15,
3/11/2020,SMARB,3,18,2,LOI analysis,Y,2,13,39.711,98.142,3/11/2020,12:13,78.7756,3/17/2020,9:15,
3/11/2020,SMARB,3,19,1,LOI analysis,Y,3.1,SA14,2.4838,103.18,3/11/2020,12:13,73.8391,3/17/2020,9:15,
8/4/2020,SJB14,2,18,1,LOI analysis ,Y,3.1,SA2,2.4945,138.5482,8/4/2020,11:48,109.117,,,
8/4/2020,SJB14,2,17,2,LOI analysis ,Y,2,20,39.0325,114.5852,8/4/2020,11:48,97.2603,,,
8/4/2020,SJB14,2,16,3,LOI analysis ,Y,2,C55,34.9306,113.9729,8/4/2020,11:48,93.9821,,,
8/4/2020,SJB14,2,15,4,grainsize,Y,2,18,40.8217,109.2951,8/4/2020,11:48,92.309,,,
8/4/2020,SJB14,2,14,5,LOI analysis ,Y,2,30,38.5606,112.681,8/4/2020,11:48,93.5356,,,
8/4/2020,SJB14,2,13,6,LOI analysis ,Y,2,29,41.1988,106.1387,8/4/2020,11:48,89.4797,,,
8/4/2020,SJB14,2,12,7,LOI analysis ,N,2,12,40.0775,111.0261,8/4/2020,11:48,92.0356,,,
8/4/2020,SJB14,2,10,9,grainsize,N,2,C32,33.3464,102.0091,8/4/2020,11:48,97.2646,,,
8/4/2020,SJB14,2,9,10,LOI analysis ,N,2,6,41.1102,126.2775,8/4/2020,11:48,107.3762,,,
8/4/2020,SJB14,2,5,15,grainsize,N,2,C71,36.757,99.8895,8/4/2020,11:48,85.9488,,,
8/4/2020,SJB14,2,4,16,LOI analysis ,N,2,C77,34.9147,98.5295,8/4/2020,11:48,84.8924,,,
8/4/2020,SJB14,2,1,19,LOI analysis ,N,2,C38,35.6197,103.5663,8/4/2020,11:48,88.6716,,,
8/4/2020,SJB17,3,17,1,LOI analysis ,Y,3,SA21,2.4981,93.1644,8/4/2020,11:48,62.0806,,,
8/4/2020,SJB17,3,16,2,LOI analysis ,Y,2,17,36.3942,92.0066,8/4/2020,11:48,67.3077,,,
8/4/2020,SJB17,3,15,3,LOI analysis ,Y,2,C37,37.3849,103.3005,8/4/2020,11:48,70.8366,,,
8/4/2020,SJB17,3,14,4,grainsize,Y,2,14,41.0964,102.8145,8/4/2020,11:48,78.1675,,,
8/4/2020,SJB17,3,13,5,LOI analysis ,Y,2,C57,35.4333,98.6239,8/4/2020,11:48,66.7657,,,
8/4/2020,SJB17,3,12,6,LOI analysis ,Y,2,73,34.8624,88.2184,8/4/2020,11:48,69.9402,,,
8/4/2020,SJB17,3,11,7,LOI analysis ,N,2,C41,33.1619,104.2972,8/4/2020,11:48,71.3448,,,
8/4/2020,SJB17,3,9,9,grainsize,N,2,25,37.4327,104.1284,8/4/2020,11:48,76.3821,,,
8/4/2020,SJB17,3,8,10,LOI analysis ,N,2,7,40.3396,124.9872,8/4/2020,11:48,88.888,,,
8/4/2020,SJB17,3,4,14,grainsize,N,2,C65,38.9565,123.5546,8/4/2020,11:48,82.9473,,,
8/4/2020,SJB17,3,3,15,LOI analysis ,N,2,C36,32.6575,110.3948,8/4/2020,11:48,72.7407,,,
8/4/2020,SJB17,3,1,17,LOI analysis ,N,2,10,41.9377,114.1974,8/4/2020,11:48,81.695,,,
8/4/2020,SJB07,2,14,1,LOI analysis ,Y,1.5,22,39.6061,95.9624,8/4/2020,11:48,80.5655,,,
8/4/2020,SJB07,2,13,2,LOI analysis ,Y,2,69,35.3062,97.7172,8/4/2020,11:48,80.9184,,,
8/4/2020,SJB07,2,12,3,LOI analysis ,Y,2,11,40.8779,111.3718,8/4/2020,11:48,92.208,,,
8/4/2020,SJB07,2,11,4,grainsize,Y,2,C45,37.8178,112.0704,8/4/2020,11:48,97.8981,,,
8/4/2020,SJB07,2,10,5,LOI analysis ,Y,2,C58,35.3372,101.2607,8/4/2020,11:48,84.2768,,,
8/4/2020,SJB07,2,9,6,LOI analysis ,Y,2,C59,40.1717,103.0112,8/4/2020,11:48,86.2651,,,
8/4/2020,SJB07,2,8,7,LOI analysis ,N,2,C64,33.703,95.2246,8/4/2020,11:48,79.1608,,,
8/4/2020,SJB07,2,6,9,grainsize,N,2,C66,36.235,110.4901,8/4/2020,11:48,89.7556,,,
8/4/2020,SJB07,2,5,10,LOI analysis ,N,2,4,42.7234,113.5092,8/4/2020,11:48,92.7213,,,
8/4/2020,SJB07,2,1,14,LOI analysis ,N,2,C60,40.0193,112.5603,8/4/2020,11:48,93.7254,,,
8/11/2020,SJBA,1,18,1,LOI analysis ,Y,1.9,29,41.2524,99.1136,8/11/2020,11:17,89.1573,8/14/2020,,Top row of newer oven
8/11/2020,SJBA,1,17,2,LOI analysis ,Y,2,30,38.5861,101.4941,8/11/2020,11:17,90.3471,8/14/2020,,Top row of newer oven
8/11/2020,SJBA,1,16,3,LOI analysis ,Y,2,C69,35.2601,106.6309,8/11/2020,11:17,93.4974,8/14/2020,,Top row of newer oven
8/11/2020,SJBA,1,15,4,grainsize,Y,2,14,41.1735,104.4271,8/11/2020,11:17,92.4516,8/14/2020,,Top row of newer oven
8/11/2020,SJBA,1,14,5,LOI analysis ,Y,2,7,40.3396,119.6363,8/11/2020,11:17,104.5268,8/14/2020,,Top row of newer oven
8/11/2020,SJBA,1,13,6,LOI analysis ,Y,2,C65,38.9616,106.4892,8/11/2020,11:17,93.6868,8/14/2020,,Top row of newer oven
8/11/2020,SJBA,1,12,7,LOI analysis ,N,2,C36,32.6598,106.5873,8/11/2020,11:17,92.5654,8/14/2020,,Top row of newer oven
8/11/2020,SJBA,1,10,9,grainsize,N,2,C71,36.8343,109.055,8/11/2020,11:17,95.0523,8/14/2020,,Top row of newer oven
8/11/2020,SJBA,1,9,10,LOI analysis ,N,2,C77,34.971,103.464,8/11/2020,11:17,90.4336,8/14/2020,,Top row of newer oven
8/11/2020,SJBA,1,5,14,grainsize,N,2,22,39.6447,105.9427,8/11/2020,11:17,93.384,8/14/2020,,Top row of newer oven
8/11/2020,SJBA,1,4,15,LOI analysis ,N,2,C45,37.9202,112.6768,8/11/2020,11:17,98.117,8/14/2020,,Top row of newer oven
8/11/2020,SJBA,1,1,18,LOI analysis ,N,2,C55,34.9128,89.3639,8/11/2020,11:17,79.8422,8/14/2020,,Top row of newer oven
8/11/2020,SJB10,3,20,1,LOI analysis ,Y,1.8,C60,40.2324,99.198,8/11/2020,12:07,87.7755,8/14/2020,,Middlw row of newer oven
8/11/2020,SJB10,3,19,2,LOI analysis ,Y,2,17,36.407,92.1055,8/11/2020,12:07,80.4913,8/14/2020,,Middlw row of newer oven
8/11/2020,SJB10,3,18,3,LOI analysis ,Y,2,20,39.5912,98.9638,8/11/2020,12:07,86.1072,8/14/2020,,Middlw row of newer oven
8/11/2020,SJB10,3,17,4,grain size,Y,2,25,37.4513,96.1086,8/11/2020,12:07,82.0514,8/14/2020,,Middlw row of newer oven
8/11/2020,SJB10,3,16,5,LOI analysis ,Y,2,73,35.269,92.9626,8/11/2020,12:07,79.2136,8/14/2020,,Middlw row of newer oven
8/11/2020,SJB10,3,15,6,LOI analysis ,Y,2,4,42.7571,100.7408,8/11/2020,12:07,85.9312,8/14/2020,,Middlw row of newer oven
8/11/2020,SJB10,3,14,7,LOI analysis ,N,2,C59,40.2719,95.8117,8/11/2020,12:07,80.0629,8/14/2020,,Middlw row of newer oven
8/11/2020,SJB10,3,12,9,grainsize,N,2,6,41.1113,92.2638,8/11/2020,12:07,81.4962,8/14/2020,,Middlw row of newer oven
8/11/2020,SJB10,3,11,10,LOI analysis ,N,2,18,40.8245,102.9123,8/11/2020,12:07,85.9903,8/14/2020,,Middlw row of newer oven
8/11/2020,SJB10,3,7,14,grainsize,N,2,C64,33.7782,93.4988,8/11/2020,12:07,78.7131,8/14/2020,,Middlw row of newer oven
8/11/2020,SJB10,3,6,15,LOI analysis ,N,2,11,40.8587,103.953,8/11/2020,12:07,88.3954,8/14/2020,,Middlw row of newer oven
8/11/2020,SJB10,3,2,19,grainsize,N,2,C58,35.4239,104.4865,8/11/2020,12:07,87.2176,8/14/2020,,Middlw row of newer oven
8/11/2020,SJB10,3,1,20,LOI analysis ,N,2,C37,37.3935,9.7768,8/11/2020,12:07,78.0291,8/14/2020,,Middlw row of newer oven
8/14/2020,SJB06,1,17,1,LOI analysis ,Y,2.7,C63,38.8464,133.7483,8/14/2020,10:04,110.6221,8/19/2020,,bottom row of newer oven
8/14/2020,SJB06,1,16,2,LOI analysis ,Y,2,C33,37.6317,104.7433,8/14/2020,10:04,84.7131,8/19/2020,,bottom row of newer oven
8/14/2020,SJB06,1,15,3,LOI analysis ,Y,2,C54,35.3032,106.1905,8/14/2020,10:04,82.7338,8/19/2020,,bottom row of newer oven
8/14/2020,SJB06,1,14,4,grain size,Y,2,24,37.9455,113.5134,8/14/2020,10:04,93.2972,8/19/2020,,bottom row of newer oven
8/14/2020,SJB06,1,13,5,LOI analysis ,Y,2,15,42.0246,158.0253,8/14/2020,10:04,96.8593,8/19/2020,,bottom row of newer oven
8/14/2020,SJB06,1,12,6,LOI analysis ,Y,2,12,40.0867,112.3303,8/14/2020,10:04,92.4189,8/19/2020,,bottom row of newer oven
8/14/2020,SJB06,1,11,7,LOI analysis ,N,2,C66,36.3086,116.3119,8/14/2020,10:04,93.5622,8/19/2020,,bottom row of newer oven
8/14/2020,SJB06,1,9,9,grainsize,N,2,10,41.9426,121.6026,8/14/2020,10:04,103.3043,8/19/2020,,bottom row of newer oven
8/14/2020,SJB06,1,8,10,LOI analysis ,N,2,C32,33.3454,119.8771,8/14/2020,10:04,96.2454,8/19/2020,,bottom row of newer oven
8/14/2020,SJB06,1,4,14,grainsize,N,2,C41,33.1643,110.2788,8/14/2020,10:04,88.8322,8/19/2020,,bottom row of newer oven
8/14/2020,SJB06,1,3,15,LOI analysis ,N,2,C38,35.6857,108.2454,8/14/2020,10:04,84.1995,8/19/2020,,bottom row of newer oven
8/14/2020,SJB06,1,1,17,LOI analysis ,N,2,C57,35.4721,108.0961,8/14/2020,10:04,92.75,8/19/2020,,bottom row of newer oven
8/18/2020,SJBB,1,14,1,LOI analysis ,Y,3.4,C58,35.3396,145.8261,8/18/2020,12:13,124.5862,8/20/2020,,
8/18/2020,SJBB,1,13,2,LOI analysis ,Y,2,C77,34.9591,104.2262,8/18/2020,12:13,91.205,8/20/2020,,
8/18/2020,SJBB,1,12,3,LOI analysis ,Y,2,C55,34.8662,99.3085,8/18/2020,12:13,87.0343,8/20/2020,,
8/18/2020,SJBB,1,11,4,grain size,Y,2,22,39.6745,114.6742,8/18/2020,12:13,100.1251,8/20/2020,,
8/18/2020,SJBB,1,10,5,LOI analysis ,Y,2,7,40.34,107.6977,8/18/2020,12:13,94.7593,8/20/2020,,
8/18/2020,SJBB,1,9,6,LOI analysis ,Y,2,11,40.84,106.4093,8/18/2020,12:13,97.8226,8/20/2020,,
8/18/2020,SJBB,1,8,7,LOI analysis ,N,2,C64,33.8014,11.363,8/18/2020,12:13,92.0899,8/20/2020,,
8/18/2020,SJBB,1,6,9,grainsize,N,2,18,40.8203,110.7216,8/18/2020,12:13,96.6111,8/20/2020,,
8/18/2020,SJBB,1,5,10,LOI analysis ,N,2,6,41.1118,110.5673,8/18/2020,12:13,96.5154,8/20/2020,,
8/18/2020,SJBB,1,1,14,LOI analysis ,N,2,C71,36.7736,113.8716,8/18/2020,12:13,97.8991,8/20/2020,,
8/18/2020,SJBC,1,14,1,LOI analysis ,Y,4,20,39.295,159.167,8/18/2020,12:13,136.7451,8/20/2020,,
8/18/2020,SJBC,1,13,2,LOI analysis ,Y,2,25,37.4377,99.0597,8/18/2020,12:13,87.4997,8/20/2020,,
8/18/2020,SJBC,1,12,3,LOI analysis ,Y,2,73,35.1684,100.3915,8/18/2020,12:13,88.1455,8/20/2020,,
8/18/2020,SJBC,1,11,4,grain size,Y,2,30,38.4385,111.0162,8/18/2020,12:13,97.3198,8/20/2020,,
8/18/2020,SJBC,1,10,5,LOI analysis ,Y,2,C69,35.2307,109.5291,8/18/2020,12:13,95.2175,8/20/2020,,
8/18/2020,SJBC,1,9,6,LOI analysis ,Y,2,C37,37.4323,108.7153,8/18/2020,12:13,94.9107,8/20/2020,,
8/18/2020,SJBC,1,8,7,LOI analysis ,N,2,4,42.7541,107.9689,8/18/2020,12:13,98.127,8/20/2020,,
8/18/2020,SJBC,1,6,9,grainsize,N,2,17,36.4005,109.3374,8/18/2020,12:13,95.7437,8/20/2020,,
8/18/2020,SJBC,1,5,10,LOI analysis ,N,2,C60,40.0811,111.5246,8/18/2020,12:13,97.8509,8/20/2020,,
8/18/2020,SJBC,1,1,14,LOI analysis ,N,2,14,41.2124,120.5912,8/18/2020,12:13,102.1283,8/20/2020,,
8/19/2020,SJB16,1,15,1,LOI analysis ,Y,3.6,29,41.2505,172.937,8/19/2020,11:17,145.8026,8/20/2020,,
8/19/2020,SJB16,1,14,2,LOI analysis ,Y,2,C45,37.8511,102.5649,8/19/2020,11:17,88.3317,8/20/2020,,
8/19/2020,SJB16,1,13,3,LOI analysis ,Y,2,C59,40.2139,96.9393,8/19/2020,11:17,83.4688,8/20/2020,,
8/19/2020,SJB16,1,12,4,grain size,Y,2,C36,32.662,102.657,8/19/2020,11:17,85.5601,8/20/2020,,
8/19/2020,SJB16,1,11,5,LOI analysis ,Y,2,C65,38.9573,98.146,8/19/2020,11:17,82.0417,8/20/2020,,
8/19/2020,SJB16,1,10,6,LOI analysis ,Y,2,C40,37.1181,104.0007,8/19/2020,11:17,87.258,8/20/2020,,
8/19/2020,SJB16,1,9,7,LOI analysis ,N,2,2,37.4685,97.6194,8/19/2020,11:17,82.5121,8/20/2020,,
8/19/2020,SJB16,1,7,9,grainsize,N,2,8,40.096,97.5508,8/19/2020,11:17,84.337,8/20/2020,,
8/19/2020,SJB16,1,6,10,LOI analysis ,N,2,C75,33.4769,96.9449,8/19/2020,11:17,81.4499,8/20/2020,,
8/19/2020,SJB16,1,2,14,grainsize,N,2,9,41.3112,95.8768,8/19/2020,11:17,82.1868,8/20/2020,,
8/19/2020,SJB16,1,1,15,LOI analysis ,N,2,C76,34.6343,110.02824,8/19/2020,11:17,92.2964,8/20/2020,,
8/31/2020,SJBB,2,16,1,LOI analysis ,Y,2.2,C48,36.4055,132.9777,8/31/2020,9:41,104.979,9/4/2020,10:09,
8/31/2020,SJBB,2,15,2,LOI analysis ,Y,2,C53,33.4441,106.4948,8/31/2020,9:41,89.98,9/4/2020,10:09,
8/31/2020,SJBB,2,14,3,LOI analysis ,Y,2,7,40.3409,118.3975,8/31/2020,9:41,96.053,9/4/2020,10:09,
8/31/2020,SJBB,2,13,4,grain size,Y,2,C68,40.6337,119.9981,8/31/2020,9:41,97.323,9/4/2020,10:09,
8/31/2020,SJBB,2,12,5,LOI analysis ,Y,2,6,41.1112,121.7442,8/31/2020,9:41,99.06,9/4/2020,10:09,
8/31/2020,SJBB,2,11,6,LOI analysis ,Y,2,C37,37.4043,112.5623,8/31/2020,9:41,93.982,9/4/2020,10:09,
8/31/2020,SJBB,2,10,7,LOI analysis ,N,2,C69,35.1996,114.2033,8/31/2020,9:41,91.002,9/4/2020,10:09,
8/31/2020,SJBB,2,8,9,grainsize,N,2,30,38.3738,111.683,8/31/2020,9:41,90.216,9/4/2020,10:09,
8/31/2020,SJBB,2,7,10,LOI analysis ,N,2,15,42.0597,112.1419,8/31/2020,9:41,92.842,9/4/2020,10:09,
8/31/2020,SJBB,2,3,14,grainsize,N,2,24,37.9514,109.1283,8/31/2020,9:41,89.773,9/4/2020,10:09,
8/31/2020,SJBB,2,2,15,LOI analysis ,N,2,C45,37.8295,116.892,8/31/2020,9:41,92.19,9/4/2020,10:09,
8/31/2020,SJBB,2,1,16,LOI analysis ,N,2,14,41.1367,114.2595,8/31/2020,9:41,91.817,9/4/2020,10:09,
8/31/2020,SJBB,3,16,1,LOI analysis ,Y,3.1,C41,33.1627,144.0629,8/31/2020,10:48,114.995,9/4/2020,10:49,
8/31/2020,SJBB,3,15,2,LOI analysis ,Y,2,C66,36.2418,102.5944,8/31/2020,10:48,89.04,9/4/2020,10:49,
8/31/2020,SJBB,3,14,3,LOI analysis ,Y,2,12,40.0763,110.4499,8/31/2020,10:48,94.867,9/4/2020,10:49,
8/31/2020,SJBB,3,13,4,grain size,Y,2,C67,34.4273,110.543,8/31/2020,10:48,95.873,9/4/2020,10:49,
8/31/2020,SJBB,3,12,5,LOI analysis ,Y,2,19,38.7877,119.5699,8/31/2020,10:48,97.311,9/4/2020,10:49,
8/31/2020,SJBB,3,11,6,LOI analysis ,Y,2,21,38.545,111.9768,8/31/2020,10:48,94.794,9/4/2020,10:49,
8/31/2020,SJBB,3,10,7,LOI analysis ,N,2,C57,35.4342,102.9647,8/31/2020,10:48,89.721,9/4/2020,10:49,
8/31/2020,SJBB,3,8,9,grainsize,N,2,C32,33.3459,106.5738,8/31/2020,10:48,87.345,9/4/2020,10:49,
8/31/2020,SJBB,3,7,10,LOI analysis ,N,2,C38,35.6879,109.2824,8/31/2020,10:48,90.028,9/4/2020,10:49,
8/31/2020,SJBB,3,3,14,grainsize,N,2,C63,38.848,124.0268,8/31/2020,10:48,97.26,9/4/2020,10:49,
8/31/2020,SJBB,3,2,15,LOI analysis ,N,2,10,41.9356,107.2003,8/31/2020,10:48,93.764,9/4/2020,10:49,
8/31/2020,SJBB,3,1,16,LOI analysis ,N,2,11,40.825,110.5778,8/31/2020,10:48,94.618,9/4/2020,10:49,
8/31/2020,SJBA,2,13,1,LOI analysis ,Y,3,23,37.3992,155.652,8/31/2020,10:48,128.326,9/4/2020,9:58,
8/31/2020,SJBA,2,12,2,LOI analysis ,Y,2,18,39.6219,127.2078,8/31/2020,10:48,103.112,9/4/2020,9:58,
8/31/2020,SJBA,2,11,3,LOI analysis ,Y,2,C64,33.7473,108.9227,8/31/2020,10:48,89.406,9/4/2020,9:58,
8/31/2020,SJBA,2,10,4,grain size,Y,2,22,40.828,113.088,8/31/2020,10:48,95.663,9/4/2020,9:58,
8/31/2020,SJBA,2,9,5,LOI analysis ,Y,2,2,43.3917,116.3705,8/31/2020,10:48,94.219,9/4/2020,9:58,
8/31/2020,SJBA,2,8,6,LOI analysis ,Y,2,C40,37.1252,109.6748,8/31/2020,10:48,91.851,9/4/2020,9:58,
8/31/2020,SJBA,2,7,7,LOI analysis ,N,2,C65,38.9557,131.1801,8/31/2020,10:48,101.867,9/4/2020,9:58,
8/31/2020,SJBA,2,5,9,grainsize,N,2,73,35.0268,110.9323,8/31/2020,10:48,88.645,9/4/2020,9:58,
8/31/2020,SJBA,2,4,10,LOI analysis ,N,2,C58,35.3383,111.6755,8/31/2020,10:48,90.725,9/4/2020,9:58,
8/31/2020,SJBA,2,1,13,LOI analysis ,N,2,C76,34.5919,109.2186,8/31/2020,10:48,87.758,9/4/2020,9:58,
8/31/2020,STCH02,1,13,1,LOI analysis ,Y,2,25,37.4338,95.3489,8/31/2020,11:10,75.008,9/4/2020,10:31,
8/31/2020,STCH02,1,12,2,LOI analysis ,Y,2,C50,32.3411,99.574,8/31/2020,11:10,69.557,9/4/2020,10:31,
8/31/2020,STCH02,1,11,3,LOI analysis ,Y,2,13,29.7327,105.6849,8/31/2020,11:10,77.168,9/4/2020,10:31,
8/31/2020,STCH02,1,10,4,grain size,Y,2,C31,36.9824,96.4169,8/31/2020,11:10,71.141,9/4/2020,10:31,
8/31/2020,STCH02,1,9,5,LOI analysis ,Y,2,C77,34.919,103.4683,8/31/2020,11:10,73.656,9/4/2020,10:31,
8/31/2020,STCH02,1,8,6,LOI analysis ,Y,2,1,39.4195,109.6917,8/31/2020,11:10,80.836,9/4/2020,10:31,
8/31/2020,STCH02,1,7,7,LOI analysis ,N,2,C71,36.7804,99.0189,8/31/2020,11:10,71.209,9/4/2020,10:31,
8/31/2020,STCH02,1,5,9,grainsize,N,2,8,40.1298,102.8953,8/31/2020,11:10,73.422,9/4/2020,10:31,
8/31/2020,STCH02,1,4,10,LOI analysis ,N,2,9,41.2032,101.9815,8/31/2020,11:10,75.403,9/4/2020,10:31,
8/31/2020,STCH02,1,1,13,LOI analysis,N,2,C75,33.3569,99.1448,8/31/2020,11:10,70.273,9/4/2020,10:31,
8/31/2020,STCH04,2,19,1,LOI analysis ,Y,2.4,20,39.1634,127.114,8/31/2020,11:40,111.601,9/4/2020,9:46,
8/31/2020,STCH04,2,18,2,LOI analysis ,Y,2,C55,34.8013,108.2198,8/31/2020,11:40,89.108,9/4/2020,9:46,
8/31/2020,STCH04,2,17,3,LOI analysis ,Y,2,C33,37.6353,104.6935,8/31/2020,11:40,92.822,9/4/2020,9:46,
8/31/2020,STCH04,2,16,4,grain size,Y,2,C74,35.4004,107.3931,8/31/2020,11:40,85.113,9/4/2020,9:46,
8/31/2020,STCH04,2,15,5,LOI analysis ,Y,2,C78,34.3578,99.2449,8/31/2020,11:40,72.316,9/4/2020,9:46,
8/31/2020,STCH04,2,14,6,LOI analysis ,Y,2,26,41.9857,120.6969,8/31/2020,11:40,97.347,9/4/2020,9:46,
8/31/2020,STCH04,2,13,7,LOI analysis ,N,2,16,42.1705,109.7361,8/31/2020,11:40,95.962,9/4/2020,9:46,
8/31/2020,STCH04,2,11,9,grainsize,N,2,C61,36.5934,119.4808,8/31/2020,11:40,92.99,9/4/2020,9:46,
8/31/2020,STCH04,2,10,10,LOI analysis ,N,2,C56,35.9336,117.0512,8/31/2020,11:40,89.547,9/4/2020,9:46,
8/31/2020,STCH04,2,6,14,grainsize,N,2,C62,42.3146,105.0029,8/31/2020,11:40,86.464,9/4/2020,9:46,
8/31/2020,STCH04,2,5,15,LOI analysis ,N,2,5,43.2718,114.0255,8/31/2020,11:40,89.986,9/4/2020,9:46,
8/31/2020,STCH04,2,1,19,LOI analysis,N,2,C43,35.4634,109.6545,8/31/2020,11:40,86.48,9/4/2020,9:46,
8/31/2020,STCH04,1,21,1,LOI analysis ,Y,2,29,41.2276,99.7439,8/31/2020,12:24,86.83,9/4/2020,11:10,
8/31/2020,STCH04,1,20,2,LOI analysis ,Y,2,C49,38.4162,115.6144,8/31/2020,12:24,96.699,9/4/2020,11:10,
8/31/2020,STCH04,1,19,3,LOI analysis ,Y,2,C36,32.6887,117.4771,8/31/2020,12:24,97.061,9/4/2020,11:10,
8/31/2020,STCH04,1,18,4,grain size,Y,2,C35,34.5481,100.371,8/31/2020,12:24,82.441,9/4/2020,11:10,
8/31/2020,STCH04,1,17,5,LOI analysis ,Y,2,C52,36.3297,97.1002,8/31/2020,12:24,80.868,9/4/2020,11:10,
8/31/2020,STCH04,1,16,6,LOI analysis ,Y,2,C54,35.3092,103.1664,8/31/2020,12:24,82.963,9/4/2020,11:10,
8/31/2020,STCH04,1,15,7,LOI analysis ,N,2,C44,34.1025,112.2748,8/31/2020,12:24,87.946,9/4/2020,11:10,
8/31/2020,STCH04,1,13,9,grainsize,N,2,C51,34.3141,118.0556,8/31/2020,12:24,91.892,9/4/2020,11:10,
8/31/2020,STCH04,1,12,10,LOI analysis ,N,2,C34,34.2664,115.0672,8/31/2020,12:24,81.952,9/4/2020,11:10,
8/31/2020,STCH04,1,8,14,grainsize,N,2,3,43.6525,139.999,8/31/2020,12:24,100.979,9/4/2020,11:10,
8/31/2020,STCH04,1,7,15,LOI analysis ,N,2,4,42.7545,122.9535,8/31/2020,12:24,82.65,9/4/2020,11:10,
8/31/2020,STCH04,1,3,19,grainsize,N,2,17,36.3995,122.5517,8/31/2020,12:24,92.203,9/4/2020,11:10,
8/31/2020,STCH04,1,2,20,LOI analysis ,N,2,C60,40.0194,106.603,8/31/2020,12:24,85.543,9/4/2020,11:10,
8/31/2020,STCH04,1,1,21,LOI analysis ,N,2,28,41.2255,109.4932,8/31/2020,12:24,83.246,9/4/2020,11:10,
9/14/2020,SJB06,2,18,1,LOI analysis ,Y,2.4,C53,33.4716,113.5524,9/14/2020,9:50,95.393,9/17/2020,12:00,
9/14/2020,SJB06,2,17,2,LOI analysis ,Y,2,26,41.9941,119.6037,9/14/2020,9:50,99.481,9/17/2020,12:00,
9/14/2020,SJB06,2,16,3,LOI analysis ,Y,2,C40,37.1231,106.93,9/14/2020,9:50,90.772,9/17/2020,12:00,
9/14/2020,SJB06,2,15,4,grain size,Y,2,20,39.068,112.4006,9/14/2020,9:50,91.648,9/17/2020,12:00,
9/14/2020,SJB06,2,14,5,LOI analysis ,Y,2,C43,35.4365,111.6578,9/14/2020,9:50,89.778,9/17/2020,12:00,
9/14/2020,SJB06,2,13,6,LOI analysis ,Y,2,C37,37.391,106.6913,9/14/2020,9:50,90.744,9/17/2020,12:00,
9/14/2020,SJB06,2,12,7,LOI analysis ,N,2,C36,32.6763,103.6609,9/14/2020,9:50,88.633,9/17/2020,12:00,
9/14/2020,SJB06,2,10,9,grainsize,N,2,16,42.1826,109.8228,9/14/2020,9:50,95.953,9/17/2020,12:00,
9/14/2020,SJB06,2,9,10,LOI analysis ,N,2,28,41.1073,117.4961,9/14/2020,9:50,96.594,9/17/2020,12:00,
9/14/2020,SJB06,2,5,14,grainsize,N,2,C35,34.5028,99.0884,9/14/2020,9:50,84.054,9/17/2020,12:00,
9/14/2020,SJB06,2,4,15,LOI analysis ,N,2,C52,36.3217,101.4465,9/14/2020,9:50,84.122,9/17/2020,12:00,
9/14/2020,SJB06,2,1,18,LOI analysis,N,2,17,36.3957,123.4875,9/14/2020,9:50,96.598,9/17/2020,12:00,
9/14/2020,SJB07,3,13,1,LOI analysis ,Y,2.5,30,38.3542,130.6449,9/14/2020,9:50,105.471,9/17/2020,12:00,
9/14/2020,SJB07,3,12,2,LOI analysis ,Y,2,14,41.1113,118.6093,9/14/2020,9:50,98.583,9/17/2020,12:00,
9/14/2020,SJB07,3,11,3,LOI analysis ,Y,2,7,40.349,112.3986,9/14/2020,9:50,94.985,9/17/2020,12:00,
9/14/2020,SJB07,3,10,4,grain size,Y,2,C48,46.4325,98.6289,9/14/2020,9:50,82.961,9/17/2020,12:00,
9/14/2020,SJB07,3,9,5,LOI analysis ,Y,2,C56,35.903,116.8309,9/14/2020,9:50,90.924,9/17/2020,12:00,
9/14/2020,SJB07,3,8,6,LOI analysis ,Y,2,C68,40.7067,110.8988,9/14/2020,9:50,90.197,9/17/2020,12:00,
9/14/2020,SJB07,3,7,7,LOI analysis ,N,2,6,41.1183,118.8632,9/14/2020,9:50,88.926,9/17/2020,12:00,
9/14/2020,SJB07,3,5,9,grainsize,N,2,29,41.1883,118.2693,9/14/2020,9:50,95.159,9/17/2020,12:00,
9/14/2020,SJB07,3,4,10,LOI analysis ,N,2,C49,38.438,119.8092,9/14/2020,9:50,97.764,9/17/2020,12:00,
9/14/2020,SJB07,3,1,13,LOI analysis ,N,2,4,42.7468,123.6296,9/14/2020,9:50,102.785,9/17/2020,12:00,
9/14/2020,SJB06,3,17,1,LOI analysis ,Y,2,C62,42.3776,105.572,9/14/2020,10:15,88.175,9/17/2020,12:00,
9/14/2020,SJB06,3,16,2,LOI analysis ,Y,2,C55,34.7968,90.7647,9/14/2020,10:15,74.61,9/17/2020,12:00,
9/14/2020,SJB06,3,15,3,LOI analysis ,Y,2,2,37.3295,112.2299,9/14/2020,10:15,91.684,9/17/2020,12:00,
9/14/2020,SJB06,3,14,4,grain size,Y,2,C69,35.1665,102.7285,9/14/2020,10:15,85.398,9/17/2020,12:00,
9/14/2020,SJB06,3,13,5,LOI analysis ,Y,2,C45,37.8296,103.8344,9/14/2020,10:15,84.891,9/17/2020,12:00,
9/14/2020,SJB06,3,12,6,LOI analysis ,Y,2,5,43.2878,106.8331,9/14/2020,10:15,92.599,9/17/2020,12:00,
9/14/2020,SJB06,3,11,7,LOI analysis ,N,2,C58,35.3493,106.7009,9/14/2020,10:15,88.791,9/17/2020,12:00,
9/14/2020,SJB06,3,9,9,grainsize,N,2,C61,36.5994,108.0795,9/14/2020,10:15,90.34,9/17/2020,12:00,
9/14/2020,SJB06,3,8,10,LOI analysis ,N,2,C33,37.6438,111.1222,9/14/2020,10:15,91.077,9/17/2020,12:00,
9/14/2020,SJB06,3,4,14,grainsize,N,2,22,39.6184,99.9478,9/14/2020,10:15,84.115,9/17/2020,12:00,
9/14/2020,SJB06,3,3,15,LOI analysis ,N,2,76,34.6134,97.3417,9/14/2020,10:15,78.024,9/17/2020,12:00,
9/14/2020,SJB06,3,1,17,LOI analysis ,N,2,73,34.9895,97.7868,9/14/2020,10:15,84.161,9/17/2020,12:00,
9/14/2020,STCH02,2,10,1,LOI analysis ,Y,2,15,42.0477,123.0711,9/14/2020,10:30,101.679,9/17/2020,12:00,
9/14/2020,STCH02,2,9,2,LOI analysis ,Y,2,C65,38.9763,115.2841,9/14/2020,10:30,82.599,9/17/2020,12:00,
9/14/2020,STCH02,2,8,3,LOI analysis ,Y,2,24,37.9674,89.4988,9/14/2020,10:30,67.35,9/17/2020,12:00,
9/14/2020,STCH02,2,7,4,grain size,Y,2,18,40.832,105.1704,9/14/2020,10:30,70.415,9/17/2020,12:00,
9/14/2020,STCH02,2,6,5,LOI analysis ,Y,2,23,43.4289,109.6343,9/14/2020,10:30,72.161,9/17/2020,12:00,
9/14/2020,STCH02,2,5,6,LOI analysis ,Y,2,C74,35.4332,95.9828,9/14/2020,10:30,63.148,9/17/2020,12:00,
9/14/2020,STCH02,2,4,7,LOI analysis ,N,2,C64,33.7384,99.6568,9/14/2020,10:30,62.211,9/17/2020,12:00,
9/14/2020,STCH02,2,2,9,grainsize,N,2,C78,34.3806,91.2579,9/14/2020,10:30,57.977,9/17/2020,12:00,
9/14/2020,STCH02,2,1,10,LOI analysis ,N,2,19,38.7933,102.6674,9/14/2020,10:30,68.607,9/17/2020,12:00,
9/14/2020,SJB07,1,14,1,LOI analysis ,Y,2,9,40.9976,121.9295,9/14/2020,11:00,96.493,9/17/2020,12:00,
9/14/2020,SJB07,1,13,2,LOI analysis ,Y,2,C50,32.367,105.016,9/14/2020,11:00,82.26,9/17/2020,12:00,
9/14/2020,SJB07,1,12,3,LOI analysis ,Y,2,3,43.6596,118.2932,9/14/2020,11:00,94.676,9/17/2020,12:00,
9/14/2020,SJB07,1,11,4,grain size,Y,2,25,37.453,120.6101,9/14/2020,11:00,93.211,9/17/2020,12:00,
9/14/2020,SJB07,1,10,5,LOI analysis ,Y,2,C34,34.3723,118.9505,9/14/2020,11:00,92.689,9/17/2020,12:00,
9/14/2020,SJB07,1,9,6,LOI analysis ,Y,2,C60,40.0373,129.0271,9/14/2020,11:00,101.061,9/17/2020,12:00,
9/14/2020,SJB07,1,8,7,LOI analysis ,N,2,C77,34.9633,114.6277,9/14/2020,11:00,88.483,9/17/2020,12:00,
9/14/2020,SJB07,1,6,9,grainsize,N,2,C31,37.0549,122.0079,9/14/2020,11:00,96.105,9/17/2020,12:00,
9/14/2020,SJB07,1,5,10,LOI analysis ,N,2,13,39.7564,130.7384,9/14/2020,11:00,100.532,9/17/2020,12:00,
9/14/2020,SJB07,1,1,14,LOI analysis,N,2,C51,34.3167,100.5815,9/14/2020,11:00,82.274,9/17/2020,12:00,
9/14/2020,SJB14,1,18,1,LOI analysis ,Y,2.75,C75,33.3764,130.0025,9/14/2020,11:25,106.535,9/17/2020,12:00,
9/14/2020,SJB14,1,17,2,LOI analysis ,Y,2,8,40.1118,119.1892,9/14/2020,11:25,99.038,9/17/2020,12:00,
9/14/2020,SJB14,1,16,3,LOI analysis ,Y,2,1,39.173,117.5479,9/14/2020,11:25,96.55,9/17/2020,12:00,
9/14/2020,SJB14,1,15,4,grain size,Y,2,C71,36.7763,116.1876,9/14/2020,11:25,96.237,9/17/2020,12:00,
9/14/2020,SJB14,1,14,5,LOI analysis ,Y,2,C41,33.1755,103.2253,9/14/2020,11:25,84.46,9/17/2020,12:00,
9/14/2020,SJB14,1,13,6,LOI analysis ,Y,2,C67,34.435,99.7444,9/14/2020,11:25,82.814,9/17/2020,12:00,
9/14/2020,SJB14,1,12,7,LOI analysis ,N,2,12,40.0774,115.0783,9/14/2020,11:25,92.948,9/17/2020,12:00,
9/14/2020,SJB14,1,10,9,grainsize,N,2,C66,36.2446,100.1881,9/14/2020,11:25,84.373,9/17/2020,12:00,
9/14/2020,SJB14,1,9,10,LOI analysis ,N,2,21,38.5541,101.6226,9/14/2020,11:25,86.48,9/17/2020,12:00,
9/14/2020,SJB14,1,5,14,grainsize,N,2,C57,35.4429,107.6773,9/14/2020,11:25,87.221,9/17/2020,12:00,
9/14/2020,SJB14,1,4,15,LOI analysis ,N,2,C38,35.6528,115.8226,9/14/2020,11:25,95.235,9/17/2020,12:00,
9/14/2020,SJB14,1,1,18,LOI analysis ,N,2,C32,33.3688,104.6462,9/14/2020,11:25,87.105,9/17/2020,12:00,
9/21/2020,SJB10,2,16,1,LOI analysis ,Y,1.9,2,37.215,115.718,9/21/2020,9:15,95.607,9/25/2020,10:47,
9/21/2020,SJB10,2,15,2,LOI analysis ,Y,2,C62,42.31,106.99,9/21/2020,9:15,91.423,9/25/2020,10:47,
9/21/2020,SJB10,2,14,3,LOI analysis ,Y,2,6,41.096,104.12,9/21/2020,9:15,89.539,9/25/2020,10:47,
9/21/2020,SJB10,2,13,4,grain size,Y,2,5,43.257,100.235,9/21/2020,9:15,86.676,9/25/2020,10:47,
9/21/2020,SJB10,2,12,5,LOI analysis ,Y,2,10,41.929,107.124,9/21/2020,9:15,90.492,9/25/2020,10:47,
9/21/2020,SJB10,2,11,6,LOI analysis ,Y,2,11,40.779,116.607,9/21/2020,9:15,93.917,9/25/2020,10:47,
9/21/2020,SJB10,2,10,7,LOI analysis ,N,2,C54,35.299,101.688,9/21/2020,9:15,84.016,9/25/2020,10:47,
9/21/2020,SJB10,2,8,9,grainsize,N,2,28,41.19,99.486,9/21/2020,9:15,84.801,9/25/2020,10:47,
9/21/2020,SJB10,2,7,10,LOI analysis ,N,2,C35,34.5,102.867,9/21/2020,9:15,81.957,9/25/2020,10:47,
9/21/2020,SJB10,2,3,14,grainsize,N,2,C65,38.952,101.757,9/21/2020,9:15,81.54,9/25/2020,10:47,
9/21/2020,SJB10,2,2,15,LOI analysis ,N,2,15,42.024,115.067,9/21/2020,9:15,88.754,9/25/2020,10:47,
9/21/2020,SJB10,2,1,16,LOI analysis ,N,2,25,37.425,114.932,9/21/2020,9:15,88.696,9/25/2020,10:47,
9/21/2020,SJB10,1,19,1,LOI analysis ,Y,2.9,C71,36.752,139.257,9/21/2020,9:45,119.145,9/25/2020,10:35,
9/21/2020,SJB10,1,18,2,LOI analysis ,Y,2,C34,34.325,111.965,9/21/2020,9:45,89.127,9/25/2020,10:35,
9/21/2020,SJB10,1,17,3,LOI analysis ,Y,2,29,41.184,113.698,9/21/2020,9:45,93.389,9/25/2020,10:35,
9/21/2020,SJB10,1,16,4,grain size,Y,2,C56,35.836,94.193,9/21/2020,9:45,78.63,9/25/2020,10:35,
9/21/2020,SJB10,1,15,5,LOI analysis ,Y,2,4,42.732,118.029,9/21/2020,9:45,82.9,9/25/2020,10:35,
9/21/2020,SJB10,1,14,6,LOI analysis ,Y,2,C49,38.483,107.032,9/21/2020,9:45,77.5,9/25/2020,10:35,
9/21/2020,SJB10,1,13,7,LOI analysis ,N,2,C57,35.426,104.91,9/21/2020,9:45,75.641,9/25/2020,10:35,
9/21/2020,SJB10,1,11,9,grainsize,N,2,C60,40.01,111.69,9/21/2020,9:45,87.379,9/25/2020,10:35,
9/21/2020,SJB10,1,10,10,LOI analysis ,N,2,C41,33.158,96.842,9/21/2020,9:45,79.483,9/25/2020,10:35,
9/21/2020,SJB10,1,6,14,grainsize,N,2,C67,34.447,112.264,9/21/2020,9:45,87.913,9/25/2020,10:35,
9/21/2020,SJB10,1,5,15,LOI analysis ,N,2,C77,34.912,109.831,9/21/2020,9:45,83.101,9/25/2020,10:35,
9/21/2020,SJB10,1,1,19,LOI analysis,N,2,14,41.09,102.846,9/21/2020,9:45,81.802,9/25/2020,10:35,
9/21/2020,SMARC,1,11,1,LOI analysis ,Y,3.4,C40,37.115,115.214,9/21/2020,10:05,127.759,9/25/2020,11:17,
9/21/2020,SMARC,1,10,2,LOI analysis ,Y,2,C53,33.516,132.306,9/21/2020,10:05,86.204,9/25/2020,11:17,
9/21/2020,SMARC,1,9,3,LOI analysis ,Y,2,18,40.805,140.522,9/21/2020,10:05,97.775,9/25/2020,11:17,
9/21/2020,SMARC,1,8,4,grain size,Y,2,30,38.335,124.466,9/21/2020,10:05,92.72,9/25/2020,11:17,
9/21/2020,SMARC,1,7,5,LOI analysis ,Y,2,C45,37.804,122.638,9/21/2020,10:05,93.499,9/25/2020,11:17,
9/21/2020,SMARC,1,6,6,LOI analysis ,Y,2,21,38.532,117.19,9/21/2020,10:05,96.968,9/25/2020,11:17,
9/21/2020,SMARC,1,5,7,LOI analysis ,N,2,C66,36.23,117.281,9/21/2020,10:05,95.754,9/25/2020,11:17,
9/21/2020,SMARC,1,3,9,grainsize,N,2,20,39.028,119.172,9/21/2020,10:05,101.601,9/25/2020,11:17,
9/21/2020,SMARC,1,2,10,LOI analysis ,N,2,12,40.064,102.689,9/21/2020,10:05,101.821,9/25/2020,11:17,
9/21/2020,SMARC,1,1,11,LOI analysis ,N,2,C58,35.324,157.91,9/21/2020,10:05,85.781,9/25/2020,11:17,
9/21/2020,SMARC,3,14,1,LOI analysis ,Y,3.2,C59,40.16,132.802,9/21/2020,10:30,124.913,9/25/2020,11:33,
9/21/2020,SMARC,3,13,2,LOI analysis ,Y,2,C68,40.632,99.88,9/21/2020,10:30,94.595,9/25/2020,11:33,
9/21/2020,SMARC,3,12,3,LOI analysis ,Y,2,C33,37.637,113.619,9/21/2020,10:30,85.331,9/25/2020,11:33,
9/21/2020,SMARC,3,11,4,grain size,Y,2,22,39.599,113.11,9/21/2020,10:30,87.163,9/25/2020,11:33,
9/21/2020,SMARC,3,10,5,LOI analysis ,Y,2,C76,34.589,114.748,9/21/2020,10:30,77.026,9/25/2020,11:33,
9/21/2020,SMARC,3,9,6,LOI analysis ,Y,2,C38,35.613,96.589,9/21/2020,10:30,89.647,9/25/2020,11:33,
9/21/2020,SMARC,3,8,7,LOI analysis ,N,2,1,39.036,109.565,9/21/2020,10:30,90.407,9/25/2020,11:33,
9/21/2020,SMARC,3,6,9,grainsize,N,2,C63,38.953,106.783,9/21/2020,10:30,88.083,9/25/2020,11:33,
9/21/2020,SMARC,3,5,10,LOI analysis ,N,2,C44,34.537,121.136,9/21/2020,10:30,77.384,9/25/2020,11:33,
9/21/2020,SMARC,3,1,14,LOI analysis,N,2,23,43.411,159.159,9/21/2020,10:30,106.24,9/25/2020,11:33,
9/21/2020,SMARC,2,15,1,LOI analysis ,Y,2.2,C51,34.333,112.506,9/21/2020,11:00,90.323,9/25/2020,11:33,
9/21/2020,SMARC,2,14,2,LOI analysis ,Y,2,C52,36.331,107.803,9/21/2020,11:00,89.874,9/25/2020,11:33,
9/21/2020,SMARC,2,13,3,LOI analysis ,Y,2,17,36.4,118.885,9/21/2020,11:00,96.873,9/25/2020,11:33,
9/21/2020,SMARC,2,12,4,grain size,Y,2,C64,33.695,98.419,9/21/2020,11:00,80.685,9/25/2020,11:33,
9/21/2020,SMARC,2,11,5,LOI analysis ,Y,2,13,39.734,116.659,9/21/2020,11:00,95.345,9/25/2020,11:33,
9/21/2020,SMARC,2,10,6,LOI analysis ,Y,2,9,40.862,120.801,9/21/2020,11:00,99.939,9/25/2020,11:33,
9/21/2020,SMARC,2,9,7,LOI analysis ,N,2,3,43.622,116.719,9/21/2020,11:00,96.487,9/25/2020,11:33,
9/21/2020,SMARC,2,7,9,grainsize,N,2,24,37.946,108.061,9/21/2020,11:00,86.208,9/25/2020,11:33,
9/21/2020,SMARC,2,6,10,LOI analysis ,N,2,C50,32.334,106.09,9/21/2020,11:00,82.844,9/25/2020,11:33,
9/21/2020,SMARC,2,2,14,grainsize,N,2,C48,36.397,110.82,9/21/2020,11:00,87.146,9/25/2020,11:33,
9/21/2020,SMARC,2,1,15,LOI analysis ,N,2,19,38.794,117.891,9/21/2020,11:00,91.161,9/25/2020,11:33,
9/21/2020,SJB14,3,17,1,LOI analysis ,Y,2,7,40.322,131.252,9/21/2020,11:30,102.84,9/25/2020,11:33,
9/21/2020,SJB14,3,16,2,LOI analysis ,Y,2,C31,37.095,132.161,9/21/2020,11:30,104.455,9/25/2020,11:33,
9/21/2020,SJB14,3,15,3,LOI analysis ,Y,2,16,42.156,112.338,9/21/2020,11:30,91.353,9/25/2020,11:33,
9/21/2020,SJB14,3,14,4,grain size,Y,2,C78,34.24,107.866,9/21/2020,11:30,79.94,9/25/2020,11:33,
9/21/2020,SJB14,3,13,5,LOI analysis ,Y,2,26,41.97,119.481,9/21/2020,11:30,90.083,9/25/2020,11:33,
9/21/2020,SJB14,3,12,6,LOI analysis ,Y,2,C37,37.372,108.687,9/21/2020,11:30,81.396,9/25/2020,11:33,
9/21/2020,SJB14,3,11,7,LOI analysis ,N,2,C32,33.333,104.321,9/21/2020,11:30,79.315,9/25/2020,11:33,
9/21/2020,SJB14,3,9,9,grainsize,N,2,C75,33.311,109.698,9/21/2020,11:30,84.493,9/25/2020,11:33,
9/21/2020,SJB14,3,8,10,LOI analysis ,N,2,8,40.101,113.281,9/21/2020,11:30,88.885,9/25/2020,11:33,
9/21/2020,SJB14,3,4,14,grainsize,N,2,C74,35.394,105.694,9/21/2020,11:30,83.76,9/25/2020,11:33,
9/21/2020,SJB14,3,3,15,LOI analysis ,N,2,C43,35.424,103.11,9/21/2020,11:30,78.679,9/25/2020,11:33,
9/21/2020,SJB14,3,1,17,LOI analysis,N,2,C36,32.671,103.409,9/21/2020,11:30,76.205,9/25/2020,11:33,
9/28/2020,SMAR24,1,17,1,LOI analysis ,Y,3,10,41.92,139.368,9/28/2020,9:03,97.817,10/2/2020,11:07,
9/28/2020,SMAR24,1,16,2,LOI analysis ,Y,2,28,41.655,104.096,9/28/2020,9:03,73.023,10/2/2020,11:07,
9/28/2020,SMAR24,1,15,3,LOI analysis ,Y,2,C34,34.2,101.787,9/28/2020,9:03,71.321,10/2/2020,11:07,
9/28/2020,SMAR24,1,14,4,grain size,Y,2,25,37.419,108.81,9/28/2020,9:03,79.242,10/2/2020,11:07,
9/28/2020,SMAR24,1,13,5,LOI analysis ,Y,2,15,42.054,113.775,9/28/2020,9:03,79.347,10/2/2020,11:07,
9/28/2020,SMAR24,1,12,6,LOI analysis ,Y,2,11,40.766,110.418,9/28/2020,9:03,85.854,10/2/2020,11:07,
9/28/2020,SMAR24,1,11,7,LOI analysis ,N,2,2,37.179,116.177,9/28/2020,9:03,84.886,10/2/2020,11:07,
9/28/2020,SMAR24,1,9,9,grainsize,N,2,C62,42.34,116.469,9/28/2020,9:03,90.96,10/2/2020,11:07,
9/28/2020,SMAR24,1,8,10,LOI analysis ,N,2,C54,35.29,101.561,9/28/2020,9:03,76.925,10/2/2020,11:07,
9/28/2020,SMAR24,1,4,14,grainsize,N,2,C35,34.49,107.166,9/28/2020,9:03,79.544,10/2/2020,11:07,
9/28/2020,SMAR24,1,3,15,LOI analysis ,N,2,7,40.324,105.863,9/28/2020,9:03,81.681,10/2/2020,11:07,
9/28/2020,SMAR24,1,1,17,LOI analysis,N,2,C40,37.109,100.171,9/28/2020,9:03,73.558,10/2/2020,11:07,
9/28/2020,SMAR24,2,14,1,LOI analysis ,Y,2.4,12,40.065,119.821,9/28/2020,9:25,88.349,10/2/2020,11:07,
9/28/2020,SMAR24,2,13,2,LOI analysis ,Y,2,C58,35.331,103.814,9/28/2020,9:25,76.402,10/2/2020,11:07,
9/28/2020,SMAR24,2,12,3,LOI analysis ,Y,2,20,39.042,111.395,9/28/2020,9:25,81.561,10/2/2020,11:07,
9/28/2020,SMAR24,2,11,4,grain size,Y,2,C66,36.231,107.973,9/28/2020,9:25,79.203,10/2/2020,11:07,
9/28/2020,SMAR24,2,10,5,LOI analysis ,Y,2,4,42.819,107.778,9/28/2020,9:25,82.508,10/2/2020,11:07,
9/28/2020,SMAR24,2,9,6,LOI analysis ,Y,2,C49,38.958,113.684,9/28/2020,9:25,82.692,10/2/2020,11:07,
9/28/2020,SMAR24,2,8,7,LOI analysis ,N,2,C56,35.433,103.709,9/28/2020,9:25,75.085,10/2/2020,11:07,
9/28/2020,SMAR24,2,6,9,grainsize,N,2,C48,33.338,107.045,9/28/2020,9:25,77.036,10/2/2020,11:07,
9/28/2020,SMAR24,2,5,10,LOI analysis ,N,2,C32,36.397,114.183,9/28/2020,9:25,82.304,10/2/2020,11:07,
9/28/2020,SMAR24,2,1,14,LOI analysis,N,2,C57,35.836,101.117,9/28/2020,9:25,66.356,10/2/2020,11:07,
9/28/2020,SMAR24,3,20,1,LOI analysis ,Y,2.2,29,41.188,116.292,9/28/2020,10:14,83.414,10/2/2020,11:07,
9/28/2020,SMAR24,3,19,2,LOI analysis ,Y,2,C33,37.618,115.727,9/28/2020,10:14,86.508,10/2/2020,11:07,
9/28/2020,SMAR24,3,18,3,LOI analysis ,Y,2,18,40.799,117.894,9/28/2020,10:14,87.44,10/2/2020,11:07,
9/28/2020,SMAR24,3,17,4,grain size,Y,2,C36,32.64,103.095,9/28/2020,10:14,73.644,10/2/2020,11:07,
9/28/2020,SMAR24,3,16,5,LOI analysis ,Y,2,22,39.587,117.627,9/28/2020,10:14,89.333,10/2/2020,11:07,
9/28/2020,SMAR24,3,15,6,LOI analysis ,Y,2,19,38.817,112.406,9/28/2020,10:14,88.48,10/2/2020,11:07,
9/28/2020,SMAR24,3,14,7,LOI analysis ,N,2,C60,40.004,111.261,9/28/2020,10:14,85.965,10/2/2020,11:07,
9/28/2020,SMAR24,3,12,9,grainsize,N,2,C37,37.371,111.433,9/28/2020,10:14,84.854,10/2/2020,11:07,
9/28/2020,SMAR24,3,11,10,LOI analysis ,N,2,13,39.715,111.482,9/28/2020,10:14,86.996,10/2/2020,11:07,
9/28/2020,SMAR24,3,7,14,grainsize,N,2,C68,40.633,116.203,9/28/2020,10:14,91.266,10/2/2020,11:07,
9/28/2020,SMAR24,3,6,15,LOI analysis ,N,2,8,40.076,109.71,9/28/2020,10:14,80.558,10/2/2020,11:07,
9/28/2020,SMAR24,3,2,19,grainsize,N,2,30,38.345,110.559,9/28/2020,10:14,83.72,10/2/2020,11:07,
9/28/2020,SMAR24,3,1,20,LOI analysis ,N,2,C45,37.813,109.776,9/28/2020,10:14,82.805,10/2/2020,11:07,
9/30/2020,STCH01 ,2,11,1,LOI analysis ,Y,2,C44,34.308,102.222,9/30/2020,9:24,85.965,10/5/2020,8:52,
9/30/2020,STCH01 ,2,10,2,LOI analysis ,Y,2,24,37.93,103.484,9/30/2020,9:24,77.44,10/5/2020,8:52,
9/30/2020,STCH01,2,9,3,LOI analysis ,Y,2,C74,35.39,104.389,9/30/2020,9:24,72.34,10/5/2020,8:52,
9/30/2020,STCH01,2,8,4,grain size,Y,2,9,40.743,106.093,9/30/2020,9:24,74.549,10/5/2020,8:52,
9/30/2020,STCH01,2,7,5,LOI analysis ,Y,2,C64,33.689,98.437,9/30/2020,9:24,68.817,10/5/2020,8:52,
9/30/2020,STCH01,2,6,6,LOI analysis ,Y,2,23,43.39,112.644,9/30/2020,9:24,88.291,10/5/2020,8:52,
9/30/2020,STCH01,2,5,7,LOI analysis ,N,2,C63,38.837,110.69,9/30/2020,9:24,83.399,10/5/2020,8:52,
9/30/2020,STCH01,2,3,9,grainsize,N,2,21,38.534,110.448,9/30/2020,9:24,85.924,10/5/2020,8:52,
9/30/2020,STCH01,2,2,10,LOI analysis ,N,2,C43,35.395,111.267,9/30/2020,9:24,81.737,10/5/2020,8:52,
9/30/2020,STCH01,2,1,11,LOI analysis ,N,2,1,38.992,106.742,9/30/2020,9:24,85.233,10/5/2020,8:52,
9/30/2020,STCH02,3,14,1,LOI analysis ,Y,2,C52,36.308,104.786,9/30/2020,9:44,81.641,10/5/2020,8:46,
9/30/2020,STCH02,3,13,2,LOI analysis ,Y,2,C76,34.58,103.965,9/30/2020,9:44,78.529,10/5/2020,8:46,
9/30/2020,STCH02,3,12,3,LOI analysis ,Y,2,C59,40.156,115.69,9/30/2020,9:44,81.151,10/5/2020,8:46,
9/30/2020,STCH02,3,11,4,grain size,Y,2,C77,34.907,98.476,9/30/2020,9:44,64.99,10/5/2020,8:46,
9/30/2020,STCH02,3,10,5,LOI analysis ,Y,2,14,41.094,105.245,9/30/2020,9:44,73.636,10/5/2020,8:46,
9/30/2020,STCH02,3,9,6,LOI analysis ,Y,2,17,36.381,102.063,9/30/2020,9:44,71.043,10/5/2020,8:46,
9/30/2020,STCH02,3,8,7,LOI analysis ,N,2,C53,33.43,88.623,9/30/2020,9:44,56.179,10/5/2020,8:46,
9/30/2020,STCH02,3,6,9,grainsize,N,2,C50,32.327,88.601,9/30/2020,9:44,56.823,10/5/2020,8:46,
9/30/2020,STCH02,3,5,10,LOI analysis ,N,2,C75,33.309,88.028,9/30/2020,9:44,53.703,10/5/2020,8:46,
9/30/2020,STCH02,3,1,14,LOI analysis,N,2,C31,36.987,99.182,9/30/2020,9:44,68.326,10/5/2020,8:46,
9/30/2020,STCH04,3,18,1,LOI analysis ,Y,2,C78,34.215,147.687,9/30/2020,10:13,121.738,10/5/2020,9:04,
9/30/2020,STCH04,3,17,2,LOI analysis ,Y,2,C51,34.277,108.673,9/30/2020,10:13,87.855,10/5/2020,9:04,
9/30/2020,STCH04,3,16,3,LOI analysis ,Y,2,5,43.254,122.6,9/30/2020,10:13,100.083,10/5/2020,9:04,
9/30/2020,STCH04,3,15,4,grain size,Y,2,C65,39.078,125.702,9/30/2020,10:13,99.546,10/5/2020,9:04,
9/30/2020,STCH04,3,14,5,LOI analysis ,Y,2,C71,36.755,113.599,9/30/2020,10:13,91.38,10/5/2020,9:04,
9/30/2020,STCH04,3,13,6,LOI analysis ,Y,2,C41,33.155,118.335,9/30/2020,10:13,88.069,10/5/2020,9:04,
9/30/2020,STCH04,3,12,7,LOI analysis ,N,2,C67,34.416,115.189,9/30/2020,10:13,86.015,10/5/2020,9:04,
9/30/2020,STCH04,3,10,9,grainsize,N,2,16,42.152,122.294,9/30/2020,10:13,94.092,10/5/2020,9:04,
9/30/2020,STCH04,3,9,10,LOI analysis ,N,2,3,43.617,117.494,9/30/2020,10:13,91.026,10/5/2020,9:04,
9/30/2020,STCH04,3,5,14,grainsize,N,2,26,41.975,132.281,9/30/2020,10:13,103.208,10/5/2020,9:04,
9/30/2020,STCH04,3,4,15,LOI analysis ,N,2,73,34.809,127.104,9/30/2020,10:13,94.201,10/5/2020,9:04,
9/30/2020,STCH04,3,1,18,LOI analysis,N,2,C55,34.768,101.599,9/30/2020,10:13,86.148,10/5/2020,9:04,
