"","Site","Factor","Sediment_Depth_Factor","OLOI","ILOI","Carbon","Rhizome_Stock_g_per_sqm","Shell_Stock_g_per_sqm","Organic_Carbon_Stock_g_per_sqm","Inorganic_Carbon_Stock_g_per_sqm","Total_Carbon_Stock_g_per_sqm","Region","Seagrass_Landscape","month","year","Epiphite_Blade_Load","Epiphite_Shoot_Load","Seagrass_Health","SAV_Cover","Thalassia.testudinum","Syringodium.filiforme","Halodule.wrightii","Mean_Seagrass_Canopy_Height_cm","Mean_Macroalgae_Canopy_Height_cm","Thalassia_testudinum_CH","Syringodium_filiforme_CH","Halodule_wrighti_CH","Seagrass_Spp","Algal_Spp","Total_Seagrass_Cover","Total_Algae_Cover","Seagrass_Biomass_g_per_sqm","Macro_Algae_Biomass_g_per_sqm","Thalassia_testudinum_g_per_sqm","Syringodium_filiforme_g_per_sqm","Halodule_wrightii_g_per_sqm","Latitude","Longitude","Temperature.Mean","Current.Velocity.Mean","Salinity.Min","Chlorophyll.Mean","Nitrate.Mean","Phosphate.Mean","Light.bottom.Min","Par.Mean","Dist_To_River","Dist_To_Shore","Percent_Shell","Percent_Gravel","Percent_Coarse","Percent_Medium","Percent_Fine","Percent_Silt","Cover_Level","TH_PA","SY_PA","HA_PA"
"1","SJB02","Seagrass","shallow",3.7455,1.27485,1.44764745,1542.55049953507,7144.16137383175,3941.57328827676,442.72496312776,4384.29825140452,"Saint Joe Bay","Lightly fragmented",7,2019,90,76.6666666666667,66.6666666666667,98.3333333333333,100,0,0,11.2222222222222,0,67.3333333333333,0,0,100,0,98.3333333333333,0,80.2601777777778,0.0570666666666687,80.2601777777778,0,0,29.73875,-85.38572,23.9193992614746,0.0396229438483715,31.3329925537109,0.219292610883713,6.38684225082397,0.00173918646760285,9.30147171020508,39.8956909179688,12.99579995,0.403075814247131,2.03,1.17,10.41,53.0233333333333,32.2133333333333,0.143333333333333,"high",1,0,0
"2","SJB02","Seagrass","deep",3.6298,1.02706666666667,1.39166022,NA,5606.45628991538,9748.14083821294,877.066608117872,10625.2074463308,"Saint Joe Bay","Lightly fragmented",7,2019,90,76.6666666666667,66.6666666666667,98.3333333333333,100,0,0,11.2222222222222,0,67.3333333333333,0,0,100,0,98.3333333333333,0,80.2601777777778,0.0570666666666687,80.2601777777778,0,0,29.73875,-85.38572,23.9193992614746,0.0396229438483715,31.3329925537109,0.219292610883713,6.38684225082397,0.00173918646760285,9.30147171020508,39.8956909179688,12.99579995,0.403075814247131,0.805,0.64625,7.6225,56.98125,33.255,0.12875,"high",1,0,0
"3","SJB06","Seagrass","shallow",2.0118,0.4824,0.620158533333333,1732.65648567834,52.4957714209736,2380.2347407249,232.127597977231,2612.36233870213,"Saint Joe Bay","highly fragmented",7,2019,10,100,98,80,0,0,100,2.66666666666667,0,0,0,16,100,0,80,0,61.6634666666667,0.0645333333333322,0.792533333333334,0,60.8709333333333,29.79887,-85.30312,23.8968658447266,0.0427116043865681,31.8869075775146,0.224317997694016,6.71570014953613,0.00158714933786541,10.5671377182007,39.7611236572266,4.984082689,0.241701394319534,0,0.23,1.90333333333333,37.44,59.7566666666667,0.0633333333333333,"high",0,0,1
"4","SJB06","Seagrass","deep",1.51391666666667,0.67325,0.394111766666667,NA,5630.77587700459,3567.12260166844,740.163093049266,4307.28569471771,"Saint Joe Bay","highly fragmented",7,2019,10,100,98,80,0,0,100,2.66666666666667,0,0,0,16,100,0,80,0,61.6634666666667,0.0645333333333322,0.792533333333334,0,60.8709333333333,29.79887,-85.30312,23.8968658447266,0.0427116043865681,31.8869075775146,0.224317997694016,6.71570014953613,0.00158714933786541,10.5671377182007,39.7611236572266,4.984082689,0.241701394319534,0.6,0.608333333333333,2.66833333333333,40.8883333333333,54.36,0.01,"high",0,0,1
"5","SJB07","Seagrass","shallow",0.820888888888889,1.69271111111111,0.08622456,1082.65950138287,8451.19424911698,301.716305596672,838.887637413795,1140.60394301047,"Saint Joe Bay","highly fragmented",7,2019,100,93.3333333333333,86.6666666666667,91.6666666666667,64.6666666666667,0,35.3333333333333,5.94444444444444,0,19,0,16.6666666666667,100,0,91.6666666666667,0,122.684533333333,0.219733333333335,78.1848,0,44.4997333333333,29.80502,-85.30295,23.8977069854736,0.0427422784268856,31.8303852081299,0.224184855818748,6.71863746643066,0.0015867369947955,10.5924158096313,39.7610015869141,4.354475612,0.122568935155869,1.79333333333333,1.97,5.44,46.4533333333333,43.5333333333333,0.0166666666666667,"high",1,0,1
"6","SJB07","Seagrass","deep",0.9206,2.11866666666667,0.0969127177777778,3976.77670672841,45475.996957495,844.512469668577,2124.07671960356,2968.58918927213,"Saint Joe Bay","highly fragmented",7,2019,100,93.3333333333333,86.6666666666667,91.6666666666667,64.6666666666667,0,35.3333333333333,5.94444444444444,0,19,0,16.6666666666667,100,0,91.6666666666667,0,122.684533333333,0.219733333333335,78.1848,0,44.4997333333333,29.80502,-85.30295,23.8977069854736,0.0427422784268856,31.8303852081299,0.224184855818748,6.71863746643066,0.0015867369947955,10.5924158096313,39.7610015869141,4.354475612,0.122568935155869,2.10666666666667,1.49,3.32,51.22,41.6533333333333,0.02,"high",1,0,1
"7","SJB10","Seagrass","shallow",1.92658333333333,1.37431666666667,0.567473675,450.839506862783,12726.6475550861,2012.42685406461,603.73314016377,2616.15999422838,"Saint Joe Bay","continuous vegetated",7,2019,46.6666666666667,88.3333333333333,96.3333333333333,98.3333333333333,100,0,0,9.99999999999999,0,60,0,0,100,0,98.3333333333333,0,238.618666666667,0,238.618666666667,0,0,29.72733,-85.32773,23.9981231689453,0.0383405908942223,29.5471477508545,0.205781534314156,6.52248430252075,0.0015901051228866,12.9615535736084,39.9022102355957,12.65004882,2.04923152923584,0.78,1.91,8.90666666666667,51.7733333333333,35.6733333333333,0.133333333333333,"high",1,0,0
"8","SJB10","Seagrass","deep",2.77590833333333,1.84581666666667,0.9784620425,770.044880124855,30660.2646646101,7289.51249136013,1615.45009451597,8904.9625858761,"Saint Joe Bay","continuous vegetated",7,2019,46.6666666666667,88.3333333333333,96.3333333333333,98.3333333333333,100,0,0,9.99999999999999,0,60,0,0,100,0,98.3333333333333,0,238.618666666667,0,238.618666666667,0,0,29.72733,-85.32773,23.9981231689453,0.0383405908942223,29.5471477508545,0.205781534314156,6.52248430252075,0.0015901051228866,12.9615535736084,39.9022102355957,12.65004882,2.04923152923584,1.36333333333333,1.80666666666667,10.9816666666667,43.04,41.4333333333333,0.151666666666667,"high",1,0,0
"9","SJB13","Seagrass","shallow",0.844872222222222,0.56775,0.0810568005555555,1860.36823786179,692.193420862939,302.387324025912,286.971972979347,589.359297005259,"Saint Joe Bay","highly fragmented",7,2019,53.3333333333333,68.3333333333333,100,100,41.6666666666667,3.33333333333333,55,10.5555555555555,0,29,21,13.3333333333333,100,0,100,0,172.940266666667,0.0314666666666668,89.4005333333333,8.6656,73.8224,29.77447,-85.30693,24.0032348632812,0.0378290601074696,29.8331031799316,0.203415438532829,6.48519897460938,0.00154389953240752,14.3492727279663,39.8684959411621,7.51450637,0.335321635007858,0.0166666666666667,0.11,2.64,36.64,60.15,0.0333333333333333,"high",1,1,1
"10","SJB13","Seagrass","deep",0.7431,0.570494444444444,0.0760429133333333,3955.68465571105,4248.20495260152,625.414963869335,594.306896166265,1219.7218600356,"Saint Joe Bay","highly fragmented",7,2019,53.3333333333333,68.3333333333333,100,100,41.6666666666667,3.33333333333333,55,10.5555555555555,0,29,21,13.3333333333333,100,0,100,0,172.940266666667,0.0314666666666668,89.4005333333333,8.6656,73.8224,29.77447,-85.30693,24.0032348632812,0.0378290601074696,29.8331031799316,0.203415438532829,6.48519897460938,0.00154389953240752,14.3492727279663,39.8684959411621,7.51450637,0.335321635007858,0.0983333333333333,0.243333333333333,1.72833333333333,30.155,67.6116666666667,0.025,"high",1,1,1
"11","SJB14","Seagrass","shallow",1.26402777777778,1.37891666666667,0.257129319444444,1404.38934234955,9646.01576838551,1132.66041942389,758.698725810654,1891.35914523454,"Saint Joe Bay","highly fragmented",7,2019,91.3333333333333,99.6666666666667,100,85,100,0,0,6.33333333333333,0,38,0,0,100,0,85,0,129.390666666667,0.0218666666666654,129.390666666667,0,0,29.76002,-85.31073,24.0022487640381,0.037913553416729,29.7945003509521,0.203819185495377,6.49114990234375,0.00155117036774755,14.1268396377563,39.8736038208008,9.052029647,0.322391331195831,0.535,0.855,5.26,61.63,31.07,0.025,"high",1,0,0
"12","SJB14","Seagrass","deep",1.59668888888889,1.10883333333333,0.409314758888889,2685.10443623866,6707.12146811865,3485.0046973367,1174.69757776913,4659.70227510583,"Saint Joe Bay","highly fragmented",7,2019,91.3333333333333,99.6666666666667,100,85,100,0,0,6.33333333333333,0,38,0,0,100,0,85,0,129.390666666667,0.0218666666666654,129.390666666667,0,0,29.76002,-85.31073,24.0022487640381,0.037913553416729,29.7945003509521,0.203819185495377,6.49114990234375,0.00155117036774755,14.1268396377563,39.8736038208008,9.052029647,0.322391331195831,0.555,0.96,3.85833333333333,43.9216666666667,50.5266666666667,0.0166666666666667,"high",1,0,0
"13","SJB16","Seagrass","shallow",1.01263333333333,0.655733333333333,0.14695083,1670.50277510731,8381.74671817465,567.880711295107,319.112341282192,886.993052577299,"Saint Joe Bay","blemished",8,2019,41.6666666666667,100,85,61.6666666666667,100,0,0,7.22222222222222,0,43.3333333333333,0,0,100,0,61.6666666666667,0,141.0064,0,141.0064,0,0,29.821,-85.406,23.861930847168,0.0408816859126091,33.0433578491211,0.229298710823059,6.31046199798584,0.00175884598866105,9.51949501037598,39.787841796875,8.562193407,0.122561194002628,0.235,0.41,5.425,38.33,54.795,0.105,"high",1,0,0
"14","SJB16","Seagrass","deep",1.47033333333333,0.551833333333333,0.3466943,1313.62773880021,9643.79555248895,2832.99917256607,584.077047491906,3417.07622005798,"Saint Joe Bay","blemished",8,2019,41.6666666666667,100,85,61.6666666666667,100,0,0,7.22222222222222,0,43.3333333333333,0,0,100,0,61.6666666666667,0,141.0064,0,141.0064,0,0,29.821,-85.406,23.861930847168,0.0408816859126091,33.0433578491211,0.229298710823059,6.31046199798584,0.00175884598866105,9.51949501037598,39.787841796875,8.562193407,0.122561194002628,0.124,0.53,5.144,40.764,53.204,0.032,"high",1,0,0
"15","SJB17","Seagrass","shallow",3.2805,1.60270833333333,1.22263395,2419.7886365993,5612.8496893953,3118.50567887146,517.415184431397,3635.92086330286,"Saint Joe Bay","continuous vegetated",7,2019,35,60,85,100,99.6666666666667,0,0,6.72222222222222,0.5,40.3333333333333,0,0,99.6666666666667,0.333333333333333,99.6666666666667,0.333333333333333,108.701955555556,4.13173333333333,108.687022222222,0,0.0149333333333317,29.7482,-85.31043,24.0061054229736,0.0378525257110596,29.6298427581787,0.203239679336548,6.49149179458618,0.00155398179776967,14.1360054016113,39.8802070617676,10.360844,0.56425017118454,0.03,0.44,3.16333333333333,21.0966666666667,74.3233333333333,0.173333333333333,"high",1,0,0
"16","SJB17","Seagrass","deep",3.76742222222222,2.2447,1.45825561333333,1307.70716307604,21497.0183968887,8965.70968443468,1690.3736481758,10656.0833326105,"Saint Joe Bay","continuous vegetated",7,2019,35,60,85,100,99.6666666666667,0,0,6.72222222222222,0.5,40.3333333333333,0,0,99.6666666666667,0.333333333333333,99.6666666666667,0.333333333333333,108.701955555556,4.13173333333333,108.687022222222,0,0.0149333333333317,29.7482,-85.31043,24.0061054229736,0.0378525257110596,29.6298427581787,0.203239679336548,6.49149179458618,0.00155398179776967,14.1360054016113,39.8802070617676,10.360844,0.56425017118454,1.30666666666667,1.31666666666667,8.33,27.56,60.42,0.323333333333333,"high",1,0,0
"17","SJB24","Seagrass","shallow",2.05526666666667,0.777733333333333,0.62974354,4149.1394674983,6310.29762121344,2109.05138582654,300.10421450823,2409.15560033477,"Saint Joe Bay","Lightly fragmented",7,2019,63.3333333333333,53.3333333333333,66.6666666666667,76.6666666666667,100,0,0,5,0,30,0,0,100,0,76.6666666666667,0,115,0,115,0,0,29.82092,-85.40592,23.861930847168,0.0408816859126091,33.0433578491211,0.229298710823059,6.31046199798584,0.00175884598866105,9.51949501037598,39.787841796875,8.557037996,0.122561194002628,0.0466666666666667,0.36,2.69333333333333,54.2533333333333,39.5966666666667,0.04,"high",1,0,0
"18","SJB24","Seagrass","deep",1.95255555555556,0.586,0.580041633333333,NA,16973.0571479194,4774.24883768824,579.49045970861,5353.73929739685,"Saint Joe Bay","Lightly fragmented",7,2019,63.3333333333333,53.3333333333333,66.6666666666667,76.6666666666667,100,0,0,5,0,30,0,0,100,0,76.6666666666667,0,115,0,115,0,0,29.82092,-85.40592,23.861930847168,0.0408816859126091,33.0433578491211,0.229298710823059,6.31046199798584,0.00175884598866105,9.51949501037598,39.787841796875,8.557037996,0.122561194002628,0.376,0.384,2.408,44.93,51.692,0.04,"high",1,0,0
"19","SJBA","Control","shallow",0.91005,0.551683333333333,0.179724641666667,0,0,862.781914060727,289.996163588748,1152.77807764948,"Saint Joe Bay","highly fragmented",7,2019,0,0,0,0,0,0,0,0,0,0,0,0,0,0,0,0,NA,NA,NA,NA,NA,29.8035,-85.303,23.897497177124,0.0427346117794514,31.8445167541504,0.224218130111694,6.71790313720703,0.00158684002235532,10.5860967636108,39.7610321044922,4.508344301,0.161126255989075,0,0.0233333333333333,1.44666666666667,39.1933333333333,59.2633333333333,0.00333333333333333,"none",0,0,0
"20","SJBA","Control","deep",0.812472222222222,0.786194444444444,0.161863525,0,438.759887781109,1639.13032957359,926.460857987465,2565.59118756106,"Saint Joe Bay","highly fragmented",7,2019,0,0,0,0,0,0,0,0,0,0,0,0,0,0,0,0,NA,NA,NA,NA,NA,29.8035,-85.303,23.897497177124,0.0427346117794514,31.8445167541504,0.224218130111694,6.71790313720703,0.00158684002235532,10.5860967636108,39.7610321044922,4.508344301,0.161126255989075,0.0175,0.2425,2.155,46.06,51.335,0.0175,"none",0,0,0
"21","SJBB","Control","shallow",0.6802,0.840633333333333,0.06198276,0,3127.54412629278,261.733761474106,447.272690554449,709.006452028555,"Saint Joe Bay","highly fragmented",7,2019,0,0,0,0,0,0,0,0,0,0,0,0,0,0,0,0,NA,NA,NA,NA,NA,29.7986,-85.303,23.8968658447266,0.0427116043865681,31.8869075775146,0.224317997694016,6.71570014953613,0.00158714933786541,10.5671377182007,39.7611236572266,5.016229157,0.241701394319534,0.486666666666667,0.56,1.83666666666667,41.6433333333333,55.42,0.00333333333333333,"none",0,0,0
"22","SJBB","Control","deep",0.501155555555556,1.16485555555556,0.0115706722222222,0,10858.9594572838,107.660983352017,1297.58938432172,1405.25036767374,"Saint Joe Bay","highly fragmented",7,2019,0,0,0,0,0,0,0,0,0,0,0,0,0,0,0,0,NA,NA,NA,NA,NA,29.7986,-85.303,23.8968658447266,0.0427116043865681,31.8869075775146,0.224317997694016,6.71570014953613,0.00158714933786541,10.5671377182007,39.7611236572266,5.016229157,0.241701394319534,0.332,0.762,3.236,44.012,51.548,0.004,"none",0,0,0
"23","SJBC","Control","shallow",0.6945,0.423966666666667,0.0922886633333333,0,108.358870285069,360.548538794061,231.117236928462,591.665775722523,"Saint Joe Bay","none",8,2019,0,0,0,0,0,0,0,0,0,0,0,0,0,0,0,0,NA,NA,NA,NA,NA,29.8256,-85.4084,23.8636779785156,0.0408977754414082,32.943058013916,0.229350090026855,6.31030941009521,0.00176790961995721,9.55621910095215,39.7932815551758,8.671026981,0.122559040784836,0,0.36,2.42333333333333,62.8266666666667,34.37,0,"none",0,0,0
"24","SJBC","Control","deep",0.419,0.472388888888889,0.00353018888888889,0,4441.27465286598,31.6028848703453,587.42158071849,619.024465588835,"Saint Joe Bay","none",8,2019,0,0,0,0,0,0,0,0,0,0,0,0,0,0,0,0,NA,NA,NA,NA,NA,29.8256,-85.4084,23.8636779785156,0.0408977754414082,32.943058013916,0.229350090026855,6.31030941009521,0.00176790961995721,9.55621910095215,39.7932815551758,8.671026981,0.122559040784836,0.0125,0.21,2.135,57.965,39.56,0,"none",0,0,0
"25","SMAR01","Seagrass","shallow",4.78685555555556,2.08629444444444,1.95155940333333,364.115407036452,2202.66796795904,3999.73190681797,519.515101629965,4519.24700844794,"Saint Marks","continuous vegetated",6,2019,28.3333333333333,30,100,76.6666666666667,60,36.6666666666667,0,11.8333333333333,0,36.3333333333333,34.6666666666667,0,96.6666666666667,3.33333333333333,74.3333333333333,2.33333333333333,132.7264,22.5736,105.18,27.5464,0,30.06016,-84.17051,23.5207672119141,0.0201302971690893,31.4691619873047,0.178026586771011,5.52877759933472,0.000668562366627157,11.1792936325073,39.9450759887695,11.06152512,1.31557023525238,0.483333333333333,2.65,19.0866666666667,34.2933333333333,41.6866666666667,1.34333333333333,"high",1,1,0
"26","SMAR01","Seagrass","deep",3.1708,2.561,1.16955012,41.9990840433306,1698.48571842585,7420.76776747678,2109.06997446227,9529.83774193905,"Saint Marks","continuous vegetated",6,2019,28.3333333333333,30,100,76.6666666666667,60,36.6666666666667,0,11.8333333333333,0,36.3333333333333,34.6666666666667,0,96.6666666666667,3.33333333333333,74.3333333333333,2.33333333333333,132.7264,22.5736,105.18,27.5464,0,30.06016,-84.17051,23.5207672119141,0.0201302971690893,31.4691619873047,0.178026586771011,5.52877759933472,0.000668562366627157,11.1792936325073,39.9450759887695,11.06152512,1.31557023525238,0.333333333333333,0.65,23.2616666666667,37.8833333333333,36.48,1.15,"high",1,1,0
"27","SMAR03","Seagrass","shallow",4.5926,2.06923333333333,1.85755914,557.693564151293,2580.21156965878,4998.34637040331,719.415476458477,5717.76184686178,"Saint Marks","Continuous",8,2019,41.6666666666667,100,66.6666666666667,93.3333333333333,73.3333333333333,3.33333333333333,0,12.7777777777778,0.611111111111111,76.6666666666667,0,0,76.6666666666667,23.3333333333333,70.6666666666667,22.6666666666667,86.8187555555556,21.0272,83.1835555555556,3.6352,0,30.0643,-84.1365,23.5189952850342,0.020331421867013,31.4712238311768,0.176616251468658,5.51446342468262,0.000654507835861295,11.7935638427734,40.0311546325684,12.28105718,1.86322629451752,0.193333333333333,0.0766666666666667,12.8833333333333,39.8533333333333,45.2366666666667,1.09666666666667,"high",1,1,0
"28","SMAR03","Seagrass","deep",3.33143333333333,0.950588888888889,1.24728059,56.6155053623752,0,9075.62420864011,865.837578415237,9941.46178705534,"Saint Marks","Continuous",8,2019,41.6666666666667,100,66.6666666666667,93.3333333333333,73.3333333333333,3.33333333333333,0,12.7777777777778,0.611111111111111,76.6666666666667,0,0,76.6666666666667,23.3333333333333,70.6666666666667,22.6666666666667,86.8187555555556,21.0272,83.1835555555556,3.6352,0,30.0643,-84.1365,23.5189952850342,0.020331421867013,31.4712238311768,0.176616251468658,5.51446342468262,0.000654507835861295,11.7935638427734,40.0311546325684,12.28105718,1.86322629451752,0,0.22,15.28,36.195,46.78,1.21666666666667,"high",1,1,0
"29","SMAR04","Seagrass","shallow",4.70547222222222,3.23850555555556,1.91217800833333,1586.36275989393,4957.02258261589,3855.5565956477,818.460945630135,4674.01754127783,"Saint Marks","continuous",8,2019,30,80,58.3333333333333,98.3333333333333,78.3333333333333,0,0,8.05555555555555,1.83333333333333,48.3333333333333,0,0,78.3333333333333,21.6666666666667,77.0833333333333,21.25,176.749866666667,2.62666666666667,174.1792,0,0,30.0651,-84.1198,23.5171546936035,0.0203730836510658,31.4704532623291,0.176119357347488,5.50862979888916,0.00064983795164153,12.0440225601196,40.0746841430664,12.6310396,2.44860410690308,0.496666666666667,0.806666666666667,22.0766666666667,45.6933333333333,28.6866666666667,0.946666666666667,"high",1,0,0
"30","SMAR04","Seagrass","deep",2.91642222222222,1.65973333333333,1.04645671333333,1599.29551749141,3959.82357670341,7257.60732870276,1373.16960712577,8630.77693582853,"Saint Marks","continuous",8,2019,30,80,58.3333333333333,98.3333333333333,78.3333333333333,0,0,8.05555555555555,1.83333333333333,48.3333333333333,0,0,78.3333333333333,21.6666666666667,77.0833333333333,21.25,176.749866666667,2.62666666666667,174.1792,0,0,30.0651,-84.1198,23.5171546936035,0.0203730836510658,31.4704532623291,0.176119357347488,5.50862979888916,0.00064983795164153,12.0440225601196,40.0746841430664,12.6310396,2.44860410690308,0.04,0.448,27.382,43.402,27.608,0.698,"high",1,0,0
"31","SMAR12","Seagrass","shallow",3.884,1.55977777777778,1.5146676,1219.46591572039,1222.64822517213,4973.36625165959,599.907407211391,5573.27365887098,"Saint Marks","contnuous",8,2019,36.6666666666667,100,75,97.6666666666667,91.6666666666667,6,0,13.3888888888889,0.944444444444444,60.6666666666667,19.6666666666667,0,97.6666666666667,2.33333333333333,95.4166666666667,2.25,177.8952,1.8032,172.305333333333,5.58986666666667,0,30.0785,-84.0692,23.5343608856201,0.0206380821764469,31.4949531555176,0.172707289457321,5.44439792633057,0.000635924225207418,12.9714450836182,40.3106422424316,7.601777489,2.00745797157288,0.19,0.16,18.2066666666667,43.1366666666667,35.8033333333333,1.90666666666667,"high",1,1,0
"32","SMAR12","Seagrass","deep",2.82425,0.924416666666667,1.001854575,1248.8714418171,1015.8104453417,8311.8292593204,923.018643484455,9234.84790280486,"Saint Marks","contnuous",8,2019,36.6666666666667,100,75,97.6666666666667,91.6666666666667,6,0,13.3888888888889,0.944444444444444,60.6666666666667,19.6666666666667,0,97.6666666666667,2.33333333333333,95.4166666666667,2.25,177.8952,1.8032,172.305333333333,5.58986666666667,0,30.0785,-84.0692,23.5343608856201,0.0206380821764469,31.4949531555176,0.172707289457321,5.44439792633057,0.000635924225207418,12.9714450836182,40.3106422424316,7.601777489,2.00745797157288,0,0.0233333333333333,22.8566666666667,46.4733333333333,29.3116666666667,1.08333333333333,"high",1,1,0
"33","SMAR14","Seagrass","shallow",2.56508888888889,0.769333333333333,0.876446513333333,1365.94260374072,175.314825610144,2845.64766030532,321.729709398333,3167.37736970365,"Saint Marks","continuous",8,2019,35,75,75,96,81,0,0,8.5,1.88888888888889,51,0,0,81,19,77.18,18.82,97.0389333333333,33.4954666666667,97.0389333333333,0,0,30.0747,-84.1056,23.5307674407959,0.0205355435609818,31.4893836975098,0.174319341778755,5.47537231445312,0.000642850704025477,12.3540172576904,40.1379203796387,11.13643689,1.84757256507874,0.56,0.223333333333333,24.66,45.42,27.4133333333333,0.796666666666667,"high",1,0,0
"34","SMAR14","Seagrass","deep",2.35633333333333,0.626733333333333,0.7754297,153.009878871517,198.47085510912,6549.10475956923,627.620793295629,7176.72555286486,"Saint Marks","continuous",8,2019,35,75,75,96,81,0,0,8.5,1.88888888888889,51,0,0,81,19,77.18,18.82,97.0389333333333,33.4954666666667,97.0389333333333,0,0,30.0747,-84.1056,23.5307674407959,0.0205355435609818,31.4893836975098,0.174319341778755,5.47537231445312,0.000642850704025477,12.3540172576904,40.1379203796387,11.13643689,1.84757256507874,0,0.348,32.586,47.596,18.202,0.474,"high",1,0,0
"35","SMAR23","Seagrass","shallow",4.17845555555555,3.51671111111111,1.65715464333333,1380.82627326954,4319.47114187394,4590.90433901489,1159.2229821557,5750.1273211706,"Saint Marks","Continuous",8,2019,35,40,50,96.6666666666667,80,0,0,7.83333333333333,2.5,47,0,0,80,20,77.6666666666667,19,217.116906666667,18.8768,214.572373333333,1.6944,0.103466666666665,30.07869,-84.05362,23.5330924987793,0.0206496696919203,31.4936485290527,0.172312363982201,5.43648481369019,0.000634106050711125,13.2128419876099,40.3769874572754,6.102007985,2.49939489364624,0.856666666666667,1.31,17.3,42.1333333333333,36.5766666666667,0.956666666666667,"high",1,0,0
"36","SMAR23","Seagrass","deep",3.47444444444444,3.48905555555556,1.31648366666667,NA,6064.93087255579,9706.07289192784,3184.57176128671,12890.6446532145,"Saint Marks","Continuous",8,2019,35,40,50,96.6666666666667,80,0,0,7.83333333333333,2.5,47,0,0,80,20,77.6666666666667,19,217.116906666667,18.8768,214.572373333333,1.6944,0.103466666666665,30.07869,-84.05362,23.5330924987793,0.0206496696919203,31.4936485290527,0.172312363982201,5.43648481369019,0.000634106050711125,13.2128419876099,40.3769874572754,6.102007985,2.49939489364624,0.121428571428571,0.572857142857143,21.0971428571429,46.1185714285714,30.95,0.885714285714286,"high",1,0,0
"37","SMAR24","Seagrass","shallow",3.08466666666667,2.69387777777778,1.1278702,693.040392112369,2957.57015336715,3473.50929604204,1024.30399473171,4497.81329077375,"Saint Marks","continuous",8,2019,56.6666666666667,41.6666666666667,91.6666666666667,56.6666666666667,51.6666666666667,43.3333333333333,0,15.5,0,49.3333333333333,43.6666666666667,0,95,5,53.8333333333333,2.83333333333333,170.736,5.14613333333334,146.7136,20.4101333333333,2.89546666666667,30.0701,-84.0508,23.519624710083,0.0204753074795008,31.4780044555664,0.173507571220398,5.45751762390137,0.000639128091279417,13.2648115158081,40.3157196044922,5.995940179,3.37391138076782,0.01,0.4,16.8066666666667,39.1833333333333,42.18,0.62,"high",1,1,0
"38","SMAR24","Seagrass","deep",3.08135,3.6536,1.126265265,528.411383382169,7541.25932146493,8066.21417879003,3139.00205860975,11205.2162373998,"Saint Marks","continuous",8,2019,56.6666666666667,41.6666666666667,91.6666666666667,56.6666666666667,51.6666666666667,43.3333333333333,0,15.5,0,49.3333333333333,43.6666666666667,0,95,5,53.8333333333333,2.83333333333333,170.736,5.14613333333334,146.7136,20.4101333333333,2.89546666666667,30.0701,-84.0508,23.519624710083,0.0204753074795008,31.4780044555664,0.173507571220398,5.45751762390137,0.000639128091279417,13.2648115158081,40.3157196044922,5.995940179,3.37391138076782,0.136666666666667,1.68833333333333,26.3333333333333,41.935,28.91,0.463333333333333,"high",1,1,0
"39","SMAR25","Seagrass","shallow",4.07513888888889,2.99022222222222,1.60715970833333,496.814421965331,4425.34254805267,5545.83929397023,1284.35501861771,6830.19431258794,"Saint Marks","continuous",8,2019,46.6666666666667,63.3333333333333,73,88.3333333333333,18.3333333333333,25,0,14.4444444444444,4.72222222222222,31.3333333333333,47,0,45.3333333333333,51.3333333333333,38.8,47.0333333333333,241.976,21.712,181.982933333333,46.0346666666667,10.5578666666667,30.0704,-84.0716,23.5213088989258,0.0204700138419867,31.4789962768555,0.17406003177166,5.46868658065796,0.00064147834200412,12.9094552993774,40.2443733215332,7.948631111,2.70405650138855,0.343333333333333,0.696666666666667,23.53,43.8733333333333,27.6533333333333,0.973333333333333,"low",1,1,0
"40","SMAR25","Seagrass","deep",3.06313333333333,2.8486,1.11745022,22.6955402759848,4906.28242635757,8290.04329817528,2516.25853691943,10806.3018350947,"Saint Marks","continuous",8,2019,46.6666666666667,63.3333333333333,73,88.3333333333333,18.3333333333333,25,0,14.4444444444444,4.72222222222222,31.3333333333333,47,0,45.3333333333333,51.3333333333333,38.8,47.0333333333333,241.976,21.712,181.982933333333,46.0346666666667,10.5578666666667,30.0704,-84.0716,23.5213088989258,0.0204700138419867,31.4789962768555,0.17406003177166,5.46868658065796,0.00064147834200412,12.9094552993774,40.2443733215332,7.948631111,2.70405650138855,0.01,0.688,28.886,44.082,25.162,0.808,"low",1,1,0
"41","SMARA","Control","shallow",2.59248888888889,1.0627,0.89996216,0,109.366190460362,2535.31920682892,390.505672725479,2925.8248795544,"Saint Marks","bare",8,2019,0,0,0,0,0,0,0,0,0,0,0,0,0,0,0,0,NA,NA,NA,NA,NA,30.0712,-84.19833,23.5444831848145,0.0204090438783169,31.5003356933594,0.176587745547295,5.49681329727173,0.000668481923639774,11.3722534179688,39.8785171508789,9.157858524,1.65787446498871,0,0.103333333333333,7.40333333333333,27.2733333333333,63.51,1.27333333333333,"none",0,0,0
"42","SMARA","Control","deep",2.37266666666667,1.87586666666667,0.793888124444444,0,39188.9759701009,6059.1096697776,1677.82854027386,7736.93821005145,"Saint Marks","bare",8,2019,0,0,0,0,0,0,0,0,0,0,0,0,0,0,0,0,NA,NA,NA,NA,NA,30.0712,-84.19833,23.5444831848145,0.0204090438783169,31.5003356933594,0.176587745547295,5.49681329727173,0.000668481923639774,11.3722534179688,39.8785171508789,9.157858524,1.65787446498871,0,0.103333333333333,15.42,26.98,54.7466666666667,2.01666666666667,"none",0,0,0
"43","SMARB","Control","shallow",3.65103888888889,1.20317222222222,1.40193771833333,1.60348925862936,1851.5860505376,4261.67161117294,439.847291966093,4701.51890313903,"Saint Marks","Highly fragmented",8,2019,0,0,0,0,0,0,0,0,0,0,0,0,0,0,0,0,NA,NA,NA,NA,NA,30.0584,-84.17513,23.5193786621094,0.0200641974806786,31.4663829803467,0.178431585431099,5.53417921066284,0.000671528105158359,11.0276679992676,39.9322738647461,11.08813657,1.48023653030396,0.356666666666667,0.37,10.45,30.24,56.7166666666667,1.70333333333333,"none",0,0,0
"44","SMARB","Control","deep",3.27276666666667,1.10471666666667,1.21889179,0,887.506635585835,9253.80014640316,1018.55625048055,10272.3563968837,"Saint Marks","Highly fragmented",8,2019,0,0,0,0,0,0,0,0,0,0,0,0,0,0,0,0,NA,NA,NA,NA,NA,30.0584,-84.17513,23.5193786621094,0.0200641974806786,31.4663829803467,0.178431585431099,5.53417921066284,0.000671528105158359,11.0276679992676,39.9322738647461,11.08813657,1.48023653030396,0.044,0.58,20.486,35.508,42.1,1.064,"none",0,0,0
"45","SMARC","Control","shallow",1.73723333333333,2.72764444444444,0.47584721,0,6623.23294032318,1939.78525180576,1415.77017232454,3355.5554241303,"Saint Marks","none",8,2019,0,0,0,0,0,0,0,0,0,0,0,0,0,0,0,0,NA,NA,NA,NA,NA,30.0697,-84.0906,23.5215263366699,0.0204495228827,31.4782161712646,0.17469733953476,5.48127555847168,0.0006441495497711,12.5785045623779,40.1751289367676,9.768167555,2.59780550003052,0.44,0.926666666666667,35.6,53.27,9.17666666666667,0.14,"none",0,0,0
"46","SMARC","Control","deep",2.33133333333333,3.97477777777778,0.7633322,NA,8699.40890433824,6753.18102277622,4363.29909175847,11116.4801145347,"Saint Marks","none",8,2019,0,0,0,0,0,0,0,0,0,0,0,0,0,0,0,0,NA,NA,NA,NA,NA,30.0697,-84.0906,23.5215263366699,0.0204495228827,31.4782161712646,0.17469733953476,5.48127555847168,0.0006441495497711,12.5785045623779,40.1751289367676,9.768167555,2.59780550003052,0.09,1.44,37.5625,45.435,14.765,0.365,"none",0,0,0
"47","STCH01","Seagrass","shallow",3.26941666666667,5.79216666666667,1.217270725,322.753607185654,1316.42356622551,3463.81253387588,2221.64364339962,5685.4561772755,"Steinhatchee","highly fragmented",6,2019,0,0,100,33.3333333333333,0,50,0,1.36111111111111,0,0,7.66666666666667,0,81.6666666666667,1.66666666666667,27.25,1.08333333333333,12.0101333333333,1.73546666666667,0.283733333333333,0,1.6128,29.675,-83.44167,23.6165618896484,0.0225634872913361,31.4665870666504,0.145870968699455,4.99675226211548,0.000495959538966417,13.5533990859985,41.8007507324219,1.341991133,0.277118742465973,0.0233333333333333,1.05666666666667,11.2133333333333,28.6166666666667,57.7266666666667,0.963333333333333,"low",0,1,0
"48","STCH01","Seagrass","deep",3.12123333333333,2.6213,1.14556481,2.59025187932436,1801.43384034078,8811.696866206,2430.95384085102,11242.650707057,"Steinhatchee","highly fragmented",6,2019,0,0,100,33.3333333333333,0,50,0,1.36111111111111,0,0,7.66666666666667,0,81.6666666666667,1.66666666666667,27.25,1.08333333333333,12.0101333333333,1.73546666666667,0.283733333333333,0,1.6128,29.675,-83.44167,23.6165618896484,0.0225634872913361,31.4665870666504,0.145870968699455,4.99675226211548,0.000495959538966417,13.5533990859985,41.8007507324219,1.341991133,0.277118742465973,0.226666666666667,0.37,10.2933333333333,37.74,50.3933333333333,0.61,"low",0,1,0
"49","STCH02","Seagrass","shallow",3.35388888888889,8.47383333333333,1.25814683333333,2157.76204569558,19633.780324405,3650.96021327113,3080.45551800443,6731.41573127555,"Steinhatchee","highly fragmented",6,2019,61.6666666666667,68.3333333333333,91.6666666666667,91.6666666666667,100,0,0,8.33333333333333,0,50,0,0,100,0,91.6666666666667,0,224.678933333333,0,224.678933333333,0,0,29.675,-83.475,23.6158046722412,0.0223949924111366,31.5288333892822,0.146038219332695,4.99537515640259,0.000498537556268275,13.5978021621704,41.579948425293,4.537646696,1.09321546554565,2.81333333333333,4.32666666666667,16.8966666666667,24.36,49.35,0.816666666666667,"high",1,0,0
"50","STCH02","Seagrass","deep",6.11313333333333,10.5723333333333,2.59334522,1547.16155903136,25439.4968795261,12395.9036989534,6349.63556435078,18745.5392633041,"Steinhatchee","highly fragmented",6,2019,61.6666666666667,68.3333333333333,91.6666666666667,91.6666666666667,100,0,0,8.33333333333333,0,50,0,0,100,0,91.6666666666667,0,224.678933333333,0,224.678933333333,0,0,29.675,-83.475,23.6158046722412,0.0223949924111366,31.5288333892822,0.146038219332695,4.99537515640259,0.000498537556268275,13.5978021621704,41.579948425293,4.537646696,1.09321546554565,0.986666666666667,2.56,22.0433333333333,29.5233333333333,42.8733333333333,1.07,"high",1,0,0
"51","STCH04","Seagrass","shallow",1.98793333333333,5.0244,0.601641293333333,88.9566502556536,864.601408252952,2278.77784016254,2495.14315883372,4773.92099899625,"Steinhatchee","sparse",6,2019,0,0,33.3333333333333,5,0,0,0,0.277777777777778,0,0,0,0,33.3333333333333,0,5,0,1.6944,0.0304000000000002,0,0,0,29.65833,-83.425,23.607006072998,0.0227979496121407,31.5022830963135,0.146457552909851,5.00815105438232,0.000500291062053293,12.9073295593262,41.5650329589844,1.28847468,1.29321837425232,0.263333333333333,0.433333333333333,8.38666666666667,25.4966666666667,64.14,0.74,"5",0,0,0
"52","STCH04","Seagrass","deep",3.12901666666667,5.44133333333333,1.149331165,NA,690.446028722125,9833.68089685699,5575.31285117743,15408.9937480344,"Steinhatchee","sparse",6,2019,0,0,33.3333333333333,5,0,0,0,0.277777777777778,0,0,0,0,33.3333333333333,0,5,0,1.6944,0.0304000000000002,0,0,0,29.65833,-83.425,23.607006072998,0.0227979496121407,31.5022830963135,0.146457552909851,5.00815105438232,0.000500291062053293,12.9073295593262,41.5650329589844,1.28847468,1.29321837425232,0.118571428571429,0.641428571428571,9.63,27.5528571428571,60.1471428571429,1.52142857142857,"5",0,0,0
"53","STCH05","Seagrass","shallow",7.90524444444444,4.93860555555556,3.46054778666667,20.3519790518342,1007.51341630602,4550.84340956053,1023.61918147295,5574.46259103347,"Steinhatchee","continuous vegetated",6,2019,0,0,100,56.6666666666667,0,0,0,2.88888888888889,1.88888888888889,0,0,0,54.6666666666667,48.3333333333333,32.6666666666667,25.5,34.6325333333333,101.839466666667,0,0,1.52693333333334,29.64167,-83.40833,23.6029224395752,0.0228981710970402,31.517541885376,0.146708279848099,5.01302337646484,0.000502142589539289,12.6311635971069,41.4642715454102,2.723359217,0.413902401924133,0.136666666666667,0.253333333333333,4.99333333333333,26.2866666666667,67.19,0.92,"low",0,0,0
"54","STCH05","Seagrass","deep",4.47075,2.76756666666667,1.798595925,0,5092.23373071663,11924.3238974992,2258.00759254207,14182.3314900413,"Steinhatchee","continuous vegetated",6,2019,0,0,100,56.6666666666667,0,0,0,2.88888888888889,1.88888888888889,0,0,0,54.6666666666667,48.3333333333333,32.6666666666667,25.5,34.6325333333333,101.839466666667,0,0,1.52693333333334,29.64167,-83.40833,23.6029224395752,0.0228981710970402,31.517541885376,0.146708279848099,5.01302337646484,0.000502142589539289,12.6311635971069,41.4642715454102,2.723359217,0.413902401924133,0.0816666666666667,0.403333333333333,7.13,31.5066666666667,59.8983333333333,0.73,"low",0,0,0
"55","STCH06","Seagrass","shallow",3.81477777777778,10.1589777777778,1.48117096666667,341.450703092364,5490.39655967797,3737.01096773287,2868.66551701383,6605.67648474671,"Steinhatchee","continuous vegetated",6,2019,0,0,100,68.3333333333333,1.66666666666667,69.6666666666667,0,6.16666666666667,0.222222222222222,12.3333333333333,23,0,75,25,50.8333333333333,17.5,52.5162666666667,23.2725333333333,1.3456,39.1445333333333,4.04533333333332,29.6414,-83.4146,23.6009712219238,0.0229460224509239,31.5248260498047,0.14682799577713,5.01534986495972,0.000503026647493243,12.4993104934692,41.4161643981934,2.759535641,1.04900932312012,0.14,1.28333333333333,14.5566666666667,16.79,64.4333333333333,1.96666666666667,"high",1,1,0
"56","STCH06","Seagrass","deep",2.95946666666667,10.5708,1.06728592,NA,10801.1200921711,7407.45282996956,9243.4764301136,16650.9292600832,"Steinhatchee","continuous vegetated",6,2019,0,0,100,68.3333333333333,1.66666666666667,69.6666666666667,0,6.16666666666667,0.222222222222222,12.3333333333333,23,0,75,25,50.8333333333333,17.5,52.5162666666667,23.2725333333333,1.3456,39.1445333333333,4.04533333333332,29.6414,-83.4146,23.6009712219238,0.0229460224509239,31.5248260498047,0.14682799577713,5.01534986495972,0.000503026647493243,12.4993104934692,41.4161643981934,2.759535641,1.04900932312012,1.17857142857143,0.958571428571429,23.71,19.2685714285714,51.4642857142857,2.44285714285714,"high",1,1,0
"57","STCH12","Seagrass","shallow",4.86495,11.58425,1.989349305,787.455073113742,6785.4793284755,3892.33346673132,2886.28719296759,6778.62065969891,"Steinhatchee","Lightly fragmented",7,2019,45,45,99,77.5,99,0.5,0,9.50000000000001,0.416666666666667,43,14,0,99.5,0.5,77.2,0.3,172.3512,4.3008,171.72,0.6312,0,29.60833,-83.40833,23.6522426605225,0.0226651486009359,31.6075553894043,0.140679642558098,4.90284967422485,0.000469882710603997,14.1692638397217,40.3754577636719,6.411976863,0.645751416683197,0.8,2.45,17.195,38.9,38.905,1.11,"high",1,1,0
"58","STCH12","Seagrass","deep",3.08166666666667,9.442,1.1264185,0,14004.4845913315,7803.12015474606,7929.09428168699,15732.214436433,"Steinhatchee","Lightly fragmented",7,2019,45,45,99,77.5,99,0.5,0,9.50000000000001,0.416666666666667,43,14,0,99.5,0.5,77.2,0.3,172.3512,4.3008,171.72,0.6312,0,29.60833,-83.40833,23.6522426605225,0.0226651486009359,31.6075553894043,0.140679642558098,4.90284967422485,0.000469882710603997,14.1692638397217,40.3754577636719,6.411976863,0.645751416683197,0.24,0.49,10.72,24.99,62.24,1.03,"high",1,1,0
"59","STCH20","Seagrass","shallow",4.67453333333333,15.5503333333333,1.89720668,307.055858494764,16012.739765459,5401.67344467319,5618.41801717755,11020.0914618507,"Steinhatchee","Continuous",8,2019,30,71.6666666666667,94.6666666666667,41.6666666666667,93.3333333333333,0,0,8.1111111111111,0,46.6666666666667,0,0,100,0,41.6666666666667,0,78.2938666666667,0,77.0917333333333,0,0,29.55833,-83.425,23.6403656005859,0.0228152107447386,31.6264743804932,0.141026839613914,4.91951656341553,0.000471382489195094,12.5625,40.3063011169434,12.02486171,2.06901574134827,0.476666666666667,1.86666666666667,11.6633333333333,22.0966666666667,61.3733333333333,1.78,"low",1,0,0
"60","STCH20","Seagrass","deep",6.58888888888889,12.6327777777778,2.82356333333333,NA,13529.7489830042,14930.2666508356,7855.81651651013,22786.0831673457,"Steinhatchee","Continuous",8,2019,30,71.6666666666667,94.6666666666667,41.6666666666667,93.3333333333333,0,0,8.1111111111111,0,46.6666666666667,0,0,100,0,41.6666666666667,0,78.2938666666667,0,77.0917333333333,0,0,29.55833,-83.425,23.6403656005859,0.0228152107447386,31.6264743804932,0.141026839613914,4.91951656341553,0.000471382489195094,12.5625,40.3063011169434,12.02486171,2.06901574134827,0.03,0.61,9.09666666666667,23.7433333333333,63.9466666666667,1.95333333333333,"low",1,0,0
"61","STCH21","Seagrass","shallow",10.6647277777778,10.8098555555556,4.79586177166667,1346.9803153797,6041.54870995624,6007.88400226165,1675.80332347258,7683.68732573423,"Steinhatchee","Continuous",8,2019,0,100,78.3333333333333,100,98.3333333333333,0,0,10.1666666666667,0.277777777777778,61,0,0,98.3333333333333,1.66666666666667,98.3333333333333,1.66666666666667,226.4656,0.100266666666667,226.4656,0,0,29.5462,-83.4152,23.6532039642334,0.0226655527949333,31.6239490509033,0.139786913990974,4.89585208892822,0.000464252050733194,13.1995315551758,40.2403984069824,13.30055758,1.16423463821411,3.93,4.25333333333333,23.4033333333333,37.97,28.2566666666667,0.536666666666667,"high",1,0,0
"62","STCH21","Seagrass","deep",5.56776666666667,5.01405,2.32944229,717.129734590086,6766.74522897051,10382.371002779,2754.0023535581,13136.3733563371,"Steinhatchee","Continuous",8,2019,0,100,78.3333333333333,100,98.3333333333333,0,0,10.1666666666667,0.277777777777778,61,0,0,98.3333333333333,1.66666666666667,98.3333333333333,1.66666666666667,226.4656,0.100266666666667,226.4656,0,0,29.5462,-83.4152,23.6532039642334,0.0226655527949333,31.6239490509033,0.139786913990974,4.89585208892822,0.000464252050733194,13.1995315551758,40.2403984069824,13.30055758,1.16423463821411,0.066,0.394,13.514,45.744,39.572,0.366,"high",1,0,0
"63","STCHA","Control","shallow",1.60662222222222,10.0817666666667,0.412644493333333,0,15850.2035157869,1516.98737542065,4579.59824104649,6096.58561646713,"Steinhatchee","Highly fragmented",7,2019,0,0,33,5,20,0,0,1.33333333333333,0.277777777777778,8,0,0,20,13.3333333333333,3,2,22.3552,12.8944,22.3552,0,0,29.61464,-83.40597,23.6537227630615,0.0226470250636339,31.606029510498,0.140596210956573,4.90050983428955,0.000469439983135089,14.3184862136841,40.3775482177734,5.728607036,0.36800029873848,1.89333333333333,5.03666666666667,30.1466666666667,35.9633333333333,26.3833333333333,0.24,"none",1,0,0
"64","STCHA","Control","deep",1.6525,11.624,0.43484475,0,84020.0002096441,3011.97115286725,9736.1890311683,12748.1601840356,"Steinhatchee","Highly fragmented",7,2019,0,0,33,5,20,0,0,1.33333333333333,0.277777777777778,8,0,0,20,13.3333333333333,3,2,22.3552,12.8944,22.3552,0,0,29.61464,-83.40597,23.6537227630615,0.0226470250636339,31.606029510498,0.140596210956573,4.90050983428955,0.000469439983135089,14.3184862136841,40.3775482177734,5.728607036,0.36800029873848,NA,NA,NA,NA,NA,NA,"none",1,0,0
"65","STCHB","Control","shallow",1.87378888888889,4.27334444444444,0.541926443333333,0,6069.3877503926,2033.47398927057,1951.69267436393,3985.1666636345,"Steinhatchee","Bare",7,2019,0,0,0,0,0,0,0,0,0,0,0,0,0,0,0,0,NA,NA,NA,NA,NA,29.63317,-83.40769,23.6002159118652,0.0229645594954491,31.5276489257812,0.146874368190765,5.01625108718872,0.000503369083162397,12.4482307434082,41.3975257873535,3.667407546,0.413934767246246,0.436666666666667,1.28666666666667,13.4533333333333,35.72,47.8766666666667,0.773333333333333,"none",0,0,0
"66","STCHB","Control","deep",2.38362222222222,3.05248888888889,0.788634793333333,0,11802.0317924439,5857.36509158769,2676.19915356675,8533.56424515444,"Steinhatchee","Bare",7,2019,0,0,0,0,0,0,0,0,0,0,0,0,0,0,0,0,NA,NA,NA,NA,NA,29.63317,-83.40769,23.6002159118652,0.0229645594954491,31.5276489257812,0.146874368190765,5.01625108718872,0.000503369083162397,12.4482307434082,41.3975257873535,3.667407546,0.413934767246246,0.213333333333333,0.51,12.1166666666667,32.3866666666667,52.35,1.73666666666667,"none",0,0,0
"67","STCHC","Control","shallow",4.42186666666667,23.77045,1.77494128,0,19761.4756305448,4622.79504289984,9014.08046243017,13636.87550533,"Steinhatchee","Bare",8,2019,0,0,0,0,0,0,0,0,0,0,0,0,0,0,0,0,NA,NA,NA,NA,NA,29.6012,-83.42204,23.6343078613281,0.0228761471807957,31.613842010498,0.142278790473938,4.93503952026367,0.000478996400488541,13.1101903915405,40.4458923339844,7.273342284,1.49931180477142,1.29333333333333,4.06666666666667,21.7166666666667,15.9133333333333,53.3533333333333,2.82,"none",0,0,0
"68","STCHC","Control","deep",5.46622222222222,22.1464722222222,2.28030493333333,0,2493.64507775104,12555.2251866984,14538.5915932294,27093.8167799277,"Steinhatchee","Bare",8,2019,0,0,0,0,0,0,0,0,0,0,0,0,0,0,0,0,NA,NA,NA,NA,NA,29.6012,-83.42204,23.6343078613281,0.0228761471807957,31.613842010498,0.142278790473938,4.93503952026367,0.000478996400488541,13.1101903915405,40.4458923339844,7.273342284,1.49931180477142,0.325,0.335,8.79,22.09,65.82,2.055,"none",0,0,0
