"","Site","Quadrat","Compaction_Ratio","Core_Length_Corrected_cm","Bagged_Slice_Number","Slice_Number","Analysis","Rhyzome_Removed","Slice_Height_Corrected_cm","Slice_Area_cm2","Slice_Volume_cm3","Sediment_Depth_cm_uncompressed","Sample_Density_g_per_ml","Sediment_Density_g_per_ml","Frac_Rhizome","Rhizome_Density_g_per_ml","Factor","Percent_Shell","Percent_Gravel","Percent_Coarse","Percent_Medium","Percent_Fine","Percent_Silt"
"1","SJB02",1,0.85,50,3,19,"grainsize ","N",2.35294117647059,20.2682991638999,47.6901156797645,44.7058823529412,0.994849757098226,0.994849757098226,0,0,"Seagrass",0.61,0.41,6,57.46,34.74,0.17
"2","SJB02",1,0.85,50,13,9,"grainsize ","N",2.35294117647059,20.2682991638999,47.6901156797645,21.1764705882353,0.757247062315751,0.757247062315751,0,0,"Seagrass",1.44,0.98,16.69,66.54,13.73,0.01
"3","SJB02",1,0.85,50,8,14,"grainsize ","N",2.35294117647059,20.2682991638999,47.6901156797645,32.9411764705882,0.780362963468152,0.780362963468152,0,0,"Seagrass",0.74,0.99,5,71.2,21.42,0.03
"4","SJB02",1,0.85,50,18,4,"grainsize ","Y",2.35294117647059,20.2682991638999,47.6901156797645,9.41176470588235,0.651640272979801,0.6476457345459,0.00650646141172836,0.00423987229047121,"Seagrass",0.87,0.97,16.27,65.64,14.84,0.02
"5","SJB02",2,0.84,50,4,19,"grainsize","N",2.38095238095238,20.2682991638999,48.2578551521426,45.2380952380952,0.8586539925855,0.8586539925855,0,0,"Seagrass",1.29,1.53,11.43,60.97,24.19,0.1
"6","SJB02",2,0.84,50,9,14,"grainsize","N",2.38095238095238,20.2682991638999,48.2578551521426,33.3333333333333,0.730940069524285,0.730940069524285,0,0,"Seagrass",0.44,0.26,5.49,46.84,46.27,0.18
"7","SJB02",2,0.84,50,14,9,"grainsize","N",2.38095238095238,20.2682991638999,48.2578551521426,21.4285714285714,0.777384321821322,0.777384321821322,0,0,"Seagrass",0.85,0.32,6.92,44.53,46.52,0.26
"8","SJB02",2,0.84,50,19,4,"grainsize","Y",2.38095238095238,20.2682991638999,48.2578551521426,9.52380952380952,0.741307293646092,0.740269120692859,0.00197071049005001,0.00146090205993894,"Seagrass",2.15,1.85,10.05,44.53,40.64,0.13
"9","SJB02",3,0.72,50.2777777777778,10,9,"grainsize ","N",2.77777777777778,20.2682991638999,56.3008310108331,25,1.03761168265455,1.03761168265455,0,0,"Seagrass",0.97,0.46,4.39,54.47,39.03,0.18
"10","SJB02",3,0.72,50.2777777777778,5,14,"grainsize ","N",2.77777777777778,20.2682991638999,56.3008310108331,38.8888888888889,0.804567165114918,0.804567165114918,0,0,"Seagrass",0.1,0.22,5.06,53.84,40.14,0.1
"11","SJB02",3,0.72,50.2777777777778,15,4,"grainsize ","Y",2.77777777777778,20.2682991638999,56.3008310108331,11.1111111111111,0.793110851088649,0.790068267223998,0.00367278199799341,0.00291292325629162,"Seagrass",3.07,0.69,4.91,48.9,41.16,0.28
"12","SJB06",1,0.86,41.8604651162791,9,9,"grainsize ","N",2.32558139534884,20.2682991638999,47.13557945093,20.9302325581395,1.2990972151673,1.2990972151673,0,0,"Seagrass",0,0.2,2.19,30.93,66.33,0
"13","SJB06",1,0.86,41.8604651162791,14,4,"grainsize ","Y",2.32558139534884,20.2682991638999,47.13557945093,9.30232558139535,1.17277438071061,1.167472653164,0.00433434516293592,0.00508320896424818,"Seagrass",0,0,1.78,21.02,76.36,0.02
"14","SJB06",1,0.86,41.8604651162791,4,14,"grainsize ","N",2.32558139534884,20.2682991638999,47.13557945093,32.5581395348837,1.23134796847936,1.23134796847936,0,0,"Seagrass",0,0.7,2.42,38.42,53.69,0.01
"15","SJB06",2,0.86,41.9767441860465,10,9,"grainsize","N",2.32558139534884,20.2682991638999,47.13557945093,20.9302325581395,1.1377901921378,1.1377901921378,0,0,"Seagrass",0,0.76,3.6,62.24,33.44,0
"16","SJB06",2,0.86,41.9767441860465,5,14,"grainsize","N",2.32558139534884,20.2682991638999,47.13557945093,32.5581395348837,1.05197179238287,1.05197179238287,0,0,"Seagrass",3.6,1.41,2.94,73.14,18.86,0.02
"17","SJB06",2,0.86,41.9767441860465,15,4,"grain size","Y",2.32558139534884,20.2682991638999,47.13557945093,9.30232558139535,1.11584710769822,1.11350704948137,0.00166172016556361,0.00185422564054796,"Seagrass",0,0.58,2.08,76.66,20.45,0
"18","SJB06",3,0.9,36.1111111111111,9,9,"grainsize","N",2.22222222222222,20.2682991638999,45.0406648086665,20,1.19395884204739,1.19395884204739,0,0,"Seagrass",0,0.12,1.87,22.85,75.16,0.01
"19","SJB06",3,0.9,36.1111111111111,4,14,"grainsize","N",2.22222222222222,20.2682991638999,45.0406648086665,31.1111111111111,0.989343745020075,0.989343745020075,0,0,"Seagrass",0,0.46,2.99,17.75,78.68,0.02
"20","SJB06",3,0.9,36.1111111111111,14,4,"grain size","Y",2.22222222222222,20.2682991638999,45.0406648086665,8.88888888888889,1.11687516633459,1.1122837598605,0.00411093971151858,0.0045914064740938,"Seagrass",0,0.11,1.85,14.64,82.46,0.17
"21","SJB07",1,0.83,36.8674698795181,6,9,"grainsize","N",2.40963855421687,20.2682991638999,48.8392750937347,21.6867469879518,1.21003638744796,1.21003638744796,0,0,"Seagrass",5.35,2.42,3.72,51.65,36.75,0.02
"22","SJB07",1,0.83,36.8674698795181,11,4,"grain size","Y",2.40963855421687,20.2682991638999,48.8392750937347,9.63855421686747,1.14078679286432,1.13657911370435,0.00345148182183677,0.00393740487816268,"Seagrass",3.78,2.06,2.42,62.68,28.56,0.01
"23","SJB07",2,0.83,37.9518072289157,6,9,"grainsize ","N",2.40963855421687,20.2682991638999,48.8392750937347,21.6867469879518,1.09272096888363,1.09272096888363,0,0,"Seagrass",0.05,0.7,2.43,29.83,66.58,0.02
"24","SJB07",2,0.83,37.9518072289157,11,4,"grainsize ","Y",2.40963855421687,20.2682991638999,48.8392750937347,9.63855421686747,1.01976534058732,1.00661608727085,0.00932042421784333,0.00950464557692727,"Seagrass",0.56,0.83,3.4,13.76,79.88,0.01
"25","SJB07",3,0.63,42.0634920634921,5,9,"grainsize","N",3.17460317460317,20.2682991638999,64.3438068695235,28.5714285714286,0.839142143228925,0.839142143228925,0,0,"Seagrass",0.92,1.35,3.81,72.18,21.63,0.02
"26","SJB07",3,0.63,42.0634920634921,10,4,"grain size","Y",3.17460317460317,20.2682991638999,64.3438068695235,12.6984126984127,0.723766625969684,0.722489113742801,0.00167704890927402,0.00121379203065139,"Seagrass",1.04,3.02,10.5,62.92,22.16,0.03
"27","SJB10",1,0.77,50.2597402597403,6,14,"grainsize ","N",2.5974025974026,20.2682991638999,52.6449328932465,36.3636363636364,1.01609019254467,1.01609019254467,0,0,"Seagrass",NA,NA,NA,NA,NA,NA
"28","SJB10",1,0.77,50.2597402597403,11,9,"grainsize ","N",2.5974025974026,20.2682991638999,52.6449328932465,23.3766233766234,0.899252737124736,0.899252737124736,0,0,"Seagrass",0,1.24,11.26,29.74,57.26,0.17
"29","SJB10",1,0.77,50.2597402597403,16,4,"grainsize ","Y",2.5974025974026,20.2682991638999,52.6449328932465,10.3896103896104,0.813062105840219,0.809014232886669,0.00489444813053108,0.00397949030393532,"Seagrass",1.15,2.65,11.67,52.14,31.31,0.05
"30","SJB10",2,0.92,36.0869565217391,13,4,"grain size","Y",2.17391304347826,20.2682991638999,44.0615199215215,8.69565217391304,0.985345037514102,0.984673249521933,0.000278700380967298,0.000274616037339416,"Seagrass",0.86,0.54,5.43,63.13,29.56,0.14
"31","SJB10",2,0.92,36.0869565217391,3,14,"grainsize","N",2.17391304347826,20.2682991638999,44.0615199215215,30.4347826086956,0.965388848949429,0.965388848949429,0,0,"Seagrass",2.9,3.51,11.18,46.08,35.83,0.15
"32","SJB10",2,0.92,36.0869565217391,8,9,"grainsize","N",2.17391304347826,20.2682991638999,44.0615199215215,19.5652173913043,0.992623497280611,0.992623497280611,0,0,"Seagrass",0,0.43,8.49,46.87,43.54,0.24
"33","SJB10",3,0.74,49.8648648648649,7,14,"grainsize ","N",2.7027027027027,20.2682991638999,54.7791869294592,37.8378378378378,0.821330189839022,0.821330189839022,0,0,"Seagrass",2.99,1.93,9.28,45.48,39.79,0.09
"34","SJB10",3,0.74,49.8648648648649,12,9,"grainsize ","N",2.7027027027027,20.2682991638999,54.7791869294592,24.3243243243243,0.731834520501814,0.731834520501814,0,0,"Seagrass",1.91,2.49,12.33,53.35,29.14,0.12
"35","SJB10",3,0.74,49.8648648648649,17,4,"grainsize ","Y",2.7027027027027,20.2682991638999,54.7791869294592,10.8108108108108,0.813726937155912,0.810030277688133,0.0046774783344139,0.00380619011867576,"Seagrass",0.33,2.54,9.62,40.05,46.15,0.21
"36","SJB10",3,0.74,49.8648648648649,2,19,"grainsize ","N",2.7027027027027,20.2682991638999,54.7791869294592,51.3513513513513,0.988919387755046,0.988919387755046,0,0,"Seagrass",0.38,1.24,13.35,36.72,43.04,0.14
"37","SJB13",1,1,40.4,6,14,"grainsize ","Y",2,20.2682991638999,40.5365983277998,28,1.30261546795325,1.30261546795325,0,0,"Seagrass",0.17,0.26,1.4,44.19,53.7,0.01
"38","SJB13",1,1,40.4,11,9,"grainsize ","N",2,20.2682991638999,40.5365983277998,18,1.30105638301255,1.30105638301255,0,0,"Seagrass",0.37,0.5,1.96,40.7,56.21,0.01
"39","SJB13",1,1,40.4,16,4,"grainsize ","Y",2,20.2682991638999,40.5365983277998,8,1.45597811446167,1.45037083586957,0.00385121076780232,0.0056072785920993,"Seagrass",0,0.19,4,54.25,40.98,0
"40","SJB13",2,0.94,41.063829787234,6,14,"grainsize","N",2.12765957446809,20.2682991638999,43.1240407742551,29.7872340425532,1.50404272965815,1.50404272965815,0,0,"Seagrass",0,0.14,1.48,13.45,84.72,0.05
"41","SJB13",2,0.94,41.063829787234,11,9,"grainsize","N",2.12765957446809,20.2682991638999,43.1240407742551,19.1489361702128,1.17413626114156,1.17413626114156,0,0,"Seagrass",0.05,0.08,1.27,18.16,80.12,0.04
"42","SJB13",2,0.94,41.063829787234,16,4,"grainsize","Y",2.12765957446809,20.2682991638999,43.1240407742551,8.51063829787234,1.4139398559423,1.41084645380268,0.00218778905383863,0.00309340213961673,"Seagrass",0.05,0.06,1.16,10.94,87.36,0.1
"43","SJB13",3,0.79,45.1898734177215,5,14,"grain size","N",2.53164556962025,20.2682991638999,51.3121497820251,35.4430379746835,1.06889109563703,1.06889109563703,0,0,"Seagrass",0,0.28,2.49,32.78,64.5,0.04
"44","SJB13",3,0.79,45.1898734177215,10,9,"grain size","N",2.53164556962025,20.2682991638999,51.3121497820251,22.7848101265823,0.876985279142675,0.87883864136593,0,0,"Seagrass",0,0.2,1.77,31.65,66.42,0
"45","SJB13",3,0.79,45.1898734177215,15,4,"grain size","Y",2.53164556962025,20.2682991638999,51.3121497820251,10.126582278481,1.02068613812682,1.01754263311514,0.00360296027005972,0.00367749160387162,"Seagrass",0,0.08,2.76,44.73,52.11,0
"46","SJB14",1,0.74,50,5,14,"grainsize","N",2.7027027027027,20.2682991638999,54.7791869294592,37.8378378378378,0.94555255204317,0.94555255204317,0,0,"Seagrass",0.48,1.56,3.44,25.45,68.83,0.02
"47","SJB14",1,0.74,50,10,9,"grainsize","N",2.7027027027027,20.2682991638999,54.7791869294592,24.3243243243243,0.87834637016353,0.87834637016353,0,0,"Seagrass",0.3,0.68,3.9,32.05,62.85,0.01
"48","SJB14",1,0.74,50,15,4,"grain size","Y",2.7027027027027,20.2682991638999,54.7791869294592,10.8108108108108,1.08569884537691,1.07313933074071,0.0104264574089051,0.0113199927702199,"Seagrass",0,0.46,5.64,55.7,36.92,0.03
"49","SJB14",2,0.78,50,15,4,"grainsize","Y",2.56410256410256,20.2682991638999,51.9699978561536,10.2564102564103,0.977862268546979,0.967363903672881,0.0107360363639941,0.0104983648740982,"Seagrass",1.07,1.25,4.88,67.56,25.22,0.02
"50","SJB14",2,0.78,50,5,15,"grainsize","N",2.56410256410256,20.2682991638999,51.9699978561536,38.4615384615385,0.94331156479344,0.94331156479344,0,0,"Seagrass",0,0.62,4.9,78.75,15.66,0.01
"51","SJB14",2,0.78,50,10,9,"grainsize","N",2.56410256410256,20.2682991638999,51.9699978561536,23.0769230769231,1.03619977335873,1.03619977335873,0,0,"Seagrass",1.14,1,5.26,65.93,26.44,0.02
"52","SJB14",3,0.68,47.7941176470588,14,4,"grain size","Y",2.94117647058824,20.2682991638999,59.6126445997056,11.7647058823529,0.765470149939051,0.751904236105998,0.0174067588978714,0.0133243543435066,"Seagrass",NA,NA,NA,NA,NA,NA
"53","SJB14",3,0.68,47.7941176470588,4,14,"grainsize","N",2.94117647058824,20.2682991638999,59.6126445997056,41.1764705882353,0.811017533690139,0.811017533690139,0,0,"Seagrass",1.41,0.72,3.03,39.09,55.63,0.01
"54","SJB14",3,0.68,47.7941176470588,9,9,"grainsize","N",2.94117647058824,20.2682991638999,59.6126445997056,26.4705882352941,0.857861622201082,0.857861622201082,0,0,"Seagrass",0,1.18,2.62,22.26,73.75,0.03
"55","SJB16",1,0.85,39.8823529411765,2,14,"grainsize","N",2.35294117647059,20.2682991638999,47.6901156797645,32.9411764705882,0.858024758731348,0.858024758731348,0,0,"Seagrass",0,0.25,3.67,35.26,60.56,0.03
"56","SJB16",1,0.85,39.8823529411765,7,9,"grainsize","N",2.35294117647059,20.2682991638999,47.6901156797645,21.1764705882353,0.927278103012947,0.927278103012947,0,0,"Seagrass",0,0.37,3.59,32.74,62.67,0.06
"57","SJB16",1,0.85,39.8823529411765,12,4,"grain size","Y",2.35294117647059,20.2682991638999,47.6901156797645,9.41176470588235,1.10824642059793,1.10520176453177,0.00311811762568966,0.00345564269767386,"Seagrass",0,0,3.53,28.21,67.11,0.19
"58","SJB16",2,0.84,40.3571428571429,2,14,"grainsize","N",2.38095238095238,20.2682991638999,48.2578551521426,33.3333333333333,0.989341524804179,0.989341524804179,0,0,"Seagrass",0,0.26,6.54,45.48,47.71,0.02
"59","SJB16",2,0.84,40.3571428571429,7,9,"grainsize","N",2.38095238095238,20.2682991638999,48.2578551521426,21.4285714285714,1.04366428721737,1.04366428721737,0,0,"Seagrass",0.18,0.56,5.94,44.92,48.32,0.02
"60","SJB16",2,0.84,40.3571428571429,12,4,"grain size","Y",2.38095238095238,20.2682991638999,48.2578551521426,9.52380952380952,1.0144524626231,1.01020652174251,0.00470837682538969,0.00477642446547411,"Seagrass",0.47,0.82,7.32,48.45,42.48,0.02
"61","SJB16",3,0.72,40.2777777777778,10,4,"grain size","Y",2.77777777777778,20.2682991638999,56.3008310108331,11.1111111111111,1.08314742260671,1.07371416930539,0.00876322724209235,0.00949186700098927,"Seagrass",NA,NA,NA,NA,NA,NA
"62","SJB16",3,0.72,40.2777777777778,5,9,"grainsize","N",2.77777777777778,20.2682991638999,56.3008310108331,25,0.70792027905114,0.70792027905114,0,0,"Seagrass",0.44,1.21,5.98,45.42,46.76,0.03
"63","SJB17",1,0.72,50.1388888888889,10,9,"grainsize ","N",2.77777777777778,20.2682991638999,56.3008310108331,25,0.756633591994465,0.756633591994465,0,0,"Seagrass",0.97,0.77,4.94,37.55,55.27,0.14
"64","SJB17",1,0.72,50.1388888888889,15,4,"grainsize ","Y",2.77777777777778,20.2682991638999,56.3008310108331,11.1111111111111,0.630107928481091,0.629031567814437,0.00197318720472663,0.00124332090207569,"Seagrass",0,0.73,2.76,27.15,68.61,0.21
"65","SJB17",1,0.72,50.1388888888889,5,14,"grainsize ","N",2.77777777777778,20.2682991638999,56.3008310108331,38.8888888888889,0.715453027545001,0.715453027545001,0,0,"Seagrass",2.37,2.59,13.57,39.92,39.96,0.12
"66","SJB17",2,0.68,49.7058823529412,14,4,"grainsize","Y",2.94117647058824,20.2682991638999,59.6126445997056,11.7647058823529,0.662894596697613,0.661228842717618,0.0019333500350483,0.00128160729175866,"Seagrass",0,0.08,2.04,16.78,80.38,0.07
"67","SJB17",2,0.68,49.7058823529412,4,14,"grainsize","N",2.94117647058824,20.2682991638999,59.6126445997056,41.1764705882353,0.574554278374846,0.574554278374846,0,0,"Seagrass",0.47,0.61,7.17,23.58,67.15,0.33
"68","SJB17",2,0.68,49.7058823529412,9,9,"grainsize","N",2.94117647058824,20.2682991638999,59.6126445997056,26.4705882352941,0.497567256060747,0.497567256060747,0,0,"Seagrass",0.5,1.12,7.51,19.96,69.74,0.35
"69","SJB17",3,0.7,49.7142857142857,9,9,"grainsize","N",2.85714285714286,20.2682991638999,57.9094261825712,25.7142857142857,0.672393124346292,0.672393124346292,0,0,"Seagrass",3.53,1.99,8.42,22.65,62.74,0.14
"70","SJB17",3,0.7,49.7142857142857,4,14,"grainsize","N",2.85714285714286,20.2682991638999,57.9094261825712,40,0.759054318055554,0.759054318055554,0,0,"Seagrass",0,0.82,8.37,21.7,67.66,0.86
"71","SJB17",3,0.7,49.7142857142857,14,4,"grainsize","Y",2.85714285714286,20.2682991638999,57.9094261825712,11.4285714285714,0.63921545144132,0.63445974899088,0.00672401030888845,0.00429809128509221,"Seagrass",0.09,0.51,4.69,19.36,73.98,0.24
"72","SJB24",1,0.92,29.3478260869565,6,9,"grainsize ","N",2.17391304347826,20.2682991638999,44.0615199215215,19.5652173913043,0.904439975538271,0.904439975538271,0,0,"Seagrass",1.81,0.92,2.07,36.99,57.62,0.09
"73","SJB24",1,0.92,29.3478260869565,11,4,"grainsize ","Y",2.17391304347826,20.2682991638999,44.0615199215215,8.69565217391304,1.0018083824303,0.992952582614612,0.00898706877021921,0.00900332082748318,"Seagrass",0,0.16,2.29,68.37,27.23,0.09
"74","SJB24",2,0.83,37.3493975903614,2,14,"grainsize","N",2.40963855421687,20.2682991638999,48.8392750937347,33.7349397590361,1.10994685928404,1.10994685928404,0,0,"Seagrass",0,0.15,2.77,44.48,52.57,0.04
"75","SJB24",2,0.83,37.3493975903614,7,9,"grainsize","N",2.40963855421687,20.2682991638999,48.8392750937347,21.6867469879518,1.11220528756309,1.11220528756309,0,0,"Seagrass",0,0.41,3.06,44.75,51.56,0.04
"76","SJB24",2,0.83,37.3493975903614,12,4,"grainsize","Y",2.40963855421687,20.2682991638999,48.8392750937347,9.63855421686747,0.673720073380472,0.648252864917348,0.037998419645028,0.0256002980715902,"Seagrass",0,0.07,2.31,38.94,54.73,0.02
"77","SJB24",3,0.94,33.5106382978723,2,14,"grainsize","N",2.12765957446809,20.2682991638999,43.1240407742551,29.7872340425532,1.27930265831989,1.27930265831989,0,0,"Seagrass",0.07,0.24,1.94,43.01,54.75,0.01
"78","SJB24",3,0.94,33.5106382978723,7,9,"grainsize","N",2.12765957446809,20.2682991638999,43.1240407742551,19.1489361702128,1.01923426494486,1.01923426494486,0,0,"Seagrass",0,0.2,2.2,55.42,41.96,0.02
"79","SJB24",3,0.94,33.5106382978723,12,4,"grainsize","Y",2.12765957446809,20.2682991638999,43.1240407742551,8.51063829787234,0.900393360707063,0.872821732940914,0.0297229361862133,0.0267623344027861,"Seagrass",0.14,0.85,3.48,55.45,36.83,0.01
"80","SJBA",1,0.93,38.9247311827957,10,9,"grainsize ","N",2.1505376344086,20.2682991638999,43.5877401374192,19.3548387096774,1.32491383627441,1.32491383627441,0,0,"Control",0,0.54,3.72,74.17,21.46,0
"81","SJBA",1,0.93,38.9247311827957,5,14,"grainsize ","N",2.1505376344086,20.2682991638999,43.5877401374192,30.1075268817204,1.22928602930715,1.22928602930715,0,0,"Control",0,0.34,2.29,48.96,48.24,0
"82","SJBA",1,0.93,38.9247311827957,15,4,"grainsize ","Y",2.1505376344086,20.2682991638999,43.5877401374192,8.60215053763441,1.17200157289514,1.17200157289514,0,0,"Control",0,0,1.53,43.54,54.6,0
"83","SJBA",2,0.73,37.8082191780822,10,4,"grain size","Y",2.73972602739726,20.2682991638999,55.5295867504107,10.958904109589,1.00611229561486,1.00611229561486,0,0,"Control",0,0.01,0.92,36.17,63.06,0
"84","SJBA",2,0.73,37.8082191780822,5,9,"grainsize","N",2.73972602739726,20.2682991638999,55.5295867504107,24.6575342465753,0.96180258354984,0.96180258354984,0,0,"Control",0.07,0.07,1.66,28.95,68.73,0.07
"85","SJBA",3,0.85,36,6,9,"grainsize","N",2.35294117647059,20.2682991638999,47.6901156797645,21.1764705882353,1.20155925778796,1.20155925778796,0,0,"Control",0,0.02,0.95,32.16,66.91,0
"86","SJBA",3,0.85,36,11,4,"grain size","Y",2.35294117647059,20.2682991638999,47.6901156797645,9.41176470588235,1.23719976684886,1.23719976684886,0,0,"Control",0,0.06,1.89,37.87,60.13,0.01
"87","SJBB",1,0.85,35.8823529411765,6,9,"grainsize","N",2.35294117647059,20.2682991638999,47.6901156797645,21.1764705882353,1.16803239426059,1.16803239426059,0,0,"Control",0.09,0.61,2.58,32.36,64.35,0
"88","SJBB",1,0.85,35.8823529411765,11,4,"grain size","Y",2.35294117647059,20.2682991638999,47.6901156797645,9.41176470588235,1.26552848823574,1.26552848823574,0,0,"Control",0.15,0.16,1.07,20.47,78.13,0.01
"89","SJBB",2,0.81,39.7530864197531,8,9,"grainsize ","N",2.46913580246914,20.2682991638999,50.0451831207405,22.2222222222222,1.0321692674273,1.0321692674273,0,0,"Control",0.17,0.17,3.08,48.27,48.25,0
"90","SJBB",2,0.81,39.7530864197531,3,14,"grainsize ","N",2.46913580246914,20.2682991638999,50.0451831207405,34.5679012345679,1.03116217749662,1.03116217749662,0,0,"Control",1.4,1.35,3.62,45.14,48.36,0.01
"91","SJBB",2,0.81,39.7530864197531,13,4,"grainsize ","Y",2.46913580246914,20.2682991638999,50.0451831207405,9.87654320987654,1.12636814344353,1.12636814344353,0,0,"Control",0.16,0.49,2.52,52.54,44.14,0
"92","SJBB",3,0.92,36.9565217391304,13,4,"grainsize ","Y",2.17391304347826,20.2682991638999,44.0615199215215,8.69565217391304,1.3873988030572,1.3873988030572,0,0,"Control",1.15,1.03,1.92,51.92,43.99,0
"93","SJBB",3,0.92,36.9565217391304,8,9,"grainsize ","N",2.17391304347826,20.2682991638999,44.0615199215215,19.5652173913043,1.21796070801878,1.21796070801878,0,0,"Control",0,0.82,3.18,53.06,42.8,0.01
"94","SJBB",3,0.92,36.9565217391304,3,14,"grainsize ","N",2.17391304347826,20.2682991638999,44.0615199215215,30.4347826086956,1.32386944671666,1.32386944671666,0,0,"Control",0,0.86,3.72,41.23,53.98,0
"95","SJBC",1,0.75,39.8666666666667,11,4,"grainsize ","Y",2.66666666666667,20.2682991638999,54.0487977703998,10.6666666666667,1.08620732415536,1.08620732415536,0,0,"Control",0,0.3,2.62,75.5,21.68,0
"96","SJBC",1,0.75,39.8666666666667,6,9,"grainsize ","N",2.66666666666667,20.2682991638999,54.0487977703998,24,1.09357289039221,1.09357289039221,0,0,"Control",0.05,0.26,1.82,71.48,26.4,0
"97","SJBC",2,0.82,29.8780487804878,2,9,"grainsize","N",2.4390243902439,20.2682991638999,49.434876009512,21.9512195121951,1.12042761044536,1.12042761044536,0,0,"Control",0,0.5,2.58,61.25,35.64,0
"98","SJBC",2,0.82,29.8780487804878,7,4,"grain size","Y",2.4390243902439,20.2682991638999,49.434876009512,9.75609756097561,1.19363503589341,1.19363503589341,0,0,"Control",0,0.77,2.37,63.61,33.18,0
"99","SJBC",3,0.94,39.8936170212766,16,4,"grain size","Y",2.12765957446809,20.2682991638999,43.1240407742551,8.51063829787234,1.33332588893957,1.33332588893957,0,0,"Control",0,0.01,2.28,49.37,48.25,0
"100","SJBC",3,0.94,39.8936170212766,6,14,"grainsize","N",2.12765957446809,20.2682991638999,43.1240407742551,29.7872340425532,1.16660681830248,1.16660681830248,0,0,"Control",0,0,1.72,46.51,51.58,0
"101","SJBC",3,0.94,39.8936170212766,11,9,"grainsize","N",2.12765957446809,20.2682991638999,43.1240407742551,19.1489361702128,1.20777874857901,1.20777874857901,0,0,"Control",0,0.08,2.42,52.62,44.62,0
"102","SMAR01",8,0.72,50,10,9,"grainsize ","N",2.77777777777778,20.2682991638999,56.3008310108331,25,0.740319445586515,0.740186232632721,0.000179939828121476,0.000133212953793824,"Seagrass",0.55,0.18,16.52,33.97,46.96,1.68
"103","SMAR01",8,0.72,50,15,4,"grainsize ","Y",2.77777777777778,20.2682991638999,56.3008310108331,11.1111111111111,0.578201056992148,0.575742833951473,0.00425150215647002,0.00245822304067537,"Seagrass",0,0.48,21.38,36.84,39.7,1.32
"104","SMAR01",8,0.72,50,5,14,"grainsize ","N",2.77777777777778,20.2682991638999,56.3008310108331,38.8888888888889,0.647262204584301,0.647262204584301,0,0,"Seagrass",0,0.05,23.64,34.35,39.89,1.72
"105","SMAR01",9,0.92,50,15,9,"grain size","N",2.17391304347826,20.2682991638999,44.0615199215215,19.5652173913043,0.805498767705116,0.805498767705116,0,0,"Seagrass",1.45,1.41,22.5,40.54,33.5,0.49
"106","SMAR01",9,0.92,50,10,14,"grain size","N",2.17391304347826,20.2682991638999,44.0615199215215,30.4347826086956,1.0659346314801,1.0659346314801,0,0,"Seagrass",0,0.36,24.14,42.93,31.8,0.62
"107","SMAR01",9,0.92,50,20,4,"grain size","Y",2.17391304347826,20.2682991638999,44.0615199215215,8.69565217391304,0.553759834963892,0.553759834963892,0,0,"Seagrass",1.37,7.06,22.22,33.79,34.74,0.53
"108","SMAR01",9,0.92,50,5,19,"grain size","N",2.17391304347826,20.2682991638999,44.0615199215215,41.304347826087,0.998599233035277,0.998599233035277,0,0,"Seagrass",0,1.66,36,39.81,21.49,0.41
"109","SMAR01",10,0.68,41.1764705882353,6,9,"grainsize ","N",2.94117647058824,20.2682991638999,59.6126445997056,26.4705882352941,0.741631247814467,0.738192380081345,0.00463689703374304,0.00343886773312205,"Seagrass",0,0.24,16.77,35.7,45.24,1.98
"110","SMAR01",10,0.68,41.1764705882353,11,4,"grainsize ","Y",2.94117647058824,20.2682991638999,59.6126445997056,11.7647058823529,0.565655159680108,NA,0.00912805973867296,0.00516333408904862,"Seagrass",0.08,0.41,13.66,32.25,50.62,2.18
"111","SMAR03",1,0.94,50,4,14,"grainsize ","N",2.12765957446809,20.2682991638999,43.1240407742551,29.7872340425532,1.05219731697983,1.05219731697983,0,0,"Seagrass",0,0.11,15.95,31.48,50.2,1.97
"112","SMAR03",1,0.94,50,14,9,"grainsize ","N",2.12765957446809,20.2682991638999,43.1240407742551,19.1489361702128,1.09004163700872,1.09004163700872,0,0,"Seagrass",0,0.1,8.83,30.61,58.62,1.49
"113","SMAR03",1,0.94,50,19,4,"grainsize ","Y",2.12765957446809,20.2682991638999,43.1240407742551,8.51063829787234,0.948941686940209,0.948941686940209,0,0,"Seagrass",0.58,0.16,6.67,33.36,57.1,1.71
"114","SMAR03",2,0.82,50.1219512195122,6,14,"grainsize","N",2.4390243902439,20.2682991638999,49.434876009512,34.1463414634146,1.106075394818,1.106075394818,0,0,"Seagrass",0,0.22,15.95,41.02,41.91,0.81
"115","SMAR03",2,0.82,50.1219512195122,11,9,"grainsize","N",2.4390243902439,20.2682991638999,49.434876009512,21.9512195121951,1.05210540004171,1.05210540004171,0,0,"Seagrass",0,0.08,14.95,41.16,42.82,0.78
"116","SMAR03",2,0.82,50.1219512195122,16,4,"grainsize","Y",2.4390243902439,20.2682991638999,49.434876009512,9.75609756097561,0.769110859966236,0.766471023265222,0.00343232274880395,0.00263983670101428,"Seagrass",0,0.04,15.48,43.87,39.09,0.73
"117","SMAR03",3,0.82,50.1219512195122,5,14,"grainsize","N",2.4390243902439,20.2682991638999,49.434876009512,34.1463414634146,0.764947807145786,0.764947807145786,0,0,"Seagrass",0,0.13,18.1,35.72,44.5,1.17
"118","SMAR03",3,0.82,50.1219512195122,10,9,"grainsize","N",2.4390243902439,20.2682991638999,49.434876009512,21.9512195121951,0.89410358774836,0.89410358774836,0,0,"Seagrass",0,0.68,17.9,37.18,42.63,1.08
"119","SMAR03",3,0.82,50.1219512195122,15,4,"grainsize","Y",2.4390243902439,20.2682991638999,49.434876009512,9.75609756097561,0.816346742575726,0.813901100758465,0.00299583705025275,0.0024456418172615,"Seagrass",0,0.03,16.5,42.33,39.52,0.85
"120","SMAR04",1,0.66,49.6969696969697,7,9,"grainsize ","N",3.03030303030303,20.2682991638999,61.4190883754543,27.2727272727273,0.763350633167929,0.76275798353794,0.000548157912136899,0.000418436689305712,"Seagrass",0,0.36,21.11,44.69,32.97,0.58
"121","SMAR04",1,0.66,49.6969696969697,2,14,"grainsize ","N",3.03030303030303,20.2682991638999,61.4190883754543,42.4242424242424,0.752984149118087,0.752984149118087,0,0,"Seagrass",0,0.13,28.44,41.6,28.81,0.64
"122","SMAR04",1,0.66,49.6969696969697,12,4,"grainsize ","Y",3.03030303030303,20.2682991638999,61.4190883754543,12.1212121212121,0.408316057162815,0.408161382122022,0.000693824167410999,0.000283299548401532,"Seagrass",0.11,1.05,21.72,42.42,32.94,1.01
"123","SMAR04",2,0.76,27.1052631578947,6,4,"grain size","Y",2.63157894736842,20.2682991638999,53.337629378684,10.5263157894737,0.55689576657246,0.556254568221533,0.00115137946706617,0.000641198350927606,"Seagrass",0.85,0.92,23.46,49.23,23.49,0.75
"124","SMAR04",3,0.85,50.2352941176471,3,19,"grain size","N",2.35294117647059,20.2682991638999,47.6901156797645,44.7058823529412,1.15149437608307,1.15149437608307,0,0,"Seagrass",0,0.79,40.88,40.14,17.25,0.53
"125","SMAR04",3,0.85,50.2352941176471,8,14,"grain size","N",2.35294117647059,20.2682991638999,47.6901156797645,32.9411764705882,1.05080684510194,1.05080684510194,0,0,"Seagrass",0.1,0.71,26.29,44.56,27.16,0.78
"126","SMAR04",3,0.85,50.2352941176471,13,9,"grain size","N",2.35294117647059,20.2682991638999,47.6901156797645,21.1764705882353,0.810285306487452,0.810285306487452,0,0,"Seagrass",0.1,0.25,20.19,46.02,31.85,0.96
"127","SMAR04",3,0.85,50.2352941176471,18,4,"grain size","Y",2.35294117647059,20.2682991638999,47.6901156797645,9.41176470588235,0.599044468498154,0.592470779264412,0.011155643453454,0.00668272650332925,"Seagrass",0.53,0.45,21.05,45.43,29.63,1.08
"128","SMAR12",1,0.83,49.7590361445783,11,9,"grainsize ","N",2.40963855421687,20.2682991638999,48.8392750937347,21.6867469879518,1.06724761782319,1.06625456459079,0.000930480626817795,0.000993053232401923,"Seagrass",0,0.03,21.22,46.56,31.33,0.97
"129","SMAR12",1,0.83,49.7590361445783,16,4,"grainsize ","Y",2.40963855421687,20.2682991638999,48.8392750937347,9.63855421686747,0.928306161649318,0.925519470001279,0.00300191010591603,0.00278669164803921,"Seagrass",0.02,0.11,16.15,45.59,35.99,1.66
"130","SMAR12",1,0.83,49.7590361445783,6,14,"grainsize ","N",2.40963855421687,20.2682991638999,48.8392750937347,33.7349397590361,1.06536798304516,1.06536798304516,0,0,"Seagrass",0,0.04,22.05,48.76,27.65,0.76
"131","SMAR12",2,0.47,50.2127659574468,7,4,"grainsize ","Y",4.25531914893617,20.2682991638999,86.2480815485102,17.0212765957447,0.434308790728656,0.431458872265696,0.00656196357015668,0.00284991846296024,"Seagrass",0.49,0.26,17.15,41.64,37.26,2.73
"132","SMAR12",2,0.47,50.2127659574468,2,9,"grainsize ","N",4.25531914893617,20.2682991638999,86.2480815485102,38.2978723404255,0.609030358205194,0.608946878087483,0.000137070536117134,8.34801177107964e-05,"Seagrass",0,0,16.07,48.47,33.95,0.92
"133","SMAR12",3,0.88,49.8863636363636,7,14,"grainsize ","N",2.27272727272727,20.2682991638999,46.0643162815907,31.8181818181818,1.09355145297427,1.09345376347482,8.93323301643516e-05,9.76894994488043e-05,"Seagrass",0,0,29.81,46.23,23.52,0.74
"134","SMAR12",3,0.88,49.8863636363636,2,19,"grainsize ","N",2.27272727272727,20.2682991638999,46.0643162815907,43.1818181818182,1.05367025754374,1.05367025754374,0,0,"Seagrass",0,0.07,28.77,45.1,25.19,0.93
"135","SMAR12",3,0.88,49.8863636363636,12,9,"grainsize ","N",2.27272727272727,20.2682991638999,46.0643162815907,20.4545454545455,0.931017834669118,0.930891923758718,0.000135240062770043,0.000125910910400681,"Seagrass",0,0,19.22,43.72,34.23,2.18
"136","SMAR12",3,0.88,49.8863636363636,17,4,"grainsize ","Y",2.27272727272727,20.2682991638999,46.0643162815907,9.09090909090909,0.826045040316965,0.824089079450223,0.00236786224875957,0.00195596086674161,"Seagrass",0.06,0.11,21.32,42.18,34.16,1.33
"137","SMAR14",1,0.56,50.3571428571429,10,4,"grainsize","Y",3.57142857142857,20.2682991638999,72.3867827282139,14.2857142857143,0.616985564446041,0.610107236922224,0.010823615813137,0.00667801471181543,"Seagrass",0,0.37,31.25,48.47,18.02,0.18
"138","SMAR14",1,0.56,50.3571428571429,5,9,"grainsize","N",3.57142857142857,20.2682991638999,72.3867827282139,32.1428571428571,0.61044984090413,0.609482813535848,0,0,"Seagrass",0,0.27,38.16,58.43,0.31,0.13
"139","SMAR14",2,0.91,50,9,14,"grainsize","N",2.1978021978022,20.2682991638999,44.5457124481317,30.7692307692308,0.958020371762848,0.958020371762848,0,0,"Seagrass",0,0.65,33.78,45.07,19.86,0.36
"140","SMAR14",2,0.91,50,4,19,"grainsize","N",2.1978021978022,20.2682991638999,44.5457124481317,41.7582417582418,1.0891149188935,1.0891149188935,0,0,"Seagrass",0,0.21,37.35,42.47,19.39,0.29
"141","SMAR14",2,0.91,50,14,9,"grainsize","N",2.1978021978022,20.2682991638999,44.5457124481317,19.7802197802198,1.15084701046577,1.15084701046577,0,0,"Seagrass",0,0.55,27.78,48.77,22.11,0.41
"142","SMAR14",2,0.91,50,19,4,"grainsize","Y",2.1978021978022,20.2682991638999,44.5457124481317,8.79120879120879,0.920616098524652,0.918562028784348,0.00176788305148807,0.0016275415975088,"Seagrass",0,0.25,21.74,46.75,30.09,0.63
"143","SMAR14",3,0.53,50,4,9,"grainsize ","N",3.77358490566038,20.2682991638999,76.4841477883015,33.9622641509434,0.602974620671055,0.602833414940033,0.000234181881261113,0.000141205731021453,"Seagrass",0,0.06,25.86,43.24,29.34,1.18
"144","SMAR14",3,0.53,50,9,4,"grainsize ","Y",3.77358490566038,20.2682991638999,76.4841477883015,15.0943396226415,0.442517841653676,0.440291236469144,0.0050316732455622,0.00222660518453273,"Seagrass",1.68,0.05,20.99,41.04,34.13,1.58
"145","SMAR23",1,0.9,49.8888888888889,7,14,"grainsize","N",2.22222222222222,20.2682991638999,45.0406648086665,31.1111111111111,1.11153776731925,1.11153776731925,0,0,"Seagrass",0.46,0.86,25.97,44.91,27.65,0.57
"146","SMAR23",1,0.9,49.8888888888889,2,19,"gainsize","N",2.22222222222222,20.2682991638999,45.0406648086665,42.2222222222222,1.11533877693417,1.11533877693417,0,0,"Seagrass",0,0.66,24.75,45.04,29.14,0.3
"147","SMAR23",1,0.9,49.8888888888889,12,9,"grainsize","N",2.22222222222222,20.2682991638999,45.0406648086665,20,1.06684482132143,1.06684482132143,0,0,"Seagrass",0,0.34,18.48,45.04,34.81,0.86
"148","SMAR23",1,0.9,49.8888888888889,17,4,"grainsize","Y",2.22222222222222,20.2682991638999,45.0406648086665,8.88888888888889,0.654133328740986,0.654133328740986,0,0,"Seagrass",0.24,0.54,22.41,43.13,32,1.02
"149","SMAR23",2,0.85,50,11,9,"grainsize","N",2.35294117647059,20.2682991638999,47.6901156797645,21.1764705882353,1.07075647169519,1.07075647169519,0,0,"Seagrass",0.07,0.95,24.57,58.43,15.69,0.13
"150","SMAR23",2,0.85,50,6,14,"grainsize","N",2.35294117647059,20.2682991638999,47.6901156797645,32.9411764705882,1.0264768558901,1.0264768558901,0,0,"Seagrass",0.19,0.46,22.88,49.03,27.05,0.21
"151","SMAR23",2,0.85,50,16,4,"grainsize","Y",2.35294117647059,20.2682991638999,47.6901156797645,9.41176470588235,0.853835211334532,0.852296108336903,0.00197202814376404,0.00168378706688842,"Seagrass",2.03,2.46,17.96,48.89,28.06,0.2
"152","SMAR23",3,0.99,32.9292929292929,8,9,"grainsize ","N",2.02020202020202,20.2682991638999,40.9460589169695,18.1818181818182,1.0597234788332,1.05942552585988,0.000281161056889022,0.000297952973318853,"Seagrass",0.13,0.48,14.62,39.91,42.74,1.88
"153","SMAR23",3,0.99,32.9292929292929,3,14,"grainsize ","N",2.02020202020202,20.2682991638999,40.9460589169695,28.2828282828283,0.9900000408391,0.989643962613609,0.000359674960406151,0.000356078225490891,"Seagrass",0,0.26,16.41,40.47,39.57,2.25
"154","SMAR23",3,0.99,32.9292929292929,13,4,"grainsize ","Y",2.02020202020202,20.2682991638999,40.9460589169695,8.08080808080808,0.840007583385406,0.829667638316247,0.0123093472888501,0.0103399450691587,"Seagrass",0.3,0.93,11.53,34.38,49.67,1.65
"155","SMAR24",1,0.76,49.7368421052632,9,9,"grainsize","N",2.63157894736842,20.2682991638999,53.337629378684,23.6842105263158,0.913370177255561,0.913370177255561,0,0,"Seagrass",0,0.67,21.34,37.7,38.71,1.16
"156","SMAR24",1,0.76,49.7368421052632,4,14,"grainsize","N",2.63157894736842,20.2682991638999,53.337629378684,36.8421052631579,0.846031226465307,0.846031226465307,0,0,"Seagrass",0.3,1.02,22.19,37.73,37.27,1.01
"157","SMAR24",1,0.76,49.7368421052632,14,4,"grain size","Y",2.63157894736842,20.2682991638999,53.337629378684,10.5263157894737,0.784989893396591,0.781455803070572,0.0041892069406131,0.00328848510972813,"Seagrass",0.03,0.19,15.44,36.82,45.34,1.16
"158","SMAR24",2,1,31.9,11,4,"grain size","Y",2,20.2682991638999,40.5365983277998,8,1.06119165826746,1.06009141794539,0.000546294380606782,0.000579723039658308,"Seagrass",0,0.37,15.87,38.11,44.72,0.5
"159","SMAR24",2,1,31.9,6,9,"grainsize","N",2,20.2682991638999,40.5365983277998,18,1.00421105073543,1.00421105073543,0,0,"Seagrass",0,3.3,25.3,40.1,30.53,0.25
"160","SMAR24",3,0.87,50.2298850574713,7,14,"grainsize","N",2.29885057471264,20.2682991638999,46.5937911813791,32.183908045977,1.08769213053978,1.08769213053978,0,0,"Seagrass",0.31,1.51,29.96,47.41,20.18,0.16
"161","SMAR24",3,0.87,50.2298850574713,2,19,"grainsize","N",2.29885057471264,20.2682991638999,46.5937911813791,43.6781609195402,0.975235087076575,0.975235087076575,0,0,"Seagrass",0,1.71,35.31,42.97,19.28,0.12
"162","SMAR24",3,0.87,50.2298850574713,12,9,"grainsize","N",2.29885057471264,20.2682991638999,46.5937911813791,20.6896551724138,1.02002431643712,1.02002431643712,0,0,"Seagrass",0.21,1.92,23.9,45.7,27.49,0.08
"163","SMAR24",3,0.87,50.2298850574713,17,4,"grain size","Y",2.29885057471264,20.2682991638999,46.5937911813791,9.19540229885057,0.87993483596126,0.875938595361838,0.0035902876864352,0.00315921920641709,"Seagrass",0,0.64,19.11,42.62,36.48,0.2
"164","SMAR25",1,0.74,50.1351351351351,11,9,"grainsize ","N",2.7027027027027,20.2682991638999,54.7791869294592,24.3243243243243,0.81445349047353,0.81445349047353,0,0,"Seagrass",0,1.06,23.78,42,31.56,1.32
"165","SMAR25",1,0.74,50.1351351351351,6,14,"grainsize ","N",2.7027027027027,20.2682991638999,54.7791869294592,37.8378378378378,0.790320237059192,0.790320237059192,0,0,"Seagrass",0,0.47,24.99,40.31,31.84,1.76
"166","SMAR25",1,0.74,50.1351351351351,16,4,"grainsize ","Y",2.7027027027027,20.2682991638999,54.7791869294592,10.8108108108108,0.710658594661699,0.709899182148812,0.00106860385365265,0.000759412512886866,"Seagrass",0,0.17,15.47,37.68,36.81,1.93
"167","SMAR25",2,0.75,50,3,14,"grainsize","N",2.66666666666667,20.2682991638999,54.0487977703998,37.3333333333333,0.97179034810586,0.97179034810586,0,0,"Seagrass",0,0.32,36.89,40.13,21.95,0.48
"168","SMAR25",2,0.75,50,8,9,"grainsize","N",2.66666666666667,20.2682991638999,54.0487977703998,24,0.926318476364321,0.926318476364321,0,0,"Seagrass",0.05,0.74,29.15,45.68,23.72,0.33
"169","SMAR25",2,0.75,50,13,4,"grainsize","Y",2.66666666666667,20.2682991638999,54.0487977703998,10.6666666666667,0.866690878102274,0.866690878102274,0,0,"Seagrass",0.47,1.02,27,46.41,24.09,0.67
"170","SMAR25",3,0.66,49.6969696969697,6,9,"grainsize","N",3.03030303030303,20.2682991638999,61.4190883754543,27.2727272727273,0.762236972874213,0.762236972874213,0,0,"Seagrass",0,0.85,29.62,52.29,16.74,0.15
"171","SMAR25",3,0.66,49.6969696969697,11,4,"grainsize","Y",3.03030303030303,20.2682991638999,61.4190883754543,12.1212121212121,0.695482481584196,0.694915882487393,0.00029497212981583,0.000205147948842489,"Seagrass",0.56,0.9,28.12,47.53,22.06,0.32
"172","SMARA",1,0.83,33.9759036144578,4,9,"grainsize ","N",2.40963855421687,20.2682991638999,48.8392750937347,21.6867469879518,1.01230822744833,1.01230822744833,0,0,"Control",0,0.14,16.48,29.08,52.4,1.92
"173","SMARA",1,0.83,33.9759036144578,9,4,"grainsize ","Y",2.40963855421687,20.2682991638999,48.8392750937347,9.63855421686747,1.24156224439496,1.24156224439496,0,0,"Control",0,0.07,8.42,27.19,63.04,1.13
"174","SMARA",2,0.58,50.3448275862069,10,4,"grainsize ","Y",3.44827586206897,20.2682991638999,69.8906867720686,13.7931034482759,0.747079509610241,0.747079509610241,0,0,"Control",0,0.19,5.89,26.92,64.86,1.66
"175","SMARA",2,0.58,50.3448275862069,5,9,"grainsize ","N",3.44827586206897,20.2682991638999,69.8906867720686,31.0344827586207,0.691897622321342,0.691897622321342,0,0,"Control",0,0.09,13.11,29.32,53.95,2.5
"176","SMARA",3,0.58,50,11,4,"grainsize ","Y",3.44827586206897,20.2682991638999,69.8906867720686,13.7931034482759,0.664673680364595,0.664673680364595,0,0,"Control",0,0.05,7.9,27.71,62.63,1.03
"177","SMARA",3,0.58,50,6,9,"grainsize ","N",3.44827586206897,20.2682991638999,69.8906867720686,31.0344827586207,0.655960073042548,0.655960073042548,0,0,"Control",0,0.08,16.67,22.54,57.89,1.63
"178","SMARB",1,0.9,50.2222222222222,14,9,"grainsize ","N",2.22222222222222,20.2682991638999,45.0406648086665,20,0.990735820387221,0.990735820387221,0,0,"Control",NA,NA,NA,NA,NA,NA
"179","SMARB",1,0.9,50.2222222222222,9,14,"grainsize ","N",2.22222222222222,20.2682991638999,45.0406648086665,31.1111111111111,0.911429708561964,0.911429708561964,0,0,"Control",NA,NA,NA,NA,NA,NA
"180","SMARB",1,0.9,50.2222222222222,4,19,"grainsize ","N",2.22222222222222,20.2682991638999,45.0406648086665,42.2222222222222,1.06974220306644,1.06974220306644,0,0,"Control",0,0.08,18.26,32.17,47.7,1.75
"181","SMARB",1,0.9,50.2222222222222,19,4,"grainsize ","Y",2.22222222222222,20.2682991638999,45.0406648086665,8.88888888888889,0.759833367144593,0.759833367144593,0,0,"Control",0.35,0,8.3,27.26,61.12,2.85
"182","SMARB",2,0.87,50,16,4,"grainsize","Y",2.29885057471264,20.2682991638999,46.5937911813791,9.19540229885057,0.861949607055162,0.861949607055162,0,0,"Control",0,0.78,16,38.44,44.17,0.43
"183","SMARB",2,0.87,50,11,9,"grainsize","N",2.29885057471264,20.2682991638999,46.5937911813791,20.6896551724138,1.00767503157725,1.00767503157725,0,0,"Control",0,1.39,29.87,40.51,27.76,0.25
"184","SMARB",2,0.87,50,6,14,"grainsize","N",2.29885057471264,20.2682991638999,46.5937911813791,32.183908045977,0.911084909033228,0.911084909033228,0,0,"Control",0.22,1.1,22.63,40.36,34.86,0.43
"185","SMARB",3,0.82,50.2439024390244,16,4,"grainsize ","Y",2.4390243902439,20.2682991638999,49.434876009512,9.75609756097561,0.882093847906275,0.882093847906275,0,0,"Control",0.72,0.33,7.05,25.02,64.86,1.83
"186","SMARB",3,0.82,50.2439024390244,6,14,"grainsize ","N",2.4390243902439,20.2682991638999,49.434876009512,34.1463414634146,0.924179520369571,0.924179520369571,0,0,"Control",0,0.26,18.87,30,49.12,1.53
"187","SMARB",3,0.82,50.2439024390244,11,9,"grainsize ","N",2.4390243902439,20.2682991638999,49.434876009512,21.9512195121951,0.893173070597045,0.893173070597045,0,0,"Control",0,0.07,12.8,34.5,51.06,1.36
"188","SMARC",1,0.85,31.5294117647059,8,4,"grainsize ","N",2.35294117647059,20.2682991638999,47.6901156797645,9.41176470588235,1.13990497244834,1.13990497244834,0,0,"Control",0.41,0.86,33.43,56.11,8.8,0.11
"189","SMARC",1,0.85,31.5294117647059,3,9,"grainsize ","N",2.35294117647059,20.2682991638999,47.6901156797645,21.1764705882353,1.30132416571875,1.30132416571875,0,0,"Control",0,1.5,35.89,45.81,15.97,0.54
"190","SMARC",2,0.97,31.1340206185567,7,9,"grainsize ","N",2.06185567010309,20.2682991638999,41.7903075544328,18.5567010309278,1.15366703002132,1.15366703002132,0,0,"Control",0.14,2.02,37.17,48.81,11.38,0.14
"191","SMARC",2,0.97,31.1340206185567,2,14,"grainsize ","N",2.06185567010309,20.2682991638999,41.7903075544328,28.8659793814433,1.21310665000412,1.21310665000412,0,0,"Control",0,1.2,41.1,42.34,14.61,0.38
"192","SMARC",2,0.97,31.1340206185567,12,4,"grainsize ","Y",2.06185567010309,20.2682991638999,41.7903075544328,8.24742268041237,1.12448322948548,1.12448322948548,0,0,"Control",0.4,1.29,36.35,52.92,8.3,0.12
"193","SMARC",3,0.91,33.5164835164835,6,9,"grainsize","N",2.1978021978022,20.2682991638999,44.5457124481317,19.7802197802198,1.1061648201805,1.1061648201805,0,0,"Control",0.22,1.04,36.09,44.78,17.1,0.4
"194","SMARC",3,0.91,33.5164835164835,11,4,"grain size","Y",2.1978021978022,20.2682991638999,44.5457124481317,8.79120879120879,1.06821952966645,1.06821952966645,0,0,"Control",0.51,0.63,37.02,50.78,10.43,0.19
"195","STCH01",1,0.64,28.125,5,4,"grain size","Y",3.125,20.2682991638999,63.3384348871872,12.5,0.614116848155156,0.614116848155156,0,0,"Seagrass",0,1.24,10.51,28.41,58.59,0.78
"196","STCH01",2,0.8,28.125,3,9,"grainsize","N",2.5,20.2682991638999,50.6707479097498,22.5,0.935910795800097,0.935910795800097,0,0,"Seagrass",0.68,0.74,9.71,42.88,45.39,0.27
"197","STCH01",2,0.8,28.125,8,4,"grain size","Y",2.5,20.2682991638999,50.6707479097498,10,0.670669003357283,0.670669003357283,0,0,"Seagrass",0,0.91,11.39,28.92,57.27,1.16
"198","STCH01",3,0.64,50,7,9,"grainsize","N",3.125,20.2682991638999,63.3384348871872,28.125,0.775424907285408,0.775424907285408,0,0,"Seagrass",0,0.05,8.45,34.58,55.71,0.91
"199","STCH01",3,0.64,50,12,4,"grain size","Y",3.125,20.2682991638999,63.3384348871872,12.5,0.675657680462468,0.675657680462468,0,0,"Seagrass",0.07,1.02,11.74,28.52,57.32,0.95
"200","STCH01",3,0.64,50,2,14,"grainsize","N",3.125,20.2682991638999,63.3384348871872,43.75,0.738185275390476,0.738185275390476,0,0,"Seagrass",0,0.32,12.72,35.76,50.08,0.65
"201","STCH02",1,0.54,50,10,4,"grain size","Y",3.7037037037037,20.2682991638999,75.0677746811108,14.8148148148148,0.45163320937674,0.450021332635834,0.00356899516563382,0.00161187674090527,"Seagrass",3.24,7.47,25.36,24,38.19,0.73
"202","STCH02",1,0.54,50,5,9,"grainsize","N",3.7037037037037,20.2682991638999,75.0677746811108,33.3333333333333,0.444037406751416,0.444037406751416,0,0,"Seagrass",2.07,1.61,15.52,30.94,47.91,0.89
"203","STCH02",2,0.4,50,2,9,"grainsize ","N",5,20.2682991638999,101.3414958195,45,0.233675256206781,0.233675256206781,0,0,"Seagrass",0.26,2.48,22.76,31.3,41.79,0.39
"204","STCH02",2,0.4,50,7,4,"grainsize ","Y",5,20.2682991638999,101.3414958195,20,0.291686043914819,0.288493866836871,0.0105074780361233,0.00306488469987865,"Seagrass",2.53,3.59,14.25,26.7,50.85,0.34
"205","STCH02",3,0.57,50,6,9,"grainsize","N",3.50877192982456,20.2682991638999,71.1168391715786,31.5789473684211,0.344968931209256,0.344968931209256,0,0,"Seagrass",0.63,3.59,27.85,26.33,38.92,1.93
"206","STCH02",3,0.57,50,11,4,"grainsize","Y",3.50877192982456,20.2682991638999,71.1168391715786,14.0350877192982,0.423650718324398,0.418636434729206,0.0124034558411083,0.00525473297679049,"Seagrass",2.67,1.92,11.08,22.38,59.01,1.38
"207","STCH04",1,0.92,50.2173913043478,8,14,"grainsize","N",2.17391304347826,20.2682991638999,44.0615199215215,30.4347826086956,1.29983940867245,1.29983940867245,0,0,"Seagrass",0,0.29,7.1,24.03,66.34,2.06
"208","STCH04",1,0.92,50.2173913043478,3,19,"grainsize","N",2.17391304347826,20.2682991638999,44.0615199215215,41.304347826087,1.26680604980076,1.26680604980076,0,0,"Seagrass",0.19,0.5,10.04,24.87,61.47,2.45
"209","STCH04",1,0.92,50.2173913043478,13,9,"grainsize","N",2.17391304347826,20.2682991638999,44.0615199215215,19.5652173913043,1.30884499905396,1.30884499905396,0,0,"Seagrass",0.47,0.93,11.2,22.79,60.97,3.04
"210","STCH04",1,0.92,50.2173913043478,18,4,"grain size","Y",2.17391304347826,20.2682991638999,44.0615199215215,8.69565217391304,1.08795611420988,1.08795611420988,0,0,"Seagrass",0.13,0.11,6.86,20.18,70.62,1.28
"211","STCH04",2,0.86,50,11,9,"grainsize ","N",2.32558139534884,20.2682991638999,47.13557945093,20.9302325581395,1.19413828482996,1.19413828482996,0,0,"Seagrass",0.17,0.79,12.73,32.5,52.67,0.81
"212","STCH04",2,0.86,50,6,14,"grainsize ","N",2.32558139534884,20.2682991638999,47.13557945093,32.5581395348837,0.935170427805789,0.935170427805789,0,0,"Seagrass",0,0.38,9.29,29.65,59.29,0.99
"213","STCH04",2,0.86,50,16,4,"grainsize ","Y",2.32558139534884,20.2682991638999,47.13557945093,9.30232558139535,1.05084101175768,1.0498884404618,0.000159492853105063,0.000167601631125044,"Seagrass",0.66,0.72,11.8,32.09,53.81,0.5
"214","STCH04",3,0.88,50,5,14,"grainsize","N",2.27272727272727,20.2682991638999,46.0643162815907,31.8181818181818,1.32821248503913,1.32821248503913,0,0,"Seagrass",0,0.52,8.13,32.23,58.11,0.65
"215","STCH04",3,0.88,50,10,9,"grainsize","N",2.27272727272727,20.2682991638999,46.0643162815907,20.4545454545455,1.12827030107838,1.12827030107838,0,0,"Seagrass",0,1.08,8.92,26.8,62.18,0.65
"216","STCH04",3,0.88,50,15,4,"grain size","Y",2.27272727272727,20.2682991638999,46.0643162815907,9.09090909090909,1.31606642394099,1.31606642394099,0,0,"Seagrass",0,0.47,6.5,24.22,67.99,0.44
"217","STCH05",1,0.76,50,6,14,"grainsize","N",2.63157894736842,20.2682991638999,53.337629378684,36.8421052631579,0.767216325072633,0.767216325072633,0,0,"Seagrass",0,0.09,6.34,26.02,66.16,1.35
"218","STCH05",1,0.76,50,11,9,"grainsize","N",2.63157894736842,20.2682991638999,53.337629378684,23.6842105263158,0.734937050195672,0.734937050195672,0,0,"Seagrass",0,0.39,6.43,21.4,70.32,1.28
"219","STCH05",1,0.76,50,16,4,"grainsize","Y",2.63157894736842,20.2682991638999,53.337629378684,10.5263157894737,0.581675645532139,0.58153690670767,0.000238515787166561,0.000138738824469716,"Seagrass",0.41,0.27,5.38,22.28,69.95,1.43
"220","STCH05",2,0.5,50,9,4,"grainsize","Y",4,20.2682991638999,81.0731966555996,16,0.585758326537134,0.585758326537134,0,0,"Seagrass",0,0.03,4.83,24.48,69.74,0.81
"221","STCH05",2,0.5,50,4,9,"grainsize","N",4,20.2682991638999,81.0731966555996,36,0.340520679322359,0.340520679322359,0,0,"Seagrass",0.3,0.77,9.27,20.67,68.18,0.42
"222","STCH05",3,0.94,50,15,9,"grainsize ","N",2.12765957446809,20.2682991638999,43.1240407742551,19.1489361702128,1.13546177771987,1.13546177771987,0,0,"Seagrass",0.19,0.31,6,39.12,53.78,0.36
"223","STCH05",3,0.94,50,20,4,"grainsize ","Y",2.12765957446809,20.2682991638999,43.1240407742551,8.51063829787234,0.80883190382343,0.80861160906836,0.000272361604467877,0.000220294755070157,"Seagrass",0,0.46,4.77,32.1,61.88,0.52
"224","STCH05",3,0.94,50,5,19,"grainsize ","N",2.12765957446809,20.2682991638999,43.1240407742551,40.4255319148936,0.965150743129055,0.965150743129055,0,0,"Seagrass",0,0.16,5.54,46.54,47.12,0.34
"225","STCH05",3,0.94,50,10,14,"grainsize ","N",2.12765957446809,20.2682991638999,43.1240407742551,29.7872340425532,1.283265645019,1.283265645019,0,0,"Seagrass",0,0.7,9.2,35.29,53.83,0.63
"226","STCH06",3,0.56,39.6428571428571,3,9,"grainsize ","N",3.57142857142857,20.2682991638999,72.3867827282139,32.1428571428571,0.553366215354497,0.553366215354497,0,0,"Seagrass",0.4,0.94,10.27,28.48,58.1,1.18
"227","STCH06",3,0.56,39.6428571428571,8,4,"grainsize ","Y",3.57142857142857,20.2682991638999,72.3867827282139,14.2857142857143,0.410970053907437,0.410453384999241,0.00105550475985586,0.000433780848057519,"Seagrass",0,1.11,9.32,22.74,64.3,1.87
"228","STCH06",2,0.91,50,13,9,"grainsize","N",2.1978021978022,20.2682991638999,44.5457124481317,19.7802197802198,1.05300369939346,1.05300369939346,0,0,"Seagrass",6.34,2.57,13.56,37.15,39.32,0.62
"229","STCH06",2,0.91,50,8,14,"grainsize","N",2.1978021978022,20.2682991638999,44.5457124481317,30.7692307692308,1.0421676396815,1.0421676396815,0,0,"Seagrass",0,0.29,10.38,29.8,57.57,1.45
"230","STCH06",2,0.91,50,18,4,"grainsize","Y",2.1978021978022,20.2682991638999,44.5457124481317,8.79120879120879,0.72178888231809,0.720855010173865,0.00111655045004137,0.000805913701387118,"Seagrass",0,1.96,10.58,25.04,60.07,1.74
"231","STCH06",2,0.91,50,3,19,"grainsize","N",2.1978021978022,20.2682991638999,44.5457124481317,41.7582417582418,1.02426243722394,1.02426243722394,0,0,"Seagrass",0,0.12,13.08,32.42,50.44,2.89
"232","STCH06",1,0.88,49.7727272727273,13,9,"grainsize","N",2.27272727272727,20.2682991638999,46.0643162815907,20.4545454545455,0.996717279365088,0.996717279365088,0,0,"Seagrass",0.18,0.45,33.62,2.79,59.55,2.47
"233","STCH06",1,0.88,49.7727272727273,8,14,"grainsize","N",2.27272727272727,20.2682991638999,46.0643162815907,31.8181818181818,1.06324165761196,1.06324165761196,0,0,"Seagrass",0,0.36,37.71,2.4,55.27,3.28
"234","STCH06",1,0.88,49.7727272727273,18,4,"grainsize","Y",2.27272727272727,20.2682991638999,46.0643162815907,9.09090909090909,0.718981690676606,0.717188545642279,0.00249400653393479,0.00179314503432694,"Seagrass",0.42,0.78,23.77,2.59,68.93,2.29
"235","STCH06",1,0.88,49.7727272727273,3,19,"grainsize","N",2.27272727272727,20.2682991638999,46.0643162815907,43.1818181818182,0.869809936070029,0.869809936070029,0,0,"Seagrass",1.33,1.98,47.35,1.84,40,5.21
"236","STCH12",1,0.74,25,6,4,"grain size","Y",2.7027027027027,20.2682991638999,54.7791869294592,10.8108108108108,0.509138626608588,0.507366055574903,0.00406594431018781,0.00207012930195602,"Seagrass",1.19,2.92,19.97,51.33,23.1,0.37
"237","STCH12",2,0.89,22.247191011236,7,4,"grain size","Y",2.24719101123596,20.2682991638999,45.5467396941571,8.98876404494382,0.747517829566354,0.747285101602263,0.000311334331952889,0.000232727964090914,"Seagrass",0.41,1.98,14.42,26.47,54.71,1.85
"238","STCH12",2,0.89,22.247191011236,2,9,"grainsize","N",2.24719101123596,20.2682991638999,45.5467396941571,20.2247191011236,0.762469503485779,0.762469503485779,0,0,"Seagrass",0.24,0.49,10.72,24.99,62.24,1.03
"239","STCH20",3,0.9,30.5555555555556,9,4,"grain size","Y",2.22222222222222,20.2682991638999,45.0406648086665,8.88888888888889,0.757419992465028,0.757300100806613,0.000158289535009834,0.000119891658414442,"Seagrass",0.68,0.85,10.65,25.2,60.6,1.44
"240","STCH20",3,0.9,30.5555555555556,4,9,"grain size","N",2.22222222222222,20.2682991638999,45.0406648086665,20,0.612337764488174,0.612337764488174,0,0,"Seagrass",0.09,1.14,13,27.2,55.79,1.8
"241","STCH20",2,0.86,29.0697674418605,4,9,"grainsize ","N",2.32558139534884,20.2682991638999,47.13557945093,20.9302325581395,0.724966159280466,0.724966159280466,0,0,"Seagrass",0,0.48,6.2,19.72,70.71,2.44
"242","STCH20",2,0.86,29.0697674418605,9,4,"grainsize ","Y",2.32558139534884,20.2682991638999,47.13557945093,9.30232558139535,0.699859859245861,0.696533285098974,0.00515637362337556,0.00360873891827469,"Seagrass",0.52,2.8,13.92,20.63,59,2.13
"243","STCH20",1,0.91,33.5164835164835,6,9,"grainsize","N",2.1978021978022,20.2682991638999,44.5457124481317,19.7802197802198,0.760344781541833,0.760344781541833,0,0,"Seagrass",0,0.21,8.09,24.31,65.34,1.62
"244","STCH20",1,0.91,33.5164835164835,11,4,"grainsize","Y",2.1978021978022,20.2682991638999,44.5457124481317,8.79120879120879,0.867951097314229,0.865225806970263,0.000641431841400804,0.000556731470596115,"Seagrass",0.23,1.95,10.42,20.46,64.52,1.77
"245","STCH21",1,0.84,43.8095238095238,4,14,"grainsize","N",2.38095238095238,20.2682991638999,48.2578551521426,33.3333333333333,1.07113339034723,1.07113339034723,0,0,"Seagrass",0,0.16,10.1,61.89,27.63,0.03
"246","STCH21",1,0.84,43.8095238095238,9,9,"grainsize","N",2.38095238095238,20.2682991638999,48.2578551521426,21.4285714285714,0.84677613356767,0.84677613356767,0,0,"Seagrass",0.08,0.7,16.77,42.37,39.16,0.22
"247","STCH21",1,0.84,43.8095238095238,14,4,"grain size","Y",2.38095238095238,20.2682991638999,48.2578551521426,9.52380952380952,0.387634302043145,0.384063898852684,0.0084730359663003,0.00328443938298328,"Seagrass",4.74,5.32,25.28,44.42,18.77,0.15
"248","STCH21",2,0.71,42.2535211267606,2,14,"grainsize","N",2.8169014084507,20.2682991638999,57.0938004616899,39.4366197183099,0.833500303276036,0.833500303276036,0,0,"Seagrass",0,0.37,15.1,46.9,37.35,0.12
"249","STCH21",2,0.71,42.2535211267606,7,9,"grainsize","N",2.8169014084507,20.2682991638999,57.0938004616899,25.3521126760563,0.609714184701336,0.609714184701336,0,0,"Seagrass",0,0.64,15.4,44.78,38.66,0.34
"250","STCH21",2,0.71,42.2535211267606,12,4,"grain size","Y",2.8169014084507,20.2682991638999,57.0938004616899,11.2676056338028,0.296384193435407,0.291071882859699,0.0159853915386752,0.00473781737793942,"Seagrass",4.03,4.12,24.12,38.13,26.55,0.47
"251","STCH21",3,0.68,42.2058823529412,5,9,"grainsize","N",2.94117647058824,20.2682991638999,59.6126445997056,26.4705882352941,0.610058490848762,0.610058490848762,0,0,"Seagrass",0.25,0.1,10.2,32.78,55.06,1.12
"252","STCH21",3,0.68,42.2058823529412,10,4,"grain size","Y",2.94117647058824,20.2682991638999,59.6126445997056,11.7647058823529,0.456106253674481,0.453672206318013,0.00480328948094315,0.00219081037046702,"Seagrass",3.02,3.32,20.81,31.36,39.45,0.99
"253","STCHA",1,1,19,6,4,"grain size","Y",2,20.2682991638999,40.5365983277998,8,1.3704109938081,1.3704109938081,0,0,"Control",3.11,4.8,22.64,36.05,32.66,0.26
"254","STCHA",2,1,13,3,4,"grain size","Y",2,20.2682991638999,40.5365983277998,8,1.28281854287556,1.28225855508831,0.000436529227266346,0.000559987787244408,"Control",0.49,3.69,29.45,34.06,31.71,0.35
"255","STCHA",3,0.64,16.40625,2,4,"grain size","Y",3.125,20.2682991638999,63.3384348871872,12.5,0.792820348173116,0.792820348173116,0,0,"Control",2.08,6.62,38.35,37.78,14.78,0.11
"256","STCHB",1,0.47,24.468085106383,2,4,"grain size","Y",4.25531914893617,20.2682991638999,86.2480815485102,17.0212765957447,0.528552046393749,0.528552046393749,0,0,"Control",0.96,1.85,16.66,45.23,34.89,0.28
"257","STCHB",2,0.4,35,3,4,"grain size","Y",5,20.2682991638999,101.3414958195,20,0.346788842179669,0.346788842179669,0,0,"Control",0.16,1.15,12.74,32.37,51.81,0.96
"258","STCHB",3,0.88,50,19,4,"grain size","Y",2.27272727272727,20.2682991638999,46.0643162815907,9.09090909090909,0.99789606599177,0.99789606599177,0,0,"Control",0.19,0.86,10.96,29.56,56.93,1.08
"259","STCHB",3,0.88,50,14,9,"grainsize","N",2.27272727272727,20.2682991638999,46.0643162815907,20.4545454545455,0.866442904655693,0.866442904655693,0,0,"Control",0.47,0.55,13.72,33.32,50.58,0.87
"260","STCHB",3,0.88,50,4,19,"grainsize","N",2.27272727272727,20.2682991638999,46.0643162815907,43.1818181818182,0.956640704935657,0.956640704935657,0,0,"Control",0,0.63,12.73,31.06,51.83,3.05
"261","STCHB",3,0.88,50,9,14,"grainsize","N",2.27272727272727,20.2682991638999,46.0643162815907,31.8181818181818,1.05639905089501,1.05639905089501,0,0,"Control",0.17,0.35,9.9,32.78,54.64,1.29
"262","STCHC",1,0.83,23.1325301204819,3,9,"grainsize","N",2.40963855421687,20.2682991638999,48.8392750937347,21.6867469879518,0.686838613710367,0.686838613710367,0,0,"Control",0.65,0.41,10.12,20.66,64.94,2.8
"263","STCHC",1,0.83,23.1325301204819,8,4,"grainsize","Y",2.40963855421687,20.2682991638999,48.8392750937347,9.63855421686747,0.894917050183796,0.894917050183796,0,0,"Control",3.5,8.63,22.2,22.97,41.13,0.97
"264","STCHC",2,0.74,30.9459459459459,6,4,"grain size","Y",2.7027027027027,20.2682991638999,54.7791869294592,10.8108108108108,0.498377240157944,0.498181910497177,0.000391931342419791,0.000195329660766574,"Control",0,0.84,30.61,2.73,59.59,5.29
"265","STCHC",3,0.75,30,3,9,"grainsize","N",2.66666666666667,20.2682991638999,54.0487977703998,24,0.658776910288649,0.658776910288649,0,0,"Control",0,0.26,7.46,23.52,66.7,1.31
"266","STCHC",3,0.75,30,8,4,"grain size","Y",2.66666666666667,20.2682991638999,54.0487977703998,10.6666666666667,0.655241216473372,0.655241216473372,0,0,"Control",0.38,2.73,12.34,22.04,59.34,2.2
