"","Site","Quadrat","Insertion_Depth_cm","Compaction_Ratio","Core_Length_Corrected_cm","Bagged_Slice_Number","Slice_Number","Analysis","Rhizome_Removed","Slice_Height_cm","Slice_Height_Corrected_cm","Slice_Volume","OLOI","ILOI","Organic_Density_g_per_ml","Inorganic_Density_g_per_ml","Percent_Carbon","Shell_Density_g_per_ml","Rhizome_Density_g_per_ml","Factor","Sediment_Depth_cm","Sediment_Depth_Group"
"1","STCH20",1,33.5,0.910447761,33.5000000071393,NA,NA,NA,NA,NA,NA,NA,NA,NA,NA,NA,NA,NA,NA,"Seagrass",NA,NA
"2","SMAR01",10,41,0.682926829,41.0000000161071,1,14,"LOI alysis ","N",2,2.92857142972194,59.3571618604543,0.888,2.712,0.00714909518412665,0.0214472855523799,0.0649032,0,0,"Seagrass",41.0000000161071,"40-50cm"
"3","SMAR01",10,41,0.682926829,41.0000000161071,5,10,"LOI alysis ","N",2,2.92857142972194,59.3571618604543,2.527,0.988,0.0147526426896668,0.00590105707586672,0.8580153,0,0,"Seagrass",29.2857142972194,"20-30cm"
"4","SMAR01",10,41,0.682926829,41.0000000161071,8,7,"LOI alysis ","N",2,2.92857142972194,59.3571618604543,3.362,1.154,0.0207309103304654,0.00731679188134073,1.2620718,0,0,"Seagrass",20.5000000080536,"20-30cm"
"5","SMAR01",10,41,0.682926829,41.0000000161071,9,6,"LOI alysis ","Y",2,2.92857142972194,59.3571618604543,3.184,0.973,0.0195685906063149,0.00611518456447341,1.1759376,0.00393886757169509,0,"Seagrass",17.5714285783316,"10-20cm"
"6","SMAR01",10,41,0.682926829,41.0000000161071,10,5,"LOI alysis ","Y",2,2.92857142972194,59.3571618604543,1.41,0.598,0.00998137345907571,0.00427773148246102,0.317499,0.00185487305236796,0.000382430683821551,"Seagrass",14.6428571486097,"10-20cm"
"7","SMAR01",10,41,0.682926829,41.0000000161071,12,3,"LOI alysis ","Y",2,2.92857142972194,59.3571618604543,2.613,1.201,0.014635335868017,0.00675477040062325,0.8996307,0.0149164813857093,0.000227436750290349,"Seagrass",8.78571428916582,"0-10cm"
"8","SMAR01",10,41,0.682926829,41.0000000161071,13,2,"LOI alysis ","Y",2,2.92857142972194,59.3571618604543,2.199,0.697,0.013510484242581,0.00429879044082124,0.6992961,0.00533212825680708,0.00392202040500691,"Seagrass",5.85714285944388,"0-10cm"
"9","SMAR01",10,41,0.682926829,41.0000000161071,14,1,"LOI alysis ","Y",2,2.92857142972194,59.3571618604543,3.116,1.484,0.0209724818536071,0.0101479750904551,1.1430324,0.00473742327271454,0.000414440300529081,"Seagrass",2.92857142972194,"0-10cm"
"10","SMAR01",9,50,0.92,50,NA,NA,NA,NA,NA,NA,NA,NA,NA,NA,NA,NA,NA,NA,"Seagrass",NA,NA
"11","SMAR01",8,50,0.72,50,1,18,"LOI alysis ","N",2,2.77777777777778,56.3008310108331,12.007,6.046,0.0779945858908384,0.0389972929454192,5.4453873,0,0,"Seagrass",50,"40-50cm"
"12","SMAR01",8,50,0.72,50,4,15,"LOI alysis ","N",2,2.77777777777778,56.3008310108331,3.258,1.861,0.0205464462820703,0.0118297721017981,1.2117462,0,0,"Seagrass",41.6666666666667,"40-50cm"
"13","SMAR01",8,50,0.72,50,9,10,"LOI alysis ","N",2,2.77777777777778,56.3008310108331,2.446,1.195,0.0158973141946659,0.00794865709733293,0.8188194,0,0,"Seagrass",27.7777777777778,"20-30cm"
"14","SMAR01",8,50,0.72,50,12,7,"LOI alysis ","N",2,2.77777777777778,56.3008310108331,2.427,2.783,0.0174067768166944,0.0203079062861435,0.8096253,0.017054810431044,0,"Seagrass",19.4444444444444,"10-20cm"
"15","SMAR01",8,50,0.72,50,13,6,"LOI alysis ","Y",2,2.77777777777778,56.3008310108331,2.367,1.126,0.0169689857653464,0.0077774518091171,0.7805913,0,0,"Seagrass",16.6666666666667,"10-20cm"
"16","SMAR01",8,50,0.72,50,14,5,"LOI alysis ","Y",2,2.77777777777778,56.3008310108331,4.573,2.491,0.0296797750583553,0.0161303125317148,1.8480747,0,0.000566599096803065,"Seagrass",13.8888888888889,"10-20cm"
"17","SMAR01",8,50,0.72,50,16,3,"LOI alysis ","Y",2,2.77777777777778,56.3008310108331,6.593,3.937,0.0321589924605486,0.0190030409994151,2.8255527,0,0.0010728083212196,"Seagrass",8.33333333333333,"0-10cm"
"18","SMAR01",8,50,0.72,50,17,2,"LOI alysis ","Y",2,2.77777777777778,56.3008310108331,7.423,2.27,0.0419204469565622,0.0130293281081207,3.2271897,0,0.000456476388333504,"Seagrass",5.55555555555556,"0-10cm"
"19","SMAR01",8,50,0.72,50,18,1,"LOI alysis ","Y",2,2.77777777777778,56.3008310108331,6.985,2.257,0.0249086909521844,0.00818428417000344,3.0152415,0,0,"Seagrass",2.77777777777778,"0-10cm"
"20","STCH06",1,50,0.876,50,NA,NA,NA,NA,NA,NA,NA,NA,NA,NA,NA,NA,NA,NA,"Seagrass",NA,NA
"21","STCH06",2,50,0.91,50,NA,NA,NA,NA,NA,NA,NA,NA,NA,NA,NA,NA,NA,NA,"Seagrass",NA,NA
"22","STCH06",3,40,0.555,40,1,11,"LOI alysis ","N",2,3.6036036036036,73.0389159059456,3.499,4.471,0.0239962488251736,0.0308523199180803,1.3283661,0,0,"Seagrass",39.6396396396396,"30-40cm"
"23","STCH06",3,40,0.555,40,2,10,"LOI alysis ","N",2,3.6036036036036,73.0389159059456,2.669,4.776,0.0153877147005753,0.0273559372454671,0.9267291,0,0,"Seagrass",36.036036036036,"30-40cm"
"24","STCH06",3,40,0.555,40,5,7,"LOI alysis ","N",2,3.6036036036036,73.0389159059456,4.515,9.247,0.0218472574545716,0.0446655041293464,1.8200085,0.00676214855976244,0,"Seagrass",25.2252252252252,"20-30cm"
"25","STCH06",3,40,0.555,40,6,6,"LOI alysis ","N",2,3.6036036036036,73.0389159059456,4.878,10.233,0.0219933028862116,0.0457819774366037,1.9956642,0.0042210374589487,0,"Seagrass",21.6216216216216,"20-30cm"
"26","STCH06",3,40,0.555,40,7,5,"LOI alysis ","N",2,3.6036036036036,73.0389159059456,5.17,10.544,0.0233433913805012,0.0471356941337043,2.136963,0.0068634644118423,0,"Seagrass",18.018018018018,"10-20cm"
"27","STCH06",3,40,0.555,40,9,3,"LOI alysis ","N",2,3.6036036036036,73.0389159059456,5.962,11.457,0.0211325699574678,0.0405040924184799,2.5202118,0.00615425344728329,0.000680459168698508,"Seagrass",10.8108108108108,"10-20cm"
"28","STCH06",3,40,0.555,40,10,2,"LOI alysis ","N",2,3.6036036036036,73.0389159059456,5.775,11.857,0.0190273634645619,0.0390389009014288,2.4297225,0.015588949888936,0.00202768617473338,"Seagrass",7.20720720720721,"0-10cm"
"29","STCH06",3,40,0.555,40,11,1,"LOI alysis ","N",2.7,4.86486486486486,98.6025364730266,2.787,12.372,0.00964413324458581,0.0427097329403086,0.9838293,0.00961638547969186,0.000554752463340165,"Seagrass",4.86486486486486,"0-10cm"
"30","SMAR12",3,50,0.878,50,1,20,"LOI alysis ","N",2,2.27790432801822,46.1692463870157,2.419,0.665,0.0269410505333656,0.00785780640556498,0.8057541,0,0,"Seagrass",45.5580865603645,"40-50cm"
"31","SMAR12",3,50,0.878,50,6,15,"LOI alysis ","N",2,2.27790432801822,46.1692463870157,2.605,0.775,0.029704231871233,0.00913976365268707,0.8957595,0,0,"Seagrass",34.1685649202733,"30-40cm"
"32","SMAR12",3,50,0.878,50,11,10,"LOI alysis ","N",2,2.27790432801822,46.1692463870157,3.851,1.185,0.036709760990958,0.0112953110741409,1.4986989,0,0,"Seagrass",22.7790432801822,"20-30cm"
"33","SMAR12",3,50,0.878,50,14,7,"LOI alysis ","N",2,2.27790432801822,46.1692463870157,3.498,1.229,0.0351393000093729,0.0120477600032136,1.3278822,0,0,"Seagrass",15.9453302961276,"10-20cm"
"34","SMAR12",3,50,0.878,50,15,6,"LOI alysis ","N",2,2.27790432801822,46.1692463870157,2.896,1.307,0.0273296641973098,0.0122512287781044,1.0365744,0,0.00123242210893011,"Seagrass",13.6674259681093,"10-20cm"
"35","SMAR12",3,50,0.878,50,16,5,"LOI alysis ","N",2,2.27790432801822,46.1692463870157,4.101,1.456,0.038548799022644,0.0141032191546258,1.6196739,0.00173275516194041,0.00417160805237153,"Seagrass",11.3895216400911,"10-20cm"
"36","SMAR12",3,50,0.878,50,18,3,"LOI alysis ","N",2,2.27790432801822,46.1692463870157,4.934,1.452,0.0398554696902632,0.0122006539868153,2.0227626,0.00362362423240788,0.00152049265460271,"Seagrass",6.83371298405467,"0-10cm"
"37","SMAR12",3,50,0.878,50,19,2,"LOI alysis ","N",2,2.27790432801822,46.1692463870157,3.397,1.557,0.0268256057207014,0.0126238144568006,1.2790083,0.00388353750669894,0.00512245744748633,"Seagrass",4.55580865603645,"0-10cm"
"38","SMAR12",3,50,0.878,50,20,1,"LOI alysis ","N",3.6,4.1002277904328,83.1046434966283,3.824,1.771,0.0366585773287578,0.0173645892609905,1.4856336,0.00311895929149273,0.00119728568481299,"Seagrass",4.1002277904328,"0-10cm"
"39","STCH20",2,29,0.862068966,28.99999998376,1,12,"LOI alysis ","N",2,2.3199999987008,47.0224540339152,9.413,14.842,0.0514414240961425,0.0809928804917989,4.1901507,0.0427519158942674,0,"Seagrass",27.8399999844096,"20-30cm"
"40","STCH20",2,29,0.862068966,28.99999998376,3,10,"LOI alysis ","N",2,2.3199999987008,47.0224540339152,6.295,9.781,0.0453999699475542,0.0706221754739732,2.6813505,0,0,"Seagrass",23.199999987008,"20-30cm"
"41","STCH20",2,29,0.862068966,28.99999998376,6,7,"LOI alysis ","N",2,2.3199999987008,47.0224540339152,5.619,12.714,0.0417560512384963,0.0946967590587326,2.3542341,0.0293179083976705,0,"Seagrass",16.2399999909056,"10-20cm"
"42","STCH20",2,29,0.862068966,28.99999998376,7,6,"LOI alysis ","N",2,2.3199999987008,47.0224540339152,7.359,14.257,0.051263806824318,0.0990638429172631,3.1962201,0.00690521170515278,0,"Seagrass",13.9199999922048,"10-20cm"
"43","STCH20",2,29,0.862068966,28.99999998376,8,5,"LOI alysis ","N",2,2.3199999987008,47.0224540339152,4.156,15.558,0.0292501960660746,0.108643585388277,1.6462884,0.0164687278856493,0.00242437368151345,"Seagrass",11.599999993504,"10-20cm"
"44","STCH20",2,29,0.862068966,28.99999998376,10,3,"LOI alysis ","N",2,2.3199999987008,47.0224540339152,6.631,18.122,0.0387403430430516,0.106242455921096,2.8439409,0.0433346162352628,0.00451699096450401,"Seagrass",6.9599999961024,"0-10cm"
"45","STCH20",2,29,0.862068966,28.99999998376,11,2,"LOI alysis ","N",2,2.3199999987008,47.0224540339152,4.641,18.273,0.0376873142078426,0.14992996739207,1.8809799,0.0635994029117029,0.000771971619639809,"Seagrass",4.6399999974016,"0-10cm"
"46","STCH20",2,29,0.862068966,28.99999998376,12,1,"LOI alysis ","N",2.5,2.899999998376,58.778067542394,3.002,18.047,0.0259402879977346,0.155641727986408,1.0878678,0.0785190836134798,0.00107693230905124,"Seagrass",2.899999998376,"0-10cm"
"47","SJB02",3,60,0.603333333,60.0000000331492,1,18,"LOI alysis ","N",2,3.31491712890327,67.1877320721476,4.538,0.789,0.0306022384829439,0.00544039795252336,1.8311382,0,0,"Seagrass",59.6685083202588,"below50cm"
"48","SJB02",3,60,0.603333333,60.0000000331492,4,15,"LOI alysis ","N",2,3.31491712890327,67.1877320721476,3.013,0.862,0.0206497519295661,0.00619492557886983,1.0931907,0,0,"Seagrass",49.723756933549,"40-50cm"
"49","SJB02",3,60,0.603333333,60.0000000331492,9,10,"LOI alysis ","N",2,3.31491712890327,67.1877320721476,1.435,0.714,0.00974073658710833,0.00487036829355417,0.3295965,0.00501728499539194,0,"Seagrass",33.1491712890327,"30-40cm"
"50","SJB02",3,60,0.603333333,60.0000000331492,12,7,"LOI alysis ","N",2,3.31491712890327,67.1877320721476,5.409,1.072,0.0331051507678744,0.00674364182308553,2.2526151,0.00467793733032242,0,"Seagrass",23.2044199023229,"20-30cm"
"51","SJB02",3,60,0.603333333,60.0000000331492,13,6,"LOI alysis ","N",2,3.31491712890327,67.1877320721476,5.892,1.379,0.0354714458502755,0.00841695325260774,2.4863388,0,0.00200036518356771,"Seagrass",19.8895027734196,"10-20cm"
"52","SJB02",3,60,0.603333333,60.0000000331492,14,5,"LOI alysis ","N",2,3.31491712890327,67.1877320721476,4.198,1.204,0.026741756933701,0.00764050198105744,1.6666122,0.000872183033906757,0.000294696656507744,"Seagrass",16.5745856445163,"10-20cm"
"53","SJB02",3,60,0.603333333,60.0000000331492,16,3,"LOI alysis ","N",2,3.31491712890327,67.1877320721476,3.102,0.714,0.0179030004868797,0.00404261301316638,1.1362578,0.00249896811250758,0.00412575319110841,"Seagrass",9.94475138670981,"0-10cm"
"54","SJB02",3,60,0.603333333,60.0000000331492,17,2,"LOI alysis ","N",2,3.31491712890327,67.1877320721476,2.67,0.807,0.0176926495855451,0.00524226654386523,0.927213,0.00577188704008601,0.00231441061045223,"Seagrass",6.62983425780654,"0-10cm"
"55","SJB02",3,60,0.603333333,60.0000000331492,18,1,"LOI alysis ","N",1.9,3.14917127245811,63.8283454685402,2.6,1.026,0.0205923871338296,0.00792014889762678,0.89334,0.0236525009213047,0.0123377786815443,"Seagrass",3.14917127245811,"0-10cm"
"56","SJB06",3,36,0.902777778,35.9999999911385,NA,NA,NA,NA,NA,NA,NA,NA,NA,NA,NA,NA,NA,NA,"Seagrass",NA,NA
"57","SJB07",3,42,0.630952381,41.9999999968302,NA,NA,NA,NA,NA,NA,NA,NA,NA,NA,NA,NA,NA,NA,"Seagrass",NA,NA
"58","SJB10",3,50,0.738,50,20,1,"LOI alysis ","Y",1.8,2.4390243902439,49.434876009512,1.434,1.654,0.0123886221517408,0.0150433268985424,0.3291126,0.0792294897077596,0,"Seagrass",2.4390243902439,"0-10cm"
"59","SJB10",3,50,0.738,50,19,2,"LOI alysis ","Y",2,2.710027100271,54.9276400105689,0.974,1.315,0.00775456582365532,0.0100809355707519,0.1065186,0.0257848325492864,0.000222110398292236,"Seagrass",5.42005420054201,"0-10cm"
"60","SJB10",3,50,0.738,50,18,3,"LOI alysis ","Y",2,2.710027100271,54.9276400105689,1.023,1.67,0.00827033529772246,0.0140595700061282,0.1302297,0.0230903785372166,0.000476991183217753,"Seagrass",8.13008130081301,"0-10cm"
"61","SJB10",3,50,0.738,50,16,5,"LOI alysis ","Y",2,2.710027100271,54.9276400105689,1.63,1.151,0.0125628554197345,0.00942214156480087,0.423957,0.0161102861843278,0.000618996191961969,"Seagrass",13.550135501355,"10-20cm"
"62","SJB10",3,50,0.738,50,15,6,"LOI alysis ","Y",2,2.710027100271,54.9276400105689,1.851,1.247,0.0146139903306522,0.00922988862988562,0.5308989,0.0165636098660882,0.000276727709347704,"Seagrass",16.260162601626,"10-20cm"
"63","SJB10",3,50,0.738,50,14,7,"LOI alysis ","N",2,2.710027100271,54.9276400105689,2.506,1.229,0.0180100583205405,0.00864482799385945,0.8478534,0.00458421297458893,0,"Seagrass",18.970189701897,"10-20cm"
"64","SJB10",3,50,0.738,50,11,10,"LOI alysis ","N",2,2.710027100271,54.9276400105689,2.418,1.773,0.0175325937872936,0.0131494453404702,0.8052702,0.0910925719553444,0,"Seagrass",27.10027100271,"20-30cm"
"65","SJB10",3,50,0.738,50,6,15,"LOI alysis ","N",2,2.710027100271,54.9276400105689,2.515,1.831,0.021163752889735,0.0152379020806092,0.8522085,0.0179672747602137,0,"Seagrass",40.650406504065,"40-50cm"
"66","SJB10",3,50,0.738,50,1,20,"LOI alysis ","N",2,2.710027100271,54.9276400105689,1.788,2.691,0.0129918197807641,0.0194877296711462,0.5004132,0.0174666160755386,0,"Seagrass",54.2005420054201,"below50cm"
"67","SJB13",3,45,0.793333333,45.0000000189076,NA,NA,NA,NA,NA,NA,NA,NA,NA,NA,NA,NA,NA,NA,"Seagrass",NA,NA
"68","SJB14",3,48,0.677083333,48.0000000236308,NA,NA,NA,NA,NA,NA,NA,NA,NA,NA,NA,NA,NA,NA,"Seagrass",NA,NA
"69","SJB16",3,40.3,0.719602978,40.2999999813786,NA,NA,NA,NA,NA,NA,NA,NA,NA,NA,NA,NA,NA,NA,"Seagrass",NA,NA
"70","SJB17",3,50,0.696,50,NA,NA,NA,NA,NA,NA,NA,NA,NA,NA,NA,NA,NA,NA,"Seagrass",NA,NA
"71","SJB24",3,33.5,0.940298507,33.5000000164841,NA,NA,NA,NA,NA,NA,NA,NA,NA,NA,NA,NA,NA,NA,"Seagrass",NA,NA
"72","SJBA",3,36,0.85,36,NA,NA,NA,NA,NA,NA,NA,NA,NA,NA,NA,NA,NA,NA,"Control",NA,NA
"73","SJBB",3,37,0.918918919,36.9999999967353,16,1,"LOI alysis ","Y",3.1,3.37352941146704,68.3757033498292,0.394,0.581,0.0047669564484387,0.00715043467265805,0.001,0,0,"Control",3.37352941146704,"0-10cm"
"74","SJBB",3,37,0.918918919,36.9999999967353,15,2,"LOI alysis ","Y",2,2.17647058804325,44.1133569998898,0.407,1.406,0.00474395997567183,0.0166038599148514,0.001,0.00487834104306633,0,"Control",4.3529411760865,"0-10cm"
"75","SJBB",3,37,0.918918919,36.9999999967353,14,3,"LOI alysis ","Y",2,2.17647058804325,44.1133569998898,0.963,0.751,0.012242777170673,0.00979422173653842,0.1011957,0.0121142446720012,0,"Control",6.52941176412976,"0-10cm"
"76","SJBB",3,37,0.918918919,36.9999999967353,12,5,"LOI alysis ","Y",2,2.17647058804325,44.1133569998898,1.194,0.76,0.0158099053763182,0.0105399369175454,0.2129766,0.00454057486489864,0,"Control",10.8823529402163,"10-20cm"
"77","SJBB",3,37,0.918918919,36.9999999967353,11,6,"LOI alysis ","Y",2,2.17647058804325,44.1133569998898,1.506,0.724,0.0188072288400557,0.00877670679202599,0.3639534,0.01692004532781,0,"Control",13.0588235282595,"10-20cm"
"78","SJBB",3,37,0.918918919,36.9999999967353,10,7,"LOI alysis ","N",2,2.17647058804325,44.1133569998898,1.006,0.731,0.0121679698963137,0.00851757892741962,0.1220034,0.0118059480261568,0,"Control",15.2352941163028,"10-20cm"
"79","SJBB",3,37,0.918918919,36.9999999967353,7,10,"LOI alysis ","N",2,2.17647058804325,44.1133569998898,0.366,1.499,0.00488196806242921,0.0183073802341095,0.001,0.00570122106101851,0,"Control",21.7647058804325,"20-30cm"
"80","SJBB",3,37,0.918918919,36.9999999967353,2,15,"LOI alysis ","N",2,2.17647058804325,44.1133569998898,0.495,2.996,0.00580867150964367,0.034852029057862,0.001,0.00961160131161769,0,"Control",32.6470588206488,"30-40cm"
"81","SJBB",3,37,0.918918919,36.9999999967353,1,16,"LOI alysis ","N",2,2.17647058804325,44.1133569998898,0.485,1.812,0.00609112564252753,0.0219280523130991,0.001,0,0,"Control",34.823529408692,"30-40cm"
"82","SJBC",3,40.1,0.935162095,40.0999999898413,NA,NA,NA,NA,NA,NA,NA,NA,NA,NA,NA,NA,NA,NA,"Control",NA,NA
"83","SMAR03",3,50,0.822,50,NA,NA,NA,NA,NA,NA,NA,NA,NA,NA,NA,NA,NA,NA,"Seagrass",NA,NA
"84","SMAR04",3,50,0.854,50,NA,NA,NA,NA,NA,NA,NA,NA,NA,NA,NA,NA,NA,NA,"Seagrass",NA,NA
"85","SMAR14",3,50,0.53,50,1,12,"LOI alysis ","N",2,3.77358490566038,76.4841477883015,2.545,0.688,0.015495694654014,0.00433879450312392,0.8667255,0.000308560671491324,0,"Seagrass",45.2830188679245,"40-50cm"
"86","SMAR14",3,50,0.53,50,3,10,"LOI alysis ","N",2,3.77358490566038,76.4841477883015,1.858,0.596,0.0123952874865529,0.00391430131154303,0.5342862,0,0,"Seagrass",37.7358490566038,"30-40cm"
"87","SMAR14",3,50,0.53,50,6,7,"LOI alysis ","N",2,3.77358490566038,76.4841477883015,1.882,0.644,0.0116947501654298,0.00369307899960942,0.5458998,0,0,"Seagrass",26.4150943396226,"20-30cm"
"88","SMAR14",3,50,0.53,50,7,6,"LOI alysis ","Y",2,3.77358490566038,76.4841477883015,2.371,0.752,0.0139272781459026,0.00464242604863422,0.7825269,0,0,"Seagrass",22.6415094339623,"20-30cm"
"89","SMAR14",3,50,0.53,50,8,5,"LOI alysis ","Y",2,3.77358490566038,76.4841477883015,1.935,0.628,0.0119811755311231,0.0037835291150915,0.5715465,0,0.000261492094484173,"Seagrass",18.8679245283019,"10-20cm"
"90","SMAR14",3,50,0.53,50,10,3,"LOI alysis ","Y",2,3.77358490566038,76.4841477883015,4.192,1.285,0.0187067783504655,0.0057901932989536,1.6637088,0,0.00243841378106491,"Seagrass",11.3207547169811,"10-20cm"
"91","SMAR14",3,50,0.53,50,11,2,"LOI alysis ","Y",2,3.77358490566038,76.4841477883015,4.302,1.499,0.0199971764637212,0.00697575923153066,1.7169378,0,0.000843312004711458,"Seagrass",7.54716981132075,"0-10cm"
"92","SMAR14",3,50,0.53,50,12,1,"LOI alysis ","Y",3.2,6.0377358490566,122.374636461282,2.287,0.932,0.0114835887618315,0.00449357821115146,0.7418793,0,0.00217855601217127,"Seagrass",6.0377358490566,"0-10cm"
"93","SMAR23",3,33,0.987878788,32.9999999959509,1,16,"LOI alysis ","N",2,2.0245398770522,41.0339798973392,1.537,5.366,0.0167480707871713,0.0602930548338166,0.3789543,0.00138909265303062,0.000277818530606124,"Seagrass",32.3926380328353,"30-40cm"
"94","SMAR23",3,33,0.987878788,32.9999999959509,2,15,"LOI alysis ","N",2,2.0245398770522,41.0339798973392,5.113,5.204,0.0460968934705418,0.047000754126827,2.1093807,0,0,"Seagrass",30.3680981557831,"30-40cm"
"95","SMAR23",3,33,0.987878788,32.9999999959509,7,10,"LOI alysis ","N",2,2.0245398770522,41.0339798973392,4.16,4.39,0.0462610257340183,0.0484639317213525,1.648224,0,0,"Seagrass",20.245398770522,"20-30cm"
"96","SMAR23",3,33,0.987878788,32.9999999959509,10,7,"LOI alysis ","N",2,2.0245398770522,41.0339798973392,6.026,3.925,0.0592733146062128,0.0385276544940384,2.5511814,0,0,"Seagrass",14.1717791393654,"10-20cm"
"97","SMAR23",3,33,0.987878788,32.9999999959509,11,6,"LOI alysis ","Y",2,2.0245398770522,41.0339798973392,4.617,4.327,0.0393938390583658,0.0368246756415159,1.8693663,0.0597651021454788,0,"Seagrass",12.1472392623132,"10-20cm"
"98","SMAR23",3,33,0.987878788,32.9999999959509,12,5,"LOI alysis ","Y",2,2.0245398770522,41.0339798973392,6.371,3.585,0.0692483645775792,0.0389522050748883,2.7181269,0.00678218395330564,0,"Seagrass",10.122699385261,"10-20cm"
"99","SMAR23",3,33,0.987878788,32.9999999959509,14,3,"LOI alysis ","Y",2,2.0245398770522,41.0339798973392,5.637,4.371,0.0302941124187812,0.0238025169004709,2.3629443,0,0.012687046231013,"Seagrass",6.07361963115661,"0-10cm"
"100","SMAR23",3,33,0.987878788,32.9999999959509,15,2,"LOI alysis ","Y",2,2.0245398770522,41.0339798973392,1.908,4.46,0.00827760311940946,0.0196048494933382,0.5584812,0.0202368866504671,0.0082541347645872,"Seagrass",4.04907975410441,"0-10cm"
"101","SMAR23",3,33,0.987878788,32.9999999959509,16,1,"LOI alysis ","Y",2.6,2.63190184016786,53.344173866541,8.382,5.02,0.0491237151137818,0.0292403066153463,3.6912498,0.00330120399728329,0.000948557196266523,"Seagrass",2.63190184016786,"0-10cm"
"102","SMAR24",3,50,0.874,50,NA,NA,NA,NA,NA,NA,NA,NA,NA,NA,NA,NA,NA,NA,"Seagrass",NA,NA
"103","SMAR25",3,50,0.656,50,NA,NA,NA,NA,NA,NA,NA,NA,NA,NA,NA,NA,NA,NA,"Seagrass",NA,NA
"104","SMARA",3,50,0.58,50,1,14,"LOI alysis ","N",2,3.44827586206897,69.8906867720686,2.202,3.056,0.01257440784444,0.0177184837808018,0.7007478,0.104513209661565,0,"Control",48.2758620689655,"40-50cm"
"105","SMARA",3,50,0.58,50,5,10,"LOI alysis ","N",2,3.44827586206897,69.8906867720686,2.301,1.222,0.0131818421387753,0.0068774828550132,0.7486539,0,0,"Control",34.4827586206897,"30-40cm"
"106","SMARA",3,50,0.58,50,8,7,"LOI alysis ","N",2,3.44827586206897,69.8906867720686,2.039,0.888,0.0121203559318656,0.0054541601693395,0.6218721,0,0,"Control",24.1379310344828,"20-30cm"
"107","SMARA",3,50,0.58,50,9,6,"LOI alysis ","Y",2,3.44827586206897,69.8906867720686,1.191,0.698,0.00917598652437763,0.00535265880588695,0.2115249,0,0,"Control",20.6896551724138,"20-30cm"
"108","SMARA",3,50,0.58,50,10,5,"LOI alysis ","Y",2,3.44827586206897,69.8906867720686,0.707,0.577,0.0052867558907386,0.00453150504920451,0.001,0,0,"Control",17.2413793103448,"10-20cm"
"109","SMARA",3,50,0.58,50,12,3,"LOI alysis ","Y",2,3.44827586206897,69.8906867720686,3.887,1.529,0.016277276022628,0.00626049077793386,1.5161193,0,0,"Control",10.3448275862069,"10-20cm"
"110","SMARA",3,50,0.58,50,13,2,"LOI alysis ","Y",2,3.44827586206897,69.8906867720686,3.223,1.34,0.0158075424784855,0.00642181413188473,1.1948097,0,0,"Control",6.89655172413793,"0-10cm"
"111","SMARA",3,50,0.58,50,14,1,"LOI alysis ","Y",2.5,4.31034482758621,87.3633584650858,2.498,1.268,0.0137268646841142,0.00713796963573941,0.8439822,0,0,"Control",4.31034482758621,"0-10cm"
"112","SMARB",3,50,0.824,50,1,19,"LOI alysis ","N",2,2.42718446601942,49.1949008832522,2.355,0.952,0.0231638641310474,0.0096516100546031,0.7747845,0,0,"Control",46.1165048543689,"40-50cm"
"113","SMARB",3,50,0.824,50,5,15,"LOI alysis ","N",2,2.42718446601942,49.1949008832522,2.754,1.217,0.0241194916281242,0.0103369249834818,0.9678606,0,0,"Control",36.4077669902913,"30-40cm"
"114","SMARB",3,50,0.824,50,10,10,"LOI alysis ","N",2,2.42718446601942,49.1949008832522,6.212,1.467,0.0520337261391139,0.012588804711076,2.6411868,0,0,"Control",24.2718446601942,"20-30cm"
"115","SMARB",3,50,0.824,50,13,7,"LOI alysis ","N",2,2.42718446601942,49.1949008832522,4.993,1.468,0.0502531757481725,0.0150759527244518,2.0513127,0.0122187460327751,0,"Control",16.9902912621359,"10-20cm"
"116","SMARB",3,50,0.824,50,14,6,"LOI alysis ","Y",2,2.42718446601942,49.1949008832522,5.075,1.153,0.0449053857277323,0.0105659731124076,2.0909925,0.00177254143080683,0,"Control",14.5631067961165,"10-20cm"
"117","SMARB",3,50,0.824,50,15,5,"LOI alysis ","Y",2,2.42718446601942,49.1949008832522,3.383,1.269,0.0302244332909347,0.0115564009641809,1.2722337,0.0333672793425391,0,"Control",12.1359223300971,"10-20cm"
"118","SMARB",3,50,0.824,50,17,3,"LOI alysis ","Y",2,2.42718446601942,49.1949008832522,3.452,1.439,0.0253449031833393,0.0101379612733357,1.3056228,0,0,"Control",7.28155339805825,"0-10cm"
"119","SMARB",3,50,0.824,50,18,2,"LOI alysis ","Y",2,2.42718446601942,49.1949008832522,3.483,0.997,0.0277866196588957,0.00793903418825591,1.3206237,0,0,"Control",4.85436893203884,"0-10cm"
"120","SMARB",3,50,0.824,50,19,1,"LOI alysis ","Y",3.1,3.7621359223301,76.2520963690409,2.315,0.914,0.0214734161809195,0.00840264111427287,0.7554285,0.000392120366832822,3.40974232028541e-05,"Control",3.7621359223301,"0-10cm"
"121","SMARC",3,33.6,0.907738095,33.6000000088131,NA,NA,NA,NA,NA,NA,NA,NA,NA,NA,NA,NA,NA,NA,"Control",NA,NA
"122","STCH01",3,50,0.64,50,NA,NA,NA,NA,NA,NA,NA,NA,NA,NA,NA,NA,NA,NA,"Seagrass",NA,NA
"123","STCH02",3,50,0.57,50,NA,NA,NA,NA,NA,NA,NA,NA,NA,NA,NA,NA,NA,NA,"Seagrass",NA,NA
"124","STCH04",3,50,0.88,50,NA,NA,NA,NA,NA,NA,NA,NA,NA,NA,NA,NA,NA,NA,"Seagrass",NA,NA
"125","STCH05",3,50,0.94,50,1,23,"LOI alysis ","N",2,2.12765957446809,43.1240407742551,2.94,2.923,0.026626122677388,0.026626122677388,1.057866,0,0,"Seagrass",48.936170212766,"40-50cm"
"126","STCH05",3,50,0.94,50,4,20,"LOI alysis ","N",2,2.12765957446809,43.1240407742551,3.815,2.693,0.0405553832293956,0.0288156670314127,1.4812785,0,0,"Seagrass",42.5531914893617,"40-50cm"
"127","STCH05",3,50,0.94,50,9,15,"LOI alysis ","N",2,2.12765957446809,43.1240407742551,4.11,3.863,0.0454009634729972,0.043186282327973,1.624029,0,0,"Seagrass",31.9148936170213,"30-40cm"
"128","STCH05",3,50,0.94,50,14,10,"LOI alysis ","N",2,2.12765957446809,43.1240407742551,5.76,3.505,0.064894197059351,0.0391602913289187,2.422464,0,0,"Seagrass",21.2765957446809,"20-30cm"
"129","STCH05",3,50,0.94,50,17,7,"LOI alysis ","N",2,2.12765957446809,43.1240407742551,3.546,2.601,0.0333686262735164,0.0247881223746121,1.3511094,0,0,"Seagrass",14.8936170212766,"10-20cm"
"130","STCH05",3,50,0.94,50,18,6,"LOI alysis ","N",2,2.12765957446809,43.1240407742551,5.141,3.491,0.0461180344952114,0.0316496315163215,2.1229299,0,0,"Seagrass",12.7659574468085,"10-20cm"
"131","STCH05",3,50,0.94,50,19,5,"LOI alysis ","N",2,2.12765957446809,43.1240407742551,4.992,3.853,0.0446537468527208,0.0348299225451223,2.0508288,0,0.000231889215863323,"Seagrass",10.6382978723404,"10-20cm"
"132","STCH05",3,50,0.94,50,21,3,"LOI alysis ","N",2,2.12765957446809,43.1240407742551,4.061,3.38,0.0374574824389912,0.0310623025103829,1.6003179,0,0,"Seagrass",6.38297872340426,"0-10cm"
"133","STCH05",3,50,0.94,50,22,2,"LOI alysis ","N",2,2.12765957446809,43.1240407742551,4.057,3.533,0.0291061314632031,0.0248466975905392,1.5983823,0,0.00741349823115045,"Seagrass",4.25531914893617,"0-10cm"
"134","STCH05",3,50,0.94,50,23,1,"LOI alysis ","N",3,3.19148936170213,64.6860611613827,4.321,4.47,0.0363956771788341,0.0380884993731984,1.7261319,0.0109467169168546,0.00109297117076913,"Seagrass",3.19148936170213,"0-10cm"
"135","STCH05",3,50,0.94,50,1,23,"LOI alysis ","N",2,2.12765957446809,43.1240407742551,2.94,2.923,0.026626122677388,0.026626122677388,1.057866,0,0,"Seagrass",48.936170212766,"40-50cm"
"136","STCH05",3,50,0.94,50,4,20,"LOI alysis ","N",2,2.12765957446809,43.1240407742551,3.815,2.693,0.0405553832293956,0.0288156670314127,1.4812785,0,0,"Seagrass",42.5531914893617,"40-50cm"
"137","STCH05",3,50,0.94,50,9,15,"LOI alysis ","N",2,2.12765957446809,43.1240407742551,4.11,3.863,0.0454009634729972,0.043186282327973,1.624029,0,0,"Seagrass",31.9148936170213,"30-40cm"
"138","STCH05",3,50,0.94,50,14,10,"LOI alysis ","N",2,2.12765957446809,43.1240407742551,5.76,3.505,0.064894197059351,0.0391602913289187,2.422464,0,0,"Seagrass",21.2765957446809,"20-30cm"
"139","STCH05",3,50,0.94,50,17,7,"LOI alysis ","N",2,2.12765957446809,43.1240407742551,3.546,2.601,0.0333686262735164,0.0247881223746121,1.3511094,0,0,"Seagrass",14.8936170212766,"10-20cm"
"140","STCH05",3,50,0.94,50,18,6,"LOI alysis ","N",2,2.12765957446809,43.1240407742551,5.141,3.491,0.0461180344952114,0.0316496315163215,2.1229299,0,0,"Seagrass",12.7659574468085,"10-20cm"
"141","STCH05",3,50,0.94,50,19,5,"LOI alysis ","N",2,2.12765957446809,43.1240407742551,4.992,3.853,0.0446537468527208,0.0348299225451223,2.0508288,0,0.000231889215863323,"Seagrass",10.6382978723404,"10-20cm"
"142","STCH05",3,50,0.94,50,21,3,"LOI alysis ","N",2,2.12765957446809,43.1240407742551,4.061,3.38,0.0374574824389912,0.0310623025103829,1.6003179,0,0,"Seagrass",6.38297872340426,"0-10cm"
"143","STCH05",3,50,0.94,50,22,2,"LOI alysis ","N",2,2.12765957446809,43.1240407742551,4.057,3.533,0.0291061314632031,0.0248466975905392,1.5983823,0,0.00741349823115045,"Seagrass",4.25531914893617,"0-10cm"
"144","STCH05",3,50,0.94,50,23,1,"LOI alysis ","N",3,3.19148936170213,64.6860611613827,4.321,4.47,0.0363956771788341,0.0380884993731984,1.7261319,0.0109467169168546,0.00109297117076913,"Seagrass",3.19148936170213,"0-10cm"
"145","STCH12",3,32.7,0.837920489,32.7000000115763,NA,NA,NA,NA,NA,NA,NA,NA,NA,NA,NA,NA,NA,NA,"Seagrass",NA,NA
"146","STCH20",3,30.5,0.901639344,30.5000000088727,NA,NA,NA,NA,NA,NA,NA,NA,NA,NA,NA,NA,NA,NA,"Seagrass",NA,NA
"147","STCH21",3,42,0.683333333,42.0000000204878,NA,NA,NA,NA,NA,NA,NA,NA,NA,NA,NA,NA,NA,NA,"Seagrass",NA,NA
"148","STCHA",3,16.5,0.636363636,16.5000000094286,NA,NA,NA,NA,NA,NA,NA,NA,NA,NA,NA,NA,NA,NA,"Control",NA,NA
"149","STCHB",3,50,0.88,50,NA,NA,NA,NA,NA,NA,NA,NA,NA,NA,NA,NA,NA,NA,"Control",NA,NA
"150","STCHC",3,30,0.75,30,NA,NA,NA,NA,NA,NA,NA,NA,NA,NA,NA,NA,NA,NA,"Control",NA,NA
"151","SJB02",2,50,0.84,50,NA,NA,NA,NA,NA,NA,NA,NA,NA,NA,NA,NA,NA,NA,"Seagrass",NA,NA
"152","SJB06",2,42,0.85952381,41.9999999767313,NA,NA,NA,NA,NA,NA,NA,NA,NA,NA,NA,NA,NA,NA,"Seagrass",NA,NA
"153","SJB07",2,38,0.828947368,38.0000000193016,14,1,"LOI alysis ","Y",1.5,1.80952381044293,36.6759699342575,1.586,0.847,0.0177664013022153,0.00888320065110764,0.4026654,0,0,"Seagrass",1.80952381044293,"0-10cm"
"154","SJB07",2,38,0.828947368,38.0000000193016,13,2,"LOI alysis ","Y",2,2.41269841392391,48.9012932456766,0.579,1.418,0.00548464022520943,0.012797493858822,0.001,0.0109179116658066,0.00479946407185765,"Seagrass",4.82539682784782,"0-10cm"
"155","SJB07",2,38,0.828947368,38.0000000193016,12,3,"LOI alysis ","Y",2,2.41269841392391,48.9012932456766,0.584,0.725,0.00621922202490807,0.00725575902905941,0.001,0.00452748762466674,0.00437207251198622,"Seagrass",7.23809524177173,"0-10cm"
"156","SJB07",2,38,0.828947368,38.0000000193016,10,5,"LOI alysis ","Y",2,2.41269841392391,48.9012932456766,1.788,0.918,0.0172394213740867,0.00861971068704336,0.5004132,0.0337659781655362,0.00636588481282184,"Seagrass",12.0634920696195,"10-20cm"
"157","SJB07",2,38,0.828947368,38.0000000193016,9,6,"LOI alysis ","Y",2,2.41269841392391,48.9012932456766,0.404,0.611,0.00373053528632657,0.00559580292948986,0.001,0,0.00667262516679655,"Seagrass",14.4761904835435,"10-20cm"
"158","SJB07",2,38,0.828947368,38.0000000193016,8,7,"LOI alysis ","N",2,2.41269841392391,48.9012932456766,0.827,0.981,0.0068794908615171,0.00859936357689637,0.0353853,0.0645095413765749,0,"Seagrass",16.8888888974674,"10-20cm"
"159","SJB07",2,38,0.828947368,38.0000000193016,5,10,"LOI alysis ","N",2,2.41269841392391,48.9012932456766,0.76,1.88,0.00772298593623369,0.018342091598555,0.00296399999999997,0.0542337395184221,0,"Seagrass",24.1269841392391,"20-30cm"
"160","SJB07",2,38,0.828947368,38.0000000193016,1,14,"LOI alysis ","N",2,2.41269841392391,48.9012932456766,1.185,0.596,0.01306615751019,0.00653307875509499,0.2086215,0.00511233923291185,0,"Seagrass",33.7777777949347,"30-40cm"
"161","SJB10",2,36,0.922222222,36.0000000086747,NA,NA,NA,NA,NA,NA,NA,NA,NA,NA,NA,NA,NA,NA,"Seagrass",NA,NA
"162","SJB13",2,41,0.941463415,40.9999999840674,NA,NA,NA,NA,NA,NA,NA,NA,NA,NA,NA,NA,NA,NA,"Seagrass",NA,NA
"163","SJB14",2,50,0.78,50,18,1,"LOI analysis ","Y",3.1,3.97435897435897,80.5534966770381,NA,1.134,NA,0.0144108083185283,NA,0.0106662036465627,0.00120913435192645,"Seagrass",3.97435897435897,"0-10cm"
"164","SJB14",2,50,0.78,50,17,2,"LOI analysis ","Y",2,2.56410256410256,51.9699978561536,2.547,1.166,0.0274740246084296,0.0131875318120462,0.8676933,0.0156571105169606,0.00410813948060843,"Seagrass",5.12820512820513,"0-10cm"
"165","SJB14",2,50,0.78,50,16,3,"LOI analysis ","Y",2,2.56410256410256,51.9699978561536,1.065,0.981,0.0122432947132527,0.0111302679211388,0.1505535,0.0111237256849636,0.0109101409157142,"Seagrass",7.69230769230769,"0-10cm"
"166","SJB14",2,50,0.78,50,14,5,"LOI analysis ","Y",2,2.56410256410256,51.9699978561536,1.158,1.075,0.0123137969289761,0.0112876471848948,0.1955562,0.0148451035563906,0.0113950360675237,"Seagrass",12.8205128205128,"10-20cm"
"167","SJB14",2,50,0.78,50,13,6,"LOI analysis ","Y",2,2.56410256410256,51.9699978561536,1.212,0.983,0.0108454882288063,0.00903790685733854,0.2216868,0.0166172798850278,0.00813546310258194,"Seagrass",15.3846153846154,"10-20cm"
"168","SJB14",2,50,0.78,50,12,7,"LOI analysis ","N",2,2.56410256410256,51.9699978561536,0.951,0.515,0.00996748165035116,0.00498374082517558,0.0953888999999999,0,0,"Seagrass",17.9487179487179,"10-20cm"
"169","SJB14",2,50,0.78,50,9,10,"LOI analysis ","N",2,2.56410256410256,51.9699978561536,2.395,2.889,0.0274663086181171,0.0331884562468915,0.7941405,0.0531094884329149,0,"Seagrass",25.6410256410256,"20-30cm"
"170","SJB14",2,50,0.78,50,4,16,"LOI analysis ","N",2,2.56410256410256,51.9699978561536,3.607,1.201,0.0343444308953085,0.0114481436317695,1.3806273,0,0,"Seagrass",41.025641025641,"40-50cm"
"171","SJB14",2,50,0.78,50,1,19,"LOI analysis ","N",2,2.56410256410256,51.9699978561536,1.187,1.285,0.0122237449722115,0.0132423903865625,0.2095893,0,0,"Seagrass",48.7179487179487,"40-50cm"
"172","SJB16",2,40.3,0.841191067,40.2999999998811,NA,NA,NA,NA,NA,NA,NA,NA,NA,NA,NA,NA,NA,NA,"Seagrass",NA,NA
"173","SJB17",2,50,0.676,50,NA,NA,NA,NA,NA,NA,NA,NA,NA,NA,NA,NA,NA,NA,"Seagrass",NA,NA
"174","SJB24",2,37.5,0.826666667,37.499999984879,NA,NA,NA,NA,NA,NA,NA,NA,NA,NA,NA,NA,NA,NA,"Seagrass",NA,NA
"175","SJBA",2,38,0.726315789,38.0000000247826,NA,NA,NA,NA,NA,NA,NA,NA,NA,NA,NA,NA,NA,NA,"Control",NA,NA
"176","SJBB",2,40,0.805,40,16,1,"LOI alysis ","Y",2.2,2.73291925465838,55.3916250441985,0.387,0.612,0.00490579577297419,0.00735869365946128,0.001,0.00342470544687276,0,"Control",2.73291925465838,"0-10cm"
"177","SJBB",2,40,0.805,40,15,2,"LOI alysis ","Y",2,2.48447204968944,50.3560227674532,0.316,0.769,0.00335906194937474,0.00895749853166597,0.001,0,0,"Control",4.96894409937888,"0-10cm"
"178","SJBB",2,40,0.805,40,14,3,"LOI alysis ","Y",2,2.48447204968944,50.3560227674532,0.736,0.894,0.00769796696991217,0.00989738610417279,0.001,0,0,"Control",7.45341614906832,"0-10cm"
"179","SJBB",2,40,0.805,40,12,5,"LOI alysis ","Y",2,2.48447204968944,50.3560227674532,0.321,0.679,0.00341929307632467,0.00797835051142422,0.001,0.00463698257263715,0,"Control",12.4223602484472,"10-20cm"
"180","SJBB",2,40,0.805,40,11,6,"LOI alysis ","Y",2,2.48447204968944,50.3560227674532,0.294,0.65,0.00319904136877384,0.00746442986047229,0.001,0.00460520881625077,0,"Control",14.9068322981366,"10-20cm"
"181","SJBB",2,40,0.805,40,10,7,"LOI alysis ","N",2,2.48447204968944,50.3560227674532,0.271,0.565,0.0033000223382893,0.0066000446765786,0.001,0,0,"Control",17.3913043478261,"10-20cm"
"182","SJBB",2,40,0.805,40,7,10,"LOI alysis ","N",2,2.48447204968944,50.3560227674532,0.385,0.769,0.00402359020559811,0.00804718041119622,0.001,0,0,"Control",24.8447204968944,"20-30cm"
"183","SJBB",2,40,0.805,40,2,15,"LOI alysis ","N",2,2.48447204968944,50.3560227674532,0.426,1.041,0.00424346459979185,0.0106086614994796,0.001,0.0156446033007432,0,"Control",37.2670807453416,"30-40cm"
"184","SJBB",2,40,0.805,40,1,16,"LOI alysis ","N",2,2.48447204968944,50.3560227674532,0.468,1.037,0.00454126413152318,0.00908252826304637,0.001,0.0973230158114782,0,"Control",39.7515527950311,"30-40cm"
"185","SJBC",2,30,0.816666667,29.9999999877551,NA,NA,NA,NA,NA,NA,NA,NA,NA,NA,NA,NA,NA,NA,"Control",NA,NA
"186","SMAR03",2,50,0.822,50,NA,NA,NA,NA,NA,NA,NA,NA,NA,NA,NA,NA,NA,NA,"Seagrass",NA,NA
"187","SMAR04",2,27,0.762962963,26.9999999986893,NA,NA,NA,NA,NA,NA,NA,NA,NA,NA,NA,NA,NA,NA,"Seagrass",NA,NA
"188","SMAR12",2,50,0.472,50,1,10,"LOI alysis ","N",2,4.23728813559322,85.8826235758471,1.849,0.802,0.0102903703124475,0.00457349791664333,0.5299311,0,0,"Seagrass",42.3728813559322,"40-50cm"
"189","SMAR12",2,50,0.472,50,4,7,"LOI alysis ","N",2,4.23728813559322,85.8826235758471,1.53,0.953,0.00893353006760929,0.00595568671173952,0.375567,0,0,"Seagrass",29.6610169491525,"20-30cm"
"190","SMAR12",2,50,0.472,50,5,6,"LOI alysis ","Y",2,4.23728813559322,85.8826235758471,1.657,0.965,0.0102121589150736,0.00600715230298449,0.4370223,0,0,"Seagrass",25.4237288135593,"20-30cm"
"191","SMAR12",2,50,0.472,50,6,5,"LOI alysis ","Y",2,4.23728813559322,85.8826235758471,2.932,1.422,0.0129634954504709,0.00625823918298596,1.0539948,0.00821935766059342,0.00392978213691781,"Seagrass",21.1864406779661,"20-30cm"
"192","SMAR12",2,50,0.472,50,8,3,"LOI alysis ","Y",2,4.23728813559322,85.8826235758471,3.866,1.394,0.0167656731949784,0.00601844678794097,1.5059574,0.000585683085887306,0.00149622816175982,"Seagrass",12.7118644067797,"10-20cm"
"193","SMAR12",2,50,0.472,50,9,2,"LOI alysis ","Y",2,4.23728813559322,85.8826235758471,2.417,1.481,0.0118420229570865,0.00740126434817907,0.8047863,0.000667189678356712,0.00295403178706977,"Seagrass",8.47457627118644,"0-10cm"
"194","SMAR12",2,50,0.472,50,10,1,"LOI alysis ","Y",2,4.23728813559322,85.8826235758471,3.731,2.736,0.0133640537772624,0.00975214735097523,1.4406309,0.000856983600821187,0.00396238477390557,"Seagrass",4.23728813559322,"0-10cm"
"195","SMAR14",2,50,0.91,50,NA,NA,NA,NA,NA,NA,NA,NA,NA,NA,NA,NA,NA,NA,"Seagrass",NA,NA
"196","SMAR23",2,50,0.85,50,NA,NA,NA,NA,NA,NA,NA,NA,NA,NA,NA,NA,NA,NA,"Seagrass",NA,NA
"197","SMAR24",2,32,0.996875,32,14,1,"LOI analysis ","Y",2.4,2.40752351097179,48.7964067644988,2.878,3.252,0.0285522457980172,0.0324904865977437,1.0278642,0.0044429500935657,0.00111483618583936,"Seagrass",2.40752351097179,"0-10cm"
"198","SMAR24",2,32,0.996875,32,13,2,"LOI analysis ","Y",2,2.00626959247649,40.663672303749,2.838,2.704,0.0281634179875686,0.0271575816308697,1.0085082,0.00463804642608759,0.00104269972675564,"Seagrass",4.01253918495298,"0-10cm"
"199","SMAR24",2,32,0.996875,32,12,3,"LOI analysis ","Y",2,2.00626959247649,40.663672303749,3.328,2.393,0.0345202713004989,0.0251056518549083,1.2456192,0,0.000300022091189123,"Seagrass",6.01880877742947,"0-10cm"
"200","SMAR24",2,32,0.996875,32,10,5,"LOI analysis ","Y",2,2.00626959247649,40.663672303749,2.565,2.873,0.0252808942665324,0.0281979205280553,0.8764035,0.00620209601622105,0.00023116456206375,"Seagrass",10.0313479623824,"10-20cm"
"201","SMAR24",2,32,0.996875,32,9,6,"LOI analysis ","Y",2,2.00626959247649,40.663672303749,2.421,2.843,0.0257182871283266,0.030004668316381,0.8067219,0.0102376390624616,0.000103286293688059,"Seagrass",12.0376175548589,"10-20cm"
"202","SMAR24",2,32,0.996875,32,8,7,"LOI analysis ","N",2,2.00626959247649,40.663672303749,4.057,3.931,0.0394375104152152,0.037513729419351,1.5983823,0.00393225675255252,0,"Seagrass",14.0438871473354,"10-20cm"
"203","SMAR24",2,32,0.996875,32,5,10,"LOI analysis ","N",2,2.00626959247649,40.663672303749,3.302,3.919,0.0395631508138943,0.0467564509618751,1.2330378,0.00443393303618023,0,"Seagrass",20.0626959247649,"20-30cm"
"204","SMAR24",2,32,0.996875,32,1,14,"LOI analysis","N",2,2.00626959247649,40.663672303749,3.077,3.495,0.0224481938862133,0.0253447350328215,1.1241603,0.0343672846259671,0,"Seagrass",28.0877742946709,"20-30cm"
"205","SMAR25",2,50,0.75,50,NA,NA,NA,NA,NA,NA,NA,NA,NA,NA,NA,NA,NA,NA,"Seagrass",NA,NA
"206","SMARA",2,50,0.584,50,1,13,"LOI alysis ","N",2,3.42465753424658,69.4119834380134,6.133,6.135,0.0314297890932367,0.0314297890932367,2.6029587,0.143567428942572,0,"Control",44.5205479452055,"40-50cm"
"207","SMARA",2,50,0.584,50,4,10,"LOI alysis ","N",2,3.42465753424658,69.4119834380134,2.374,0.964,0.0165827274051016,0.00690946975212565,0.7839786,0,0,"Control",34.2465753424658,"30-40cm"
"208","SMARA",2,50,0.584,50,7,7,"LOI alysis ","N",2,3.42465753424658,69.4119834380134,2.473,0.89,0.0150881727927464,0.00543174220538872,0.8318847,0,0,"Control",23.972602739726,"20-30cm"
"209","SMARA",2,50,0.584,50,8,6,"LOI alysis ","Y",2,3.42465753424658,69.4119834380134,2.088,0.756,0.0151824360550237,0.00578378516381854,0.6455832,0,0,"Control",20.5479452054795,"20-30cm"
"210","SMARA",2,50,0.584,50,9,5,"LOI alysis ","Y",2,3.42465753424658,69.4119834380134,2.452,0.512,0.0211548485905365,0.0042309697181073,0.8217228,0.00521091578261853,0,"Control",17.1232876712329,"10-20cm"
"211","SMARA",2,50,0.584,50,11,3,"LOI alysis ","Y",2,3.42465753424658,69.4119834380134,4.993,1.61,0.0241500086436368,0.00772800276596379,2.0513127,0.00191609565686554,0,"Control",10.2739726027397,"10-20cm"
"212","SMARA",2,50,0.584,50,12,2,"LOI alysis ","Y",2,3.42465753424658,69.4119834380134,3.354,1.164,0.0154070802623733,0.00543779303377882,1.2582006,0,0,"Control",6.84931506849315,"0-10cm"
"213","SMARA",2,50,0.584,50,13,1,"LOI alysis ","Y",2.8,4.79452054794521,97.1767768132188,NA,0.802,NA,0.00521021602695437,NA,0,0,"Control",4.79452054794521,"0-10cm"
"214","SMARA",2,50,0.584,50,13,1,"LOI analysis ","Y",2.8,4.79452054794521,97.1767768132188,2.084,0.691,0.0136768170707552,0.00455893902358507,0.6436476,0,0,"Control",4.79452054794521,"0-10cm"
"215","SMARB",2,50,0.87,50,NA,NA,NA,NA,NA,NA,NA,NA,NA,NA,NA,NA,NA,NA,"Control",NA,NA
"216","SMARC",2,31,0.974193548,31.0000000123179,15,1,"LOI analysis ","N",2.2,2.25827814659269,45.7714570704381,1.227,2.672,0.0144265453246075,0.0324597269803668,0.2289453,0.0218804482990083,0,"Control",2.25827814659269,"0-10cm"
"217","SMARC",2,31,0.974193548,31.0000000123179,14,2,"LOI analysis ","N",2,2.05298013326608,41.6104155185801,2.739,2.255,0.0339433524611002,0.0289147076520484,0.9606021,0.0306245439782016,0,"Control",4.10596026653217,"0-10cm"
"218","SMARC",2,31,0.974193548,31.0000000123179,13,3,"LOI analysis ","N",2,2.05298013326608,41.6104155185801,1.314,2.302,0.0183900831189323,0.0325363009027264,0.2710446,0.0389589957176981,0,"Control",6.15894039979825,"0-10cm"
"219","SMARC",2,31,0.974193548,31.0000000123179,11,5,"LOI analysis ","N",2,2.05298013326608,41.6104155185801,1.1,2.466,0.0144883436631582,0.032928053779905,0.16749,0.0195047319255344,0,"Control",10.2649006663304,"10-20cm"
"220","SMARC",2,31,0.974193548,31.0000000123179,10,6,"LOI analysis ","N",2,2.05298013326608,41.6104155185801,1.16,2.174,0.0169177834738436,0.0310159363687133,0.196524,0.0127468085427593,0,"Control",12.3178807995965,"10-20cm"
"221","SMARC",2,31,0.974193548,31.0000000123179,9,7,"LOI analysis ","N",2,2.05298013326608,41.6104155185801,1.319,2.473,0.0164665022317321,0.0316663504456387,0.2734641,0.00439553409213927,0,"Control",14.3708609328626,"10-20cm"
"222","SMARC",2,31,0.974193548,31.0000000123179,6,10,"LOI analysis ","N",2,2.05298013326608,41.6104155185801,2.276,5.433,0.0275925386875151,0.064782482135905,0.7365564,0.018372803791364,0,"Control",20.5298013326608,"20-30cm"
"223","SMARC",2,31,0.974193548,31.0000000123179,1,15,"LOI analysis ","N",2,2.05298013326608,41.6104155185801,2.596,3.679,0.0325131095938204,0.0462686559604367,0.8914044,0.00766875302789307,0,"Control",30.7947019989913,"30-40cm"
"224","STCH01",2,28,0.803571429,27.9999999850667,NA,NA,NA,NA,NA,NA,NA,NA,NA,NA,NA,NA,NA,NA,"Seagrass",NA,NA
"225","STCH02",2,50,0.4,50,10,1,"LOI alysis ","Y",2,5,101.3414958195,1.833,8.142,0.0103476270161608,0.0465643215727236,0.5221887,0.0134643759593832,0.000174656983863014,"Seagrass",5,"0-10cm"
"226","STCH02",2,50,0.4,50,9,2,"LOI alysis ","Y",2,5,101.3414958195,2.379,8.391,0.00945847495390495,0.0331046623386673,0.7863981,0.0331463431917655,0.00336288701132853,"Seagrass",10,"0-10cm"
"227","STCH02",2,50,0.4,50,8,3,"LOI alysis ","Y",2,5,101.3414958195,3.73,9.371,0.00988258552827966,0.0251071091799537,1.440147,0.0179827619995455,0.00313593160856869,"Seagrass",15,"10-20cm"
"228","STCH02",2,50,0.4,50,6,5,"LOI alysis ","Y",2,5,101.3414958195,5.066,10.322,0.0140109536426123,0.0282966318664524,2.0866374,0.00573901140196208,0.00362931291891618,"Seagrass",25,"20-30cm"
"229","STCH02",2,50,0.4,50,5,6,"LOI alysis ","Y",2,5,101.3414958195,5.729,10.939,0.0131141936405509,0.0250780194178956,2.4074631,0.0164157829578819,0.00342603981905301,"Seagrass",30,"20-30cm"
"230","STCH02",2,50,0.4,50,4,7,"LOI alysis ","N",2,5,101.3414958195,6.101,10.328,0.0168755748686209,0.028494823138819,2.5874739,0.00444536560623094,0,"Seagrass",35,"30-40cm"
"231","STCH02",2,50,0.4,50,1,10,"LOI alysis ","N",2,5,101.3414958195,7.294,14.366,0.0200462503890643,0.0395432884387022,3.1647666,0.0195457939907264,0,"Seagrass",50,"40-50cm"
"232","STCH04",2,50,0.86,50,19,1,"LOI analysis ","Y",2.4,2.7906976744186,56.562695341116,0.728,3.848,0.00894363320116171,0.0485511516634493,0.001,0,0,"Seagrass",2.7906976744186,"0-10cm"
"233","STCH04",2,50,0.86,50,18,2,"LOI analysis ","Y",2,2.32558139534884,47.13557945093,1.16,3.447,0.013751904772377,0.0389637301884015,0.196524,0.00324171256150719,0,"Seagrass",4.65116279069767,"0-10cm"
"234","STCH04",2,50,0.86,50,17,3,"LOI analysis ","Y",2,2.32558139534884,47.13557945093,0.817,3.006,0.00929913252591513,0.0348717469721817,0.0305463,0.00761208420856531,0.000751025030610959,"Seagrass",6.97674418604651,"0-10cm"
"235","STCH04",2,50,0.86,50,15,5,"LOI analysis ","Y",2,2.32558139534884,47.13557945093,4.472,4.582,0.0361704474594374,0.0369742351807582,1.7992008,0,0.00285983542729823,"Seagrass",11.6279069767442,"10-20cm"
"236","STCH04",2,50,0.86,50,14,6,"LOI analysis ","Y",2,2.32558139534884,47.13557945093,2.488,3.97,0.0293403627601466,0.0469445804162346,0.8391432,0,0.000214275503083918,"Seagrass",13.953488372093,"10-20cm"
"237","STCH04",2,50,0.86,50,13,7,"LOI analysis ","N",2,2.32558139534884,47.13557945093,1.58,3.134,0.018202470617619,0.0352672868216368,0.399762,0.00368723588475098,0,"Seagrass",16.2790697674419,"10-20cm"
"238","STCH04",2,50,0.86,50,10,10,"LOI analysis ","N",2,2.32558139534884,47.13557945093,6.006,5.867,0.0682541731209485,0.0671166035689327,2.5415034,0,0,"Seagrass",23.2558139534884,"20-30cm"
"239","STCH04",2,50,0.86,50,5,15,"LOI analysis ","N",2,2.32558139534884,47.13557945093,3.231,5.641,0.0316567658100692,0.055399340167621,1.1986809,0,0,"Seagrass",34.8837209302326,"30-40cm"
"240","STCH04",2,50,0.86,50,1,19,"LOI analysis","N",2,2.32558139534884,47.13557945093,2.64,3.396,0.0280626655152725,0.036697331827664,0.912696,0,0,"Seagrass",44.1860465116279,"40-50cm"
"241","STCH05",2,50,0.5,50,NA,NA,NA,NA,NA,NA,NA,NA,NA,NA,NA,NA,NA,NA,"Seagrass",NA,NA
"242","STCH12",2,22.3,0.887892377,22.2999999920035,NA,NA,NA,NA,NA,NA,NA,NA,NA,NA,NA,NA,NA,NA,"Seagrass",NA,NA
"243","STCH21",2,42.5,0.705882353,42.4999999964583,NA,NA,NA,NA,NA,NA,NA,NA,NA,NA,NA,NA,NA,NA,"Seagrass",NA,NA
"244","STCHA",2,13,1,13,NA,NA,NA,NA,NA,NA,NA,NA,NA,NA,NA,NA,NA,NA,"Control",NA,NA
"245","STCHB",2,35,0.4,35,NA,NA,NA,NA,NA,NA,NA,NA,NA,NA,NA,NA,NA,NA,"Control",NA,NA
"246","STCHC",2,31,0.738709677,31.0000000175982,NA,NA,NA,NA,NA,NA,NA,NA,NA,NA,NA,NA,NA,NA,"Control",NA,NA
"247","SJB02",1,50,0.85,50,1,21,"LOI alysis ","N",2,2.35294117647059,47.6901156797645,2.032,0.822,0.0198640742740316,0.00794562970961263,0.6184848,0.00174669318395772,0,"Seagrass",49.4117647058824,"40-50cm"
"248","SJB02",1,50,0.85,50,2,20,"LOI alysis ","N",2,2.35294117647059,47.6901156797645,2.079,0.905,0.026921238954863,0.0115376738377984,0.6412281,0.0141979106225423,0,"Seagrass",47.0588235294118,"40-50cm"
"249","SJB02",1,50,0.85,50,7,15,"LOI alysis ","N",2,2.35294117647059,47.6901156797645,3.77,1.156,0.0259162717972695,0.00818408583071668,1.459503,0.00418954739681577,0,"Seagrass",35.2941176470588,"30-40cm"
"250","SJB02",1,50,0.85,50,12,10,"LOI alysis ","N",2,2.35294117647059,47.6901156797645,4.079,1.031,0.0301941184137449,0.00736441912530363,1.6090281,0.0038330794000897,0,"Seagrass",23.5294117647059,"20-30cm"
"251","SJB02",1,50,0.85,50,15,7,"LOI alysis ","N",2,2.35294117647059,47.6901156797645,2.727,1.107,0.0207841181735816,0.00846760370034804,0.9547953,0.0283308182574463,0,"Seagrass",16.4705882352941,"10-20cm"
"252","SJB02",1,50,0.85,50,16,6,"LOI alysis ","N",2,2.35294117647059,47.6901156797645,2.972,1.405,0.0239823280715021,0.0111917531000343,1.0733508,0.0066596609270705,0,"Seagrass",14.1176470588235,"10-20cm"
"253","SJB02",1,50,0.85,50,17,5,"LOI alysis ","Y",2,2.35294117647059,47.6901156797645,3.511,1.402,0.0231972597304772,0.00927890389219088,1.3341729,0.0201006012742122,0.0028181940447049,"Seagrass",11.7647058823529,"10-20cm"
"254","SJB02",1,50,0.85,50,19,3,"LOI alysis ","Y",2,2.35294117647059,47.6901156797645,3.391,1.251,0.0204669665000238,0.0078256048382444,1.2761049,0.0045669840992316,0.00961624842932788,"Seagrass",7.05882352941176,"0-10cm"
"255","SJB02",1,50,0.85,50,20,2,"LOI alysis ","Y",2,2.35294117647059,47.6901156797645,2.573,1.165,0.0215223214573899,0.00993337913417994,0.8802747,0.00107988834302308,0.00611028083799857,"Seagrass",4.70588235294118,"0-10cm"
"256","SJB02",1,50,0.85,50,21,1,"LOI alysis ","Y",3.2,3.76470588235294,76.3041850876232,2.08,1,0.0224792257204542,0.0107043932002163,0.641712,0.018786649753927,0.00382809933248838,"Seagrass",3.76470588235294,"0-10cm"
"257","SJB06",1,42,0.857142857,42.000000007,17,1,"LOI alysis ","Y",2.7,3.150000000525,63.8451423769256,1.16,0.378,0.0133921543310555,0.00446405144368517,0.196524,0.00158508535234428,0.00489778843555393,"Seagrass",3.150000000525,"0-10cm"
"258","SJB06",1,42,0.857142857,42.000000007,16,2,"LOI alysis ","Y",2,2.33333333372222,47.2926980569819,0.906,0.472,0.00889500953177054,0.00494167196209474,0.0736134,0,0.00544270068266912,"Seagrass",4.66666666744444,"0-10cm"
"259","SJB06",1,42,0.857142857,42.000000007,15,3,"LOI alysis ","Y",2,2.33333333372222,47.2926980569819,0.93,0.389,0.00896161600865635,0.00398294044829171,0.085227,0,0.00518684723177442,"Seagrass",7.00000000116667,"0-10cm"
"260","SJB06",1,42,0.857142857,42.000000007,13,5,"LOI alysis ","Y",2,2.33333333372222,47.2926980569819,0.946,0.419,0.0103978419545341,0.00462126309090405,0.0929694,0,0.00127292378048439,"Seagrass",11.6666666686111,"10-20cm"
"261","SJB06",1,42,0.857142857,42.000000007,12,6,"LOI alysis ","Y",2,2.33333333372222,47.2926980569819,2.385,0.501,0.0264436594100254,0.00550909571042196,0.7893015,0.000109953549144831,0.000657606803539276,"Seagrass",14.0000000023333,"10-20cm"
"262","SJB06",1,42,0.857142857,42.000000007,11,7,"LOI alysis ","N",2,2.33333333372222,47.2926980569819,2.3,0.479,0.0278197069326597,0.00604776237666515,0.74817,0.000249509976905577,0,"Seagrass",16.3333333360556,"10-20cm"
"263","SJB06",1,42,0.857142857,42.000000007,8,10,"LOI alysis ","N",2,2.33333333372222,47.2926980569819,1.722,0.809,0.0222820655892867,0.0104856779243702,0.4684758,0.0156176329612254,0,"Seagrass",23.3333333372222,"20-30cm"
"264","SJB06",1,42,0.857142857,42.000000007,3,15,"LOI alysis ","N",2,2.33333333372222,47.2926980569819,2.394,0.567,0.0245807079688992,0.00614517699222481,0.7936566,0,0,"Seagrass",35.0000000058333,"30-40cm"
"265","SJB06",1,42,0.857142857,42.000000007,1,17,"LOI alysis ","N",2,2.33333333372222,47.2926980569819,0.437,0.679,0.00466422955472372,0.00816240172076651,0.001,0.045338923091605,0,"Seagrass",39.6666666732778,"30-40cm"
"266","SJB07",1,37,0.827027027,37.0000000012092,NA,NA,NA,NA,NA,NA,NA,NA,NA,NA,NA,NA,NA,NA,"Seagrass",NA,NA
"267","SJB10",1,50,0.774,50,19,1,"LOI analysis ","Y",2.9,3.74677002583979,75.9406557820539,1.122,1.058,0.0113401575365841,0.0113401575365841,0.1781358,0.0537169446061593,0.000256779452312923,"Seagrass",3.74677002583979,"0-10cm"
"268","SJB10",1,50,0.774,50,18,2,"LOI analysis ","Y",2,2.58397932816537,52.3728660565889,1.314,1.145,0.0133649168491885,0.0113087757954672,0.2710446,0.0185592287225556,0.000343689420788066,"Seagrass",5.16795865633075,"0-10cm"
"269","SJB10",1,50,0.774,50,17,3,"LOI analysis ","Y",2,2.58397932816537,52.3728660565889,1.739,1.295,0.0168117780502721,0.0128560655678551,0.4767021,0.00532909540788607,0.00333378738164424,"Seagrass",7.75193798449612,"0-10cm"
"270","SJB10",1,50,0.774,50,15,5,"LOI analysis ","Y",2,2.58397932816537,52.3728660565889,2.963,1.431,0.0224870259864618,0.0104939454603489,1.0689957,0.0106620095871142,0.00678595667489326,"Seagrass",12.9198966408269,"10-20cm"
"271","SJB10",1,50,0.774,50,14,6,"LOI analysis ","Y",2,2.58397932816537,52.3728660565889,3.789,1.19,0.0273872351849178,0.00864860058471089,1.4686971,0.0156970596016594,0.00368320495944544,"Seagrass",15.5038759689922,"10-20cm"
"272","SJB10",1,50,0.774,50,13,7,"LOI analysis ","N",2,2.58397932816537,52.3728660565889,5.088,1.112,0.0388988832079336,0.00838995520171116,2.0972832,0.00513051929809741,0,"Seagrass",18.0878552971576,"10-20cm"
"273","SJB10",1,50,0.774,50,10,10,"LOI analysis ","N",2,2.58397932816537,52.3728660565889,1.359,1.062,0.0122908301276557,0.00965708081458663,0.2928201,0.00706090821152371,0,"Seagrass",25.8397932816537,"20-30cm"
"274","SJB10",1,50,0.774,50,5,15,"LOI analysis ","N",2,2.58397932816537,52.3728660565889,1.881,4.83,0.0144409511441058,0.0364824028903727,0.5454159,0.159876681007924,0,"Seagrass",38.7596899224806,"30-40cm"
"275","SJB10",1,50,0.774,50,1,19,"LOI analysis","N",2,2.58397932816537,52.3728660565889,2.268,2.041,0.0176836035476711,0.0153770465631923,0.7326852,0.00833828722545269,0,"Seagrass",49.0956072351421,"40-50cm"
"276","SJB13",1,40,1,40.4,1,19,"LOI alysis ","N",2,2,40.5365983277998,0.72,0.511,0.00864954175889851,0.00617824411349894,0.001,0.00102870003207453,0,"Seagrass",38,"30-40cm"
"277","SJB13",1,40,1,40.4,5,15,"LOI alysis ","N",2,2,40.5365983277998,0.406,0.466,0.00538456626860844,0.00673070783576054,0.001,0.00632268149210316,0,"Seagrass",30,"20-30cm"
"278","SJB13",1,40,1,40.4,10,10,"LOI alysis ","N",2,2,40.5365983277998,0.332,0.629,0.00347182560465326,0.00694365120930652,0.001,0,0,"Seagrass",20,"10-20cm"
"279","SJB13",1,40,1,40.4,13,7,"LOI alysis ","N",2,2,40.5365983277998,0.965,0.366,0.013935555110765,0.00557422204430601,0.1021635,0,0,"Seagrass",14,"10-20cm"
"280","SJB13",1,40,1,40.4,14,6,"LOI alysis ","Y",2,2,40.5365983277998,0.844,0.503,0.0104419220521944,0.00652620128262151,0.0436116,0,0.00310830225518923,"Seagrass",12,"10-20cm"
"281","SJB13",1,40,1,40.4,15,5,"LOI alysis ","Y",2,2,40.5365983277998,0.728,0.677,0.010285890212797,0.010285890212797,0.001,0.00264945763656606,0.00266672598242822,"Seagrass",10,"0-10cm"
"282","SJB13",1,40,1,40.4,17,3,"LOI alysis ","Y",2,2,40.5365983277998,0.593,0.471,0.00816995045617523,0.00680829204681269,0.001,0.00153194896862898,0.0119102248317886,"Seagrass",6,"0-10cm"
"283","SJB13",1,40,1,40.4,18,2,"LOI alysis ","Y",2,2,40.5365983277998,0.618,0.907,0.00855093950402556,0.0128264092560383,0.001,0.00349067277070854,0.00403339221209078,"Seagrass",4,"0-10cm"
"284","SJB13",1,40,1,40.4,19,1,"LOI alysis ","Y",2.5,2.5,50.6707479097498,0.672,1.303,0.010487964396076,0.0194776481641412,0.001,0.0172624252864382,0.000341419866760467,"Seagrass",2.5,"0-10cm"
"285","SJB14",1,50,0.74,50,NA,NA,NA,NA,NA,NA,NA,NA,NA,NA,NA,NA,NA,NA,"Seagrass",NA,NA
"286","SJB16",1,40,0.8475,40,15,1,"LOI analysis ","Y",3.6,4.24778761061947,86.095430076743,0.747,0.594,0.00850232119576505,0.00728770388208433,0.001,0,0.000456470221067124,"Seagrass",4.24778761061947,"0-10cm"
"287","SJB16",1,40,0.8475,40,14,2,"LOI analysis ","Y",2,2.3598820058997,47.8307944870794,0.686,0.646,0.00737087902847267,0.00631789631011943,0.001,0,0.00325104363553914,"Seagrass",4.71976401179941,"0-10cm"
"288","SJB16",1,40,0.8475,40,13,3,"LOI analysis ","Y",2,2.3598820058997,47.8307944870794,0.804,0.587,0.00718415831651769,0.00538811873738826,0.0242556,0,0.0063954614026458,"Seagrass",7.07964601769912,"0-10cm"
"289","SJB16",1,40,0.8475,40,11,5,"LOI analysis ","Y",2,2.3598820058997,47.8307944870794,1.15,0.463,0.00978691667198738,0.00444859848726699,0.191685,0,0.0105831401177486,"Seagrass",11.7994100294985,"10-20cm"
"290","SJB16",1,40,0.8475,40,10,6,"LOI analysis ","Y",2,2.3598820058997,47.8307944870794,1.733,0.448,0.0177464541223394,0.00417563626407986,0.4737987,0,0.00428176036371971,"Seagrass",14.1592920353982,"10-20cm"
"291","SJB16",1,40,0.8475,40,9,7,"LOI analysis ","N",2,2.3598820058997,47.8307944870794,1.508,0.453,0.0141263595398258,0.00470878651327525,0.3649212,0,0,"Seagrass",16.5191740412979,"10-20cm"
"292","SJB16",1,40,0.8475,40,6,10,"LOI analysis ","N",2,2.3598820058997,47.8307944870794,1.01,0.452,0.01004499308766,0.00502249654383001,0.123939,0,0,"Seagrass",23.598820058997,"20-30cm"
"293","SJB16",1,40,0.8475,40,1,15,"LOI analysis ","N",2,2.3598820058997,47.8307944870794,1.254,0.578,0.0156671451527411,0.00723099007049587,0.2420106,0,0,"Seagrass",35.3982300884956,"30-40cm"
"294","SJB17",1,50,0.722,50,1,18,"LOI alysis ","N",2,2.77008310249307,56.1448730301937,5.1,1.975,0.0268894009108919,0.0105448631023106,2.10309,0.0138338544212631,0,"Seagrass",49.8614958448753,"40-50cm"
"295","SJB17",1,50,0.722,50,4,15,"LOI alysis ","N",2,2.77008310249307,56.1448730301937,3.957,4.276,0.0226791856723094,0.0243801245977326,1.5499923,0.00676998592187731,0,"Seagrass",41.5512465373961,"40-50cm"
"296","SJB17",1,50,0.722,50,9,10,"LOI alysis ","N",2,2.77008310249307,56.1448730301937,4.202,2.368,0.0272856614917652,0.015591806566723,1.6685478,0.039957343901972,0,"Seagrass",27.7008310249307,"20-30cm"
"297","SJB17",1,50,0.722,50,12,7,"LOI alysis ","N",2,2.77008310249307,56.1448730301937,2.646,1.095,0.0159899551205184,0.00676498101252701,0.9155994,0.00791167520783452,0,"Seagrass",19.3905817174515,"10-20cm"
"298","SJB17",1,50,0.722,50,13,6,"LOI alysis ","Y",2,2.77008310249307,56.1448730301937,2.9,1.83,0.021770839152894,0.0135129346466238,1.03851,0.0149506082157954,0.00151394055080129,"Seagrass",16.6204986149584,"10-20cm"
"299","SJB17",1,50,0.722,50,14,5,"LOI alysis ","Y",2,2.77008310249307,56.1448730301937,3.632,1.448,0.0189076569721532,0.00735297771139293,1.3927248,0.00506190475926738,0.0030741898713918,"Seagrass",13.8504155124654,"10-20cm"
"300","SJB17",1,50,0.722,50,16,3,"LOI alysis ","Y",2,2.77008310249307,56.1448730301937,3.369,1.836,0.0201887000330454,0.0106881353116123,1.2654591,0.00455963271770742,0.00541278274574721,"Seagrass",8.31024930747922,"0-10cm"
"301","SJB17",1,50,0.722,50,17,2,"LOI alysis ","Y",2,2.77008310249307,56.1448730301937,4.214,2.178,0.0206211526986155,0.0108015561754652,1.6743546,0.00936505813660376,0.00218897992580563,"Seagrass",5.54016620498615,"0-10cm"
"302","SJB17",1,50,0.722,50,18,1,"LOI alysis ","Y",2.1,2.90858725761773,58.9521166817033,2.372,1.893,0.0179954861625733,0.0142464265453705,0.7830108,0.0323516797589717,0.00256479340371042,"Seagrass",2.90858725761773,"0-10cm"
"303","SJB24",1,29.5,0.915254237,29.500000009287,1,14,"LOI alysis ","N",2,2.18518518587311,44.2899870757985,3.212,0.497,0.0376254794824854,0.00587898116913834,1.1894868,0,0,"Seagrass",30.5925926022236,"30-40cm"
"304","SJB24",1,29.5,0.915254237,29.500000009287,5,10,"LOI alysis ","N",2,2.18518518587311,44.2899870757985,2.39,0.805,0.0215756215589903,0.00719187385299677,0.791721,0.0206886490716701,0,"Seagrass",21.8518518587311,"20-30cm"
"305","SJB24",1,29.5,0.915254237,29.500000009287,8,7,"LOI alysis ","N",2,2.18518518587311,44.2899870757985,4.177,0.763,0.0448316229264603,0.00853935674789721,1.6564503,0,0,"Seagrass",15.2962963011118,"10-20cm"
"306","SJB24",1,29.5,0.915254237,29.500000009287,9,6,"LOI alysis ","Y",2,2.18518518587311,44.2899870757985,3.014,0.667,0.0280756460342133,0.00655098407464977,1.0936746,0,0.00529916614331657,"Seagrass",13.1111111152387,"10-20cm"
"307","SJB24",1,29.5,0.915254237,29.500000009287,10,5,"LOI alysis ","Y",2,2.18518518587311,44.2899870757985,4.336,0.505,0.042279623988042,0.00491623534744674,1.7333904,0,0.009731319163909,"Seagrass",10.9259259293656,"10-20cm"
"308","SJB24",1,29.5,0.915254237,29.500000009287,12,3,"LOI alysis ","Y",2,2.18518518587311,44.2899870757985,2.811,1.023,0.024354759872789,0.00869812852599607,0.9954429,0.00202754631303719,0.0152359493545378,"Seagrass",6.55555555761934,"0-10cm"
"309","SJB24",1,29.5,0.915254237,29.500000009287,13,2,"LOI alysis ","Y",2,2.18518518587311,44.2899870757985,3.507,1.636,0.0268952437931712,0.012294968591164,1.3322373,0.0236351389809279,0.0349266301964056,"Seagrass",4.37037037174623,"0-10cm"
"310","SJB24",1,29.5,0.915254237,29.500000009287,14,1,"LOI alysis ","Y",2.6,2.84074074163505,57.5769831985381,3.615,0.602,0.0436793291397014,0.00727988818995023,1.3844985,0.0203553561665203,0.00603018742407497,"Seagrass",2.84074074163505,"0-10cm"
"311","SJBA",1,39,0.928205128,39.0000000086188,18,1,"LOI alysis ","Y",1.9,2.04696132641922,41.4884245407981,1.642,0.87,0.0172697808588857,0.00971425173312323,0.4297638,0,0,"Control",2.04696132641922,"0-10cm"
"312","SJBA",1,39,0.928205128,39.0000000086188,17,2,"LOI alysis ","Y",2,2.15469613307286,43.672025832419,2.611,0.53,0.0356934209093377,0.00686411940564186,0.8986629,0,0,"Control",4.30939226614572,"0-10cm"
"313","SJBA",1,39,0.928205128,39.0000000086188,16,3,"LOI alysis ","Y",2,2.15469613307286,43.672025832419,1.159,0.642,0.0149167341698267,0.00745836708491336,0.1960401,0,0,"Control",6.46408839921858,"0-10cm"
"314","SJBA",1,39,0.928205128,39.0000000086188,14,5,"LOI alysis ","Y",2,2.15469613307286,43.672025832419,0.465,0.465,0.00684202288088473,0.00684202288088473,0.001,0,0,"Control",10.7734806653643,"10-20cm"
"315","SJBA",1,39,0.928205128,39.0000000086188,13,6,"LOI alysis ","Y",2,2.15469613307286,43.672025832419,0.368,0.557,0.00500430185763825,0.00750645278645737,0.001,0,0,"Control",12.9281767984372,"10-20cm"
"316","SJBA",1,39,0.928205128,39.0000000086188,12,7,"LOI alysis ","N",2,2.15469613307286,43.672025832419,3.279,0.491,0.0483657664085743,0.00732814642554155,1.2219081,0,0,"Control",15.08287293151,"10-20cm"
"317","SJBA",1,39,0.928205128,39.0000000086188,9,10,"LOI alysis ","N",2,2.15469613307286,43.672025832419,0.267,0.394,0.00467667794445172,0.0062355705926023,0.001,0,0,"Control",21.5469613307286,"20-30cm"
"318","SJBA",1,39,0.928205128,39.0000000086188,4,15,"LOI alysis ","N",2,2.15469613307286,43.672025832419,1.341,0.466,0.0154269234632087,0.0059334321012341,0.2841099,0,0,"Control",32.3204419960929,"30-40cm"
"319","SJBA",1,39,0.928205128,39.0000000086188,1,18,"LOI alysis ","N",2,2.15469613307286,43.672025832419,1.637,0.553,0.0175343365782577,0.00657537621684664,0.4273443,0,0,"Control",38.7845303953115,"30-40cm"
"320","SJBB",1,36,0.847222222,36.0000000094426,NA,NA,NA,NA,NA,NA,NA,NA,NA,NA,NA,NA,NA,NA,"Control",NA,NA
"321","SJBC",1,40,0.7475,40,14,1,"LOI alysis ","Y",4,5.35117056856187,108.459125960668,0.527,0.35,0.00448353235094615,0.00269011941056769,0.001,0.000569799908053944,0,"Control",5.35117056856187,"0-10cm"
"322","SJBC",1,40,0.7475,40,13,2,"LOI alysis ","Y",2,2.67558528428094,54.2295629803342,1.554,0.402,0.0147397094143995,0.00368492735359986,0.3871806,0.000291353998292955,0,"Control",5.35117056856187,"0-10cm"
"323","SJBC",1,40,0.7475,40,12,3,"LOI alysis ","Y",2,2.67558528428094,54.2295629803342,0.341,0.429,0.00293009921650342,0.00390679895533789,0.001,0,0,"Control",8.02675585284281,"0-10cm"
"324","SJBC",1,40,0.7475,40,10,5,"LOI alysis ","Y",2,2.67558528428094,54.2295629803342,0.31,0.461,0.00329034552730413,0.00548390921217354,0.001,0.00180897640712272,0,"Control",13.3779264214047,"10-20cm"
"325","SJBC",1,40,0.7475,40,9,6,"LOI alysis ","Y",2,2.67558528428094,54.2295629803342,0.658,0.369,0.00740265969219739,0.00423009125268423,0.001,0,0,"Control",16.0535117056856,"10-20cm"
"326","SJBC",1,40,0.7475,40,8,7,"LOI alysis ","N",2,2.67558528428094,54.2295629803342,0.367,0.438,0.00408020990470162,0.00408020990470162,0.001,0,0,"Control",18.7290969899666,"10-20cm"
"327","SJBC",1,40,0.7475,40,5,10,"LOI alysis ","N",2,2.67558528428094,54.2295629803342,0.344,0.463,0.00319264973724361,0.00532108289540602,0.001,0,0,"Control",26.7558528428094,"20-30cm"
"328","SJBC",1,40,0.7475,40,1,14,"LOI alysis ","N",2,2.67558528428094,54.2295629803342,0.637,0.504,0.00671943456620041,0.00559952880516701,0.001,0.000816897602808729,0,"Control",37.4581939799331,"30-40cm"
"329","SMAR03",1,50,0.94,50,1,22,"LOI alysis ","N",2,2.12765957446809,43.1240407742551,6.556,1.885,0.0498871618098538,0.0143614556725337,2.8076484,0,0,"Seagrass",46.8085106382979,"40-50cm"
"330","SMAR03",1,50,0.94,50,3,20,"LOI alysis ","N",2,2.12765957446809,43.1240407742551,2.595,0.953,0.0267946133816343,0.0103056205313978,0.8909205,0,0,"Seagrass",42.5531914893617,"40-50cm"
"331","SMAR03",1,50,0.94,50,8,15,"LOI alysis ","N",2,2.12765957446809,43.1240407742551,NA,0.833,NA,0.00604952586344238,NA,0,0,"Seagrass",31.9148936170213,"30-40cm"
"332","SMAR03",1,50,0.94,50,9,14,"LOI alysis ","N",2,2.12765957446809,43.1240407742551,2.756,0.892,0.0291355813936177,0.00936500830509141,0.9688284,0,0,"Seagrass",29.7872340425532,"20-30cm"
"333","SMAR03",1,50,0.94,50,13,10,"LOI alysis ","N",2,2.12765957446809,43.1240407742551,4.413,0.759,0.0484260742385422,0.00880474077064404,1.7706507,0,0,"Seagrass",21.2765957446809,"20-30cm"
"334","SMAR03",1,50,0.94,50,16,7,"LOI alysis ","N",2,2.12765957446809,43.1240407742551,4.894,1.241,0.0433504830817258,0.010616444836341,2.0034066,0,0,"Seagrass",14.8936170212766,"10-20cm"
"335","SMAR03",1,50,0.94,50,17,6,"LOI alysis ","Y",2,2.12765957446809,43.1240407742551,4.999,1.483,0.0357735493312349,0.0107320647993705,2.0542161,0,0,"Seagrass",12.7659574468085,"10-20cm"
"336","SMAR03",1,50,0.94,50,18,5,"LOI alysis ","Y",2,2.12765957446809,43.1240407742551,3.793,1.511,0.0293353307641624,0.0115797358279588,1.4706327,0.00408125019919449,0,"Seagrass",10.6382978723404,"10-20cm"
"337","SMAR03",1,50,0.94,50,20,3,"LOI alysis ","Y",2,2.12765957446809,43.1240407742551,4.127,1.783,0.0357223713812938,0.0156829923137388,1.6322553,0.00628419774989606,0,"Seagrass",6.38297872340426,"0-10cm"
"338","SMAR03",1,50,0.94,50,21,2,"LOI alysis ","Y",2,2.12765957446809,43.1240407742551,3.729,2.822,0.0341325621062565,0.0258300469993292,1.4396631,0.0336401685452923,0.00125452065782058,"Seagrass",4.25531914893617,"0-10cm"
"339","SMAR03",1,50,0.94,50,22,1,"LOI alysis ","Y",2.2,2.34042553191489,47.4364448516806,2.546,3.102,0.0213353889222612,0.0264558822636039,0.8672094,0.00331390770306495,0,"Seagrass",2.34042553191489,"0-10cm"
"340","SMAR03",1,50,0.94,50,8,15,"LOI analysis ","N",2,2.12765957446809,43.1240407742551,4.163,0.729,0.0317600107830725,0.00529333513051208,1.6496757,0,0,"Seagrass",31.9148936170213,"30-40cm"
"341","SMAR04",1,50,0.656,50,1,15,"LOI alysis ","N",2,3.04878048780488,61.79359501189,2.33,0.935,0.0167400035521636,0.00655043617258578,0.762687,0.000860930651303967,0,"Seagrass",45.7317073170732,"40-50cm"
"342","SMAR04",1,50,0.656,50,6,10,"LOI alysis ","N",2,3.04878048780488,61.79359501189,2.615,0.879,0.0199438145614099,0.00690362811741113,0.9005985,0,0,"Seagrass",30.4878048780488,"30-40cm"
"343","SMAR04",1,50,0.656,50,9,7,"LOI alysis ","N",2,3.04878048780488,61.79359501189,2.965,1.833,0.0214133843442091,0.0128480306065254,1.0699635,0.00868860275723872,0,"Seagrass",21.3414634146341,"20-30cm"
"344","SMAR04",1,50,0.656,50,10,6,"LOI alysis ","N",2,3.04878048780488,61.79359501189,3.116,2.027,0.0179612951760848,0.0115879323716676,1.1430324,0.00814162050133507,0,"Seagrass",18.2926829268293,"10-20cm"
"345","SMAR04",1,50,0.656,50,11,5,"LOI alysis ","N",2,3.04878048780488,61.79359501189,4.759,2.421,0.0225677758306774,0.0112838879153387,1.9380801,0.00557501145440257,0.000818855093157533,"Seagrass",15.2439024390244,"10-20cm"
"346","SMAR04",1,50,0.656,50,13,3,"LOI alysis ","N",2,3.04878048780488,61.79359501189,4.117,2.774,0.0191432785189531,0.0130734585007485,1.6274163,0.0287861549349529,0.000529181058226311,"Seagrass",9.14634146341463,"0-10cm"
"347","SMAR04",1,50,0.656,50,14,2,"LOI alysis ","N",2,3.04878048780488,61.79359501189,4.701,3.293,0.0204600492940527,0.0143655665256115,1.9100139,0.00712533394302889,0.000477395755892237,"Seagrass",6.09756097560976,"0-10cm"
"348","SMAR04",1,50,0.656,50,15,1,"LOI alysis ","N",2.7,4.11585365853659,83.4213532660515,5.26,4.519,0.0165966979171918,0.014091535967427,2.180514,0.00353266865691004,0.000535834031095619,"Seagrass",4.11585365853659,"0-10cm"
"349","SMAR12",1,50,0.826,50,1,19,"LOI alysis ","N",2,2.42130750605327,49.075784900484,2.66,0.708,0.0234559264275495,0.00608116611084618,0.922374,0,0,"Seagrass",46.0048426150121,"40-50cm"
"350","SMAR12",1,50,0.826,50,5,15,"LOI alysis ","N",2,2.42130750605327,49.075784900484,3.05,0.54,0.0321763575091476,0.00536272625152459,1.111095,0,0,"Seagrass",36.319612590799,"30-40cm"
"351","SMAR12",1,50,0.826,50,10,10,"LOI alysis ","N",2,2.42130750605327,49.075784900484,3.759,0.686,0.0400079591998667,0.00736988722102808,1.4541801,0,0,"Seagrass",24.2130750605327,"20-30cm"
"352","SMAR12",1,50,0.826,50,13,7,"LOI alysis ","N",2,2.42130750605327,49.075784900484,4.081,1.163,0.0418899260433372,0.0122604661590255,1.6099959,0,0,"Seagrass",16.9491525423729,"10-20cm"
"353","SMAR12",1,50,0.826,50,14,6,"LOI alysis ","Y",2,2.42130750605327,49.075784900484,8.275,1.32,0.0816896358994446,0.0127947622493106,3.6394725,0.0035292354539253,0,"Seagrass",14.5278450363196,"10-20cm"
"354","SMAR12",1,50,0.826,50,15,5,"LOI alysis ","Y",2,2.42130750605327,49.075784900484,3.653,1.46,0.0333820234016031,0.0135332527303796,1.4028867,0.00786334850848598,0.000623525432390959,"Seagrass",12.1065375302663,"10-20cm"
"355","SMAR12",1,50,0.826,50,17,3,"LOI alysis ","Y",2,2.42130750605327,49.075784900484,4.194,1.077,0.0429698272636125,0.0112540023785652,1.6646766,0.00261228628864447,0.0042363051435974,"Seagrass",7.26392251815981,"0-10cm"
"356","SMAR12",1,50,0.826,50,18,2,"LOI alysis ","Y",2,2.42130750605327,49.075784900484,3.329,1.14,0.0324964950277193,0.0108321650092398,1.2461031,0.00603556317235954,0.00240240681303575,"Seagrass",4.84261501210654,"0-10cm"
"357","SMAR12",1,50,0.826,50,19,1,"LOI alysis ","Y",1.9,2.30024213075061,46.6219956554598,2.967,1.505,0.0271925296670893,0.0135962648335447,1.0709313,0.010870405543025,0.00187036180614006,"Seagrass",2.30024213075061,"0-10cm"
"358","SMAR14",1,50,0.564,50,NA,NA,NA,NA,NA,NA,NA,NA,NA,NA,NA,NA,NA,NA,"Seagrass",NA,NA
"359","SMAR23",1,50,0.898,50,NA,NA,NA,NA,NA,NA,NA,NA,NA,NA,NA,NA,NA,NA,"Seagrass",NA,NA
"360","SMAR24",1,50,0.756,50,NA,NA,NA,NA,NA,NA,NA,NA,NA,NA,NA,NA,NA,NA,"Seagrass",NA,NA
"361","SMAR25",1,50,0.742,50,1,19,"LOI alysis ","N",2,2.69541778975741,54.6315341345011,2.19,2.293,0.0166012178564695,0.0173558186681272,0.694941,0,0,"Seagrass",51.2129380053908,"below50cm"
"362","SMAR25",1,50,0.742,50,5,15,"LOI alysis ","N",2,2.69541778975741,54.6315341345011,3.361,3.821,0.0254722116456397,0.0284689424274796,1.2615879,0.00308979058842499,0,"Seagrass",40.4312668463612,"40-50cm"
"363","SMAR25",1,50,0.742,50,10,10,"LOI alysis ","N",2,2.69541778975741,54.6315341345011,2.358,3.559,0.0196761086253507,0.0295141629380261,0.7762362,0.00746821421846798,0,"Seagrass",26.9541778975741,"20-30cm"
"364","SMAR25",1,50,0.742,50,13,7,"LOI alysis ","N",2,2.69541778975741,54.6315341345011,2.917,4.446,0.0204931825133016,0.0310931045029404,1.0467363,0.0432131375660765,0,"Seagrass",18.8679245283019,"10-20cm"
"365","SMAR25",1,50,0.742,50,14,6,"LOI alysis ","Y",2,2.69541778975741,54.6315341345011,3.415,4.008,0.0240706767773072,0.0283184432674202,1.2877185,0.00243632184430904,0,"Seagrass",16.1725067385445,"10-20cm"
"366","SMAR25",1,50,0.742,50,15,5,"LOI alysis ","Y",2,2.69541778975741,54.6315341345011,3.305,3.998,0.0245683929851855,0.0297798702850734,1.2344895,0.0043601191834291,0.00146435572911137,"Seagrass",13.4770889487871,"10-20cm"
"367","SMAR25",1,50,0.742,50,17,3,"LOI alysis ","Y",2,2.69541778975741,54.6315341345011,3.811,3.701,0.0248241610177214,0.0241708936225182,1.4793429,0.00533940707727233,0.0021709073684076,"Seagrass",8.08625336927224,"0-10cm"
"368","SMAR25",1,50,0.742,50,18,2,"LOI alysis ","Y",2,2.69541778975741,54.6315341345011,5.231,4.597,0.0297247372918723,0.0262949599120409,2.1664809,0.0128131126297245,0.00231734294131874,"Seagrass",5.39083557951482,"0-10cm"
"369","SMAR25",1,50,0.742,50,19,1,"LOI alysis ","Y",2.5,3.36927223719677,68.2894176681264,8.524,3.315,0.065668007622989,0.025494638253631,3.7599636,0.00842590286530682,0.00105140741350196,"Seagrass",3.36927223719677,"0-10cm"
"370","SMARA",1,34,0.829411765,33.9999999879433,1,12,"LOI alysis ","N",2,2.41134751687541,48.873912860158,2.15,5.755,0.0184829891272405,0.0510482556847595,0.675585,0.195410996196001,0,"Control",28.9361702025049,"20-30cm"
"371","SMARA",1,34,0.829411765,33.9999999879433,3,10,"LOI alysis ","N",2,2.41134751687541,48.873912860158,4.239,1.259,0.0415497733077031,0.012860644119051,1.6864521,0.00604207812959311,0,"Control",24.1134751687541,"20-30cm"
"372","SMARA",1,34,0.829411765,33.9999999879433,6,7,"LOI alysis ","N",2,2.41134751687541,48.873912860158,0.589,0.45,0.00764309583864967,0.00509539722576645,0.001,0,0,"Control",16.8794326181279,"10-20cm"
"373","SMARA",1,34,0.829411765,33.9999999879433,7,6,"LOI alysis ","Y",2,2.41134751687541,48.873912860158,0.794,0.438,0.00905857489386556,0.00452928744693278,0.0194166,0,0,"Control",14.4680851012525,"10-20cm"
"374","SMARA",1,34,0.829411765,33.9999999879433,8,5,"LOI alysis ","Y",2,2.41134751687541,48.873912860158,0.438,0.44,0.00521390625565674,0.00521390625565674,0.001,0,0,"Control",12.056737584377,"10-20cm"
"375","SMARA",1,34,0.829411765,33.9999999879433,10,3,"LOI alysis ","Y",2,2.41134751687541,48.873912860158,1.026,0.602,0.0108714438625016,0.00652286631750093,0.1316814,0,0,"Control",7.23404255062623,"0-10cm"
"376","SMARA",1,34,0.829411765,33.9999999879433,11,2,"LOI alysis ","Y",2,2.41134751687541,48.873912860158,1.556,0.714,0.017592698224515,0.0076968054732253,0.3881484,0,0,"Control",4.82269503375082,"0-10cm"
"377","SMARA",1,34,0.829411765,33.9999999879433,12,1,"LOI alysis ","Y",2.7,3.2553191477818,65.9797823612133,1.675,0.984,0.0152979892306125,0.00899881719447797,0.4457325,0,0,"Control",3.2553191477818,"0-10cm"
"378","SMARB",1,50,0.904,50,1,22,"LOI alysis ","N",2,2.21238938053097,44.841369831637,2.763,1.182,0.0250062833541913,0.0107169785803677,0.9722157,0,0,"Control",48.6725663716814,"40-50cm"
"379","SMARB",1,50,0.904,50,3,20,"LOI alysis ","N",2,2.21238938053097,44.841369831637,2.54,1.063,0.026042915378916,0.0114588827667231,0.864306,0,0,"Control",44.2477876106195,"40-50cm"
"380","SMARB",1,50,0.904,50,8,15,"LOI alysis ","N",2,2.21238938053097,44.841369831637,2.874,1.457,0.0243821498786735,0.0126114568337966,1.0259286,0.00147408520855142,0,"Control",33.1858407079646,"30-40cm"
"381","SMARB",1,50,0.904,50,13,10,"LOI alysis ","N",2,2.21238938053097,44.841369831637,3.189,1.179,0.0300679485274944,0.0112754806978104,1.1783571,0,0,"Control",22.1238938053097,"20-30cm"
"382","SMARB",1,50,0.904,50,16,5,"LOI alysis ","N",2,2.21238938053097,44.841369831637,4.211,0.973,0.0352043661004807,0.00838199192868589,1.6729029,0.000990157084110183,0,"Control",11.0619469026549,"10-20cm"
"383","SMARB",1,50,0.904,50,17,6,"LOI alysis ","Y",2,2.21238938053097,44.841369831637,2.49,1.083,0.0229258161349633,0.0100873590993839,0.840111,0,0,"Control",13.2743362831858,"10-20cm"
"384","SMARB",1,50,0.904,50,18,5,"LOI alysis ","Y",2,2.21238938053097,44.841369831637,4.629,1.317,0.033467978467981,0.00945834174095116,1.8751731,0.00341871804040746,0,"Control",11.0619469026549,"10-20cm"
"385","SMARB",1,50,0.904,50,20,3,"LOI alysis ","Y",2,2.21238938053097,44.841369831637,4.465,1.939,0.0275099758243707,0.0116153231258454,1.7958135,0,0,"Control",6.63716814159292,"0-10cm"
"386","SMARB",1,50,0.904,50,21,2,"LOI alysis ","Y",2,2.21238938053097,44.841369831637,4.927,2.076,0.0262246894868571,0.0112391526372245,2.0193753,0.000559750964215442,0,"Control",4.42477876106195,"0-10cm"
"387","SMARB",1,50,0.904,50,22,1,"LOI alysis ","Y",2.2,2.43362831858407,49.3255068148007,2.868,1.607,0.025700820566523,0.0141797630711851,1.0230252,0.00177190272627416,0,"Control",2.43362831858407,"0-10cm"
"388","SMARC",1,31.5,0.850793651,31.4999999923601,11,1,"LOI analysis ","N",3.4,3.99626865574717,80.9975686539998,1.081,3.711,0.0121477596963821,0.040860646251467,0.1582959,0.0138930096137451,0,"Control",3.99626865574717,"0-10cm"
"389","SMARC",1,31.5,0.850793651,31.4999999923601,10,2,"LOI analysis ","N",2,2.35074626808657,47.6456286199999,1.222,2.949,0.0131203641993212,0.0317075468150262,0.2265258,0.0144273466403895,0,"Control",4.70149253617314,"0-10cm"
"390","SMARC",1,31.5,0.850793651,31.4999999923601,9,3,"LOI analysis ","N",2,2.35074626808657,47.6456286199999,2.809,1.847,0.0331805465850521,0.0213303513761049,0.9944751,0.0102716663453689,0,"Control",7.05223880425972,"0-10cm"
"391","SMARC",1,31.5,0.850793651,31.4999999923601,7,5,"LOI analysis ","N",2,2.35074626808657,47.6456286199999,2.229,2.26,0.0252840823994149,0.0264333588721156,0.7138131,0.0192630473473225,0,"Control",11.7537313404329,"10-20cm"
"392","SMARC",1,31.5,0.850793651,31.4999999923601,6,6,"LOI analysis ","N",2,2.35074626808657,47.6456286199999,3.1,3.167,0.037753201124624,0.0389710463221926,1.13529,0.00805740234978982,0,"Control",14.1044776085194,"10-20cm"
"393","SMARC",1,31.5,0.850793651,31.4999999923601,5,7,"LOI analysis ","N",2,2.35074626808657,47.6456286199999,1.86,3.272,0.0235382349332513,0.040882197515647,0.535254,0.0081371578301993,0,"Control",16.455223876606,"10-20cm"
"394","SMARC",1,31.5,0.850793651,31.4999999923601,2,10,"LOI analysis ","N",2,2.35074626808657,47.6456286199999,2.078,4.53,0.0266986717741831,0.0572114395161066,0.6407442,0.00811407071744918,0,"Control",23.5074626808657,"20-30cm"
"395","SMARC",1,31.5,0.850793651,31.4999999923601,1,11,"LOI analysis ","N",2,2.35074626808657,47.6456286199999,4.112,3.853,0.0428022477416524,0.0407143332176694,1.6249968,0.0104332761346197,0,"Control",25.8582089489523,"20-30cm"
"396","STCH01",1,28,0.642857143,27.9999999937778,NA,NA,NA,NA,NA,NA,NA,NA,NA,NA,NA,NA,NA,NA,"Seagrass",NA,NA
"397","STCH02",1,50,0.54,50,NA,NA,NA,NA,NA,NA,NA,NA,NA,NA,NA,NA,NA,NA,"Seagrass",NA,NA
"398","STCH04",1,50,0.924,50,NA,NA,NA,NA,NA,NA,NA,NA,NA,NA,NA,NA,NA,NA,"Seagrass",NA,NA
"399","STCH05",1,50,0.76,50,NA,NA,NA,NA,NA,NA,NA,NA,NA,NA,NA,NA,NA,NA,"Seagrass",NA,NA
"400","STCH12",1,25,0.74,25,NA,NA,NA,NA,NA,NA,NA,NA,NA,NA,NA,NA,NA,NA,"Seagrass",NA,NA
"401","STCH21",1,44,0.836363636,44.0000000191304,NA,NA,NA,NA,NA,NA,NA,NA,NA,NA,NA,NA,NA,NA,"Seagrass",NA,NA
"402","STCHA",1,19,1,19,NA,NA,NA,NA,NA,NA,NA,NA,NA,NA,NA,NA,NA,NA,"Control",NA,NA
"403","STCHB",1,24.5,0.469387755,24.5000000053261,NA,NA,NA,NA,NA,NA,NA,NA,NA,NA,NA,NA,NA,NA,"Control",NA,NA
"404","STCHC",1,23,0.834782609,22.9999999916146,NA,NA,NA,NA,NA,NA,NA,NA,NA,NA,NA,NA,NA,NA,"Control",NA,NA
